<?xml version='1.0' encoding='utf-8'?>
<annotation>
    <folder>BrickRay</folder>
    <filename>00a0acf0-e4c9-11eb-b83c-b0c090bd3910.jpg</filename>
    <size>
        <width>600</width>
        <height>600</height>
        <depth>3</depth>
    </size>
    <object>
        <name>lego</name>
        <difficult>0</difficult>
        <bndbox>
            <xmin>410</xmin>
            <ymin>15</ymin>
            <xmax>531</xmax>
            <ymax>57</ymax>
        </bndbox>
    </object>
    <object>
        <name>lego</name>
        <difficult>0</difficult>
        <bndbox>
            <xmin>160</xmin>
            <ymin>46</ymin>
            <xmax>252</xmax>
            <ymax>600</ymax>
        </bndbox>
    </object>
    <object>
        <name>lego</name>
        <difficult>0</difficult>
        <bndbox>
            <xmin>357</xmin>
            <ymin>0</ymin>
            <xmax>508</xmax>
            <ymax>253</ymax>
        </bndbox>
    </object>
    <object>
        <name>lego</name>
        <difficult>0</difficult>
        <bndbox>
            <xmin>70</xmin>
            <ymin>17</ymin>
            <xmax>485</xmax>
            <ymax>85</ymax>
        </bndbox>
    </object>
</annotation>