<?xml version='1.0' encoding='utf-8'?>
<annotation>
    <folder>BrickRay</folder>
    <filename>00a11f9c-e4ef-11eb-a825-b0c090bd3910.jpg</filename>
    <size>
        <width>600</width>
        <height>600</height>
        <depth>3</depth>
    </size>
    <object>
        <name>lego</name>
        <difficult>0</difficult>
        <bndbox>
            <xmin>404</xmin>
            <ymin>105</ymin>
            <xmax>599</xmax>
            <ymax>377</ymax>
        </bndbox>
    </object>
    <object>
        <name>lego</name>
        <difficult>0</difficult>
        <bndbox>
            <xmin>429</xmin>
            <ymin>45</ymin>
            <xmax>593</xmax>
            <ymax>167</ymax>
        </bndbox>
    </object>
    <object>
        <name>lego</name>
        <difficult>0</difficult>
        <bndbox>
            <xmin>0</xmin>
            <ymin>274</ymin>
            <xmax>277</xmax>
            <ymax>554</ymax>
        </bndbox>
    </object>
    <object>
        <name>lego</name>
        <difficult>0</difficult>
        <bndbox>
            <xmin>247</xmin>
            <ymin>30</ymin>
            <xmax>385</xmax>
            <ymax>139</ymax>
        </bndbox>
    </object>
</annotation>