<?xml version='1.0' encoding='utf-8'?>
<annotation>
    <folder>BrickRay</folder>
    <filename>00a2c458-dabb-11eb-b9bf-3497f683a169.jpg</filename>
    <size>
        <width>600</width>
        <height>600</height>
        <depth>3</depth>
    </size>
    <object>
        <name>lego</name>
        <difficult>0</difficult>
        <bndbox>
            <xmin>197</xmin>
            <ymin>161</ymin>
            <xmax>273</xmax>
            <ymax>215</ymax>
        </bndbox>
    </object>
    <object>
        <name>lego</name>
        <difficult>0</difficult>
        <bndbox>
            <xmin>164</xmin>
            <ymin>523</ymin>
            <xmax>236</xmax>
            <ymax>600</ymax>
        </bndbox>
    </object>
    <object>
        <name>lego</name>
        <difficult>0</difficult>
        <bndbox>
            <xmin>127</xmin>
            <ymin>0</ymin>
            <xmax>228</xmax>
            <ymax>151</ymax>
        </bndbox>
    </object>
    <object>
        <name>lego</name>
        <difficult>0</difficult>
        <bndbox>
            <xmin>421</xmin>
            <ymin>223</ymin>
            <xmax>480</xmax>
            <ymax>281</ymax>
        </bndbox>
    </object>
</annotation>