<?xml version='1.0' encoding='utf-8'?>
<annotation>
    <folder>BrickRay</folder>
    <filename>00a2fb00-e3aa-11eb-b593-b0c090bd3910.jpg</filename>
    <size>
        <width>600</width>
        <height>600</height>
        <depth>3</depth>
    </size>
    <object>
        <name>lego</name>
        <difficult>0</difficult>
        <bndbox>
            <xmin>320</xmin>
            <ymin>0</ymin>
            <xmax>399</xmax>
            <ymax>73</ymax>
        </bndbox>
    </object>
    <object>
        <name>lego</name>
        <difficult>0</difficult>
        <bndbox>
            <xmin>99</xmin>
            <ymin>264</ymin>
            <xmax>438</xmax>
            <ymax>586</ymax>
        </bndbox>
    </object>
    <object>
        <name>lego</name>
        <difficult>0</difficult>
        <bndbox>
            <xmin>454</xmin>
            <ymin>255</ymin>
            <xmax>504</xmax>
            <ymax>311</ymax>
        </bndbox>
    </object>
    <object>
        <name>lego</name>
        <difficult>0</difficult>
        <bndbox>
            <xmin>398</xmin>
            <ymin>513</ymin>
            <xmax>494</xmax>
            <ymax>600</ymax>
        </bndbox>
    </object>
</annotation>