<?xml version='1.0' encoding='utf-8'?>
<annotation>
    <folder>BrickRay</folder>
    <filename>00a36fc6-e3c6-11eb-b2a2-b0c090bd3910.jpg</filename>
    <size>
        <width>600</width>
        <height>600</height>
        <depth>3</depth>
    </size>
    <object>
        <name>lego</name>
        <difficult>0</difficult>
        <bndbox>
            <xmin>365</xmin>
            <ymin>321</ymin>
            <xmax>543</xmax>
            <ymax>600</ymax>
        </bndbox>
    </object>
    <object>
        <name>lego</name>
        <difficult>0</difficult>
        <bndbox>
            <xmin>286</xmin>
            <ymin>0</ymin>
            <xmax>337</xmax>
            <ymax>46</ymax>
        </bndbox>
    </object>
    <object>
        <name>lego</name>
        <difficult>0</difficult>
        <bndbox>
            <xmin>333</xmin>
            <ymin>266</ymin>
            <xmax>436</xmax>
            <ymax>437</ymax>
        </bndbox>
    </object>
    <object>
        <name>lego</name>
        <difficult>0</difficult>
        <bndbox>
            <xmin>48</xmin>
            <ymin>313</ymin>
            <xmax>289</xmax>
            <ymax>596</ymax>
        </bndbox>
    </object>
</annotation>