<?xml version='1.0' encoding='utf-8'?>
<annotation>
    <folder>BrickRay</folder>
    <filename>00a3ba70-da9e-11eb-ac77-3497f683a169.jpg</filename>
    <size>
        <width>600</width>
        <height>600</height>
        <depth>3</depth>
    </size>
    <object>
        <name>lego</name>
        <difficult>0</difficult>
        <bndbox>
            <xmin>281</xmin>
            <ymin>11</ymin>
            <xmax>445</xmax>
            <ymax>112</ymax>
        </bndbox>
    </object>
    <object>
        <name>lego</name>
        <difficult>0</difficult>
        <bndbox>
            <xmin>50</xmin>
            <ymin>47</ymin>
            <xmax>150</xmax>
            <ymax>244</ymax>
        </bndbox>
    </object>
    <object>
        <name>lego</name>
        <difficult>0</difficult>
        <bndbox>
            <xmin>383</xmin>
            <ymin>499</ymin>
            <xmax>486</xmax>
            <ymax>599</ymax>
        </bndbox>
    </object>
    <object>
        <name>lego</name>
        <difficult>0</difficult>
        <bndbox>
            <xmin>399</xmin>
            <ymin>0</ymin>
            <xmax>567</xmax>
            <ymax>145</ymax>
        </bndbox>
    </object>
</annotation>