<?xml version='1.0' encoding='utf-8'?>
<annotation>
    <folder>BrickRay</folder>
    <filename>00a313cc-da5d-11eb-bdc7-3497f683a169.jpg</filename>
    <size>
        <width>600</width>
        <height>600</height>
        <depth>3</depth>
    </size>
    <object>
        <name>lego</name>
        <difficult>0</difficult>
        <bndbox>
            <xmin>173</xmin>
            <ymin>278</ymin>
            <xmax>293</xmax>
            <ymax>600</ymax>
        </bndbox>
    </object>
    <object>
        <name>lego</name>
        <difficult>0</difficult>
        <bndbox>
            <xmin>297</xmin>
            <ymin>0</ymin>
            <xmax>548</xmax>
            <ymax>214</ymax>
        </bndbox>
    </object>
    <object>
        <name>lego</name>
        <difficult>0</difficult>
        <bndbox>
            <xmin>179</xmin>
            <ymin>185</ymin>
            <xmax>215</xmax>
            <ymax>217</ymax>
        </bndbox>
    </object>
    <object>
        <name>lego</name>
        <difficult>0</difficult>
        <bndbox>
            <xmin>62</xmin>
            <ymin>271</ymin>
            <xmax>270</xmax>
            <ymax>410</ymax>
        </bndbox>
    </object>
</annotation>