<?xml version='1.0' encoding='utf-8'?>
<annotation>
    <folder>BrickRay</folder>
    <filename>00a41722-e5d3-11eb-a65a-b0c090bd3910.jpg</filename>
    <size>
        <width>300</width>
        <height>300</height>
        <depth>3</depth>
    </size>
    <object>
        <name>lego</name>
        <difficult>0</difficult>
        <bndbox>
            <xmin>17</xmin>
            <ymin>93</ymin>
            <xmax>171</xmax>
            <ymax>299</ymax>
        </bndbox>
    </object>
    <object>
        <name>lego</name>
        <difficult>0</difficult>
        <bndbox>
            <xmin>205</xmin>
            <ymin>0</ymin>
            <xmax>291</xmax>
            <ymax>125</ymax>
        </bndbox>
    </object>
</annotation>