<?xml version='1.0' encoding='utf-8'?>
<annotation>
    <folder>BrickRay</folder>
    <filename>00a44ad0-e3d4-11eb-a159-b0c090bd3910.jpg</filename>
    <size>
        <width>600</width>
        <height>600</height>
        <depth>3</depth>
    </size>
    <object>
        <name>lego</name>
        <difficult>0</difficult>
        <bndbox>
            <xmin>27</xmin>
            <ymin>0</ymin>
            <xmax>108</xmax>
            <ymax>67</ymax>
        </bndbox>
    </object>
    <object>
        <name>lego</name>
        <difficult>0</difficult>
        <bndbox>
            <xmin>424</xmin>
            <ymin>40</ymin>
            <xmax>569</xmax>
            <ymax>162</ymax>
        </bndbox>
    </object>
    <object>
        <name>lego</name>
        <difficult>0</difficult>
        <bndbox>
            <xmin>380</xmin>
            <ymin>444</ymin>
            <xmax>546</xmax>
            <ymax>600</ymax>
        </bndbox>
    </object>
    <object>
        <name>lego</name>
        <difficult>0</difficult>
        <bndbox>
            <xmin>34</xmin>
            <ymin>111</ymin>
            <xmax>172</xmax>
            <ymax>202</ymax>
        </bndbox>
    </object>
</annotation>