<?xml version='1.0' encoding='utf-8'?>
<annotation>
    <folder>BrickRay</folder>
    <filename>00a49a92-e78f-11eb-8601-b0c090bd3910.jpg</filename>
    <size>
        <width>300</width>
        <height>300</height>
        <depth>3</depth>
    </size>
    <object>
        <name>lego</name>
        <difficult>0</difficult>
        <bndbox>
            <xmin>37</xmin>
            <ymin>6</ymin>
            <xmax>300</xmax>
            <ymax>145</ymax>
        </bndbox>
    </object>
    <object>
        <name>lego</name>
        <difficult>0</difficult>
        <bndbox>
            <xmin>0</xmin>
            <ymin>245</ymin>
            <xmax>94</xmax>
            <ymax>291</ymax>
        </bndbox>
    </object>
</annotation>