<?xml version='1.0' encoding='utf-8'?>
<annotation>
    <folder>BrickRay</folder>
    <filename>00a50a34-e5d2-11eb-8699-b0c090bd3910.jpg</filename>
    <size>
        <width>300</width>
        <height>300</height>
        <depth>3</depth>
    </size>
    <object>
        <name>lego</name>
        <difficult>0</difficult>
        <bndbox>
            <xmin>0</xmin>
            <ymin>23</ymin>
            <xmax>256</xmax>
            <ymax>143</ymax>
        </bndbox>
    </object>
    <object>
        <name>lego</name>
        <difficult>0</difficult>
        <bndbox>
            <xmin>83</xmin>
            <ymin>67</ymin>
            <xmax>299</xmax>
            <ymax>261</ymax>
        </bndbox>
    </object>
</annotation>