<?xml version='1.0' encoding='utf-8'?>
<annotation>
    <folder>BrickRay</folder>
    <filename>00a5fab6-e4e8-11eb-aaa3-b0c090bd3910.jpg</filename>
    <size>
        <width>600</width>
        <height>600</height>
        <depth>3</depth>
    </size>
    <object>
        <name>lego</name>
        <difficult>0</difficult>
        <bndbox>
            <xmin>217</xmin>
            <ymin>417</ymin>
            <xmax>318</xmax>
            <ymax>552</ymax>
        </bndbox>
    </object>
    <object>
        <name>lego</name>
        <difficult>0</difficult>
        <bndbox>
            <xmin>196</xmin>
            <ymin>67</ymin>
            <xmax>336</xmax>
            <ymax>224</ymax>
        </bndbox>
    </object>
    <object>
        <name>lego</name>
        <difficult>0</difficult>
        <bndbox>
            <xmin>105</xmin>
            <ymin>0</ymin>
            <xmax>181</xmax>
            <ymax>96</ymax>
        </bndbox>
    </object>
    <object>
        <name>lego</name>
        <difficult>0</difficult>
        <bndbox>
            <xmin>390</xmin>
            <ymin>526</ymin>
            <xmax>475</xmax>
            <ymax>599</ymax>
        </bndbox>
    </object>
</annotation>