<?xml version='1.0' encoding='utf-8'?>
<annotation>
    <folder>BrickRay</folder>
    <filename>00a5df64-e4dc-11eb-8208-b0c090bd3910.jpg</filename>
    <size>
        <width>600</width>
        <height>600</height>
        <depth>3</depth>
    </size>
    <object>
        <name>lego</name>
        <difficult>0</difficult>
        <bndbox>
            <xmin>206</xmin>
            <ymin>150</ymin>
            <xmax>263</xmax>
            <ymax>209</ymax>
        </bndbox>
    </object>
    <object>
        <name>lego</name>
        <difficult>0</difficult>
        <bndbox>
            <xmin>59</xmin>
            <ymin>1</ymin>
            <xmax>186</xmax>
            <ymax>120</ymax>
        </bndbox>
    </object>
    <object>
        <name>lego</name>
        <difficult>0</difficult>
        <bndbox>
            <xmin>0</xmin>
            <ymin>334</ymin>
            <xmax>310</xmax>
            <ymax>598</ymax>
        </bndbox>
    </object>
    <object>
        <name>lego</name>
        <difficult>0</difficult>
        <bndbox>
            <xmin>431</xmin>
            <ymin>114</ymin>
            <xmax>599</xmax>
            <ymax>317</ymax>
        </bndbox>
    </object>
</annotation>