<?xml version='1.0' encoding='utf-8'?>
<annotation>
    <folder>BrickRay</folder>
    <filename>00a544d0-e5bf-11eb-8b3b-b0c090bd3910.jpg</filename>
    <size>
        <width>300</width>
        <height>300</height>
        <depth>3</depth>
    </size>
    <object>
        <name>lego</name>
        <difficult>0</difficult>
        <bndbox>
            <xmin>124</xmin>
            <ymin>110</ymin>
            <xmax>236</xmax>
            <ymax>214</ymax>
        </bndbox>
    </object>
    <object>
        <name>lego</name>
        <difficult>0</difficult>
        <bndbox>
            <xmin>61</xmin>
            <ymin>0</ymin>
            <xmax>237</xmax>
            <ymax>299</ymax>
        </bndbox>
    </object>
</annotation>