<?xml version='1.0' encoding='utf-8'?>
<annotation>
    <folder>BrickRay</folder>
    <filename>00a6fb5e-e602-11eb-a495-b0c090bd3910.jpg</filename>
    <size>
        <width>300</width>
        <height>300</height>
        <depth>3</depth>
    </size>
    <object>
        <name>lego</name>
        <difficult>0</difficult>
        <bndbox>
            <xmin>199</xmin>
            <ymin>103</ymin>
            <xmax>299</xmax>
            <ymax>234</ymax>
        </bndbox>
    </object>
    <object>
        <name>lego</name>
        <difficult>0</difficult>
        <bndbox>
            <xmin>0</xmin>
            <ymin>51</ymin>
            <xmax>80</xmax>
            <ymax>137</ymax>
        </bndbox>
    </object>
</annotation>