<?xml version='1.0' encoding='utf-8'?>
<annotation>
    <folder>BrickRay</folder>
    <filename>00a6989e-d960-11eb-b9a1-b0c090bd3910.jpg</filename>
    <size>
        <width>600</width>
        <height>600</height>
        <depth>3</depth>
    </size>
    <object>
        <name>lego</name>
        <difficult>0</difficult>
        <bndbox>
            <xmin>465</xmin>
            <ymin>0</ymin>
            <xmax>540</xmax>
            <ymax>137</ymax>
        </bndbox>
    </object>
    <object>
        <name>lego</name>
        <difficult>0</difficult>
        <bndbox>
            <xmin>114</xmin>
            <ymin>315</ymin>
            <xmax>166</xmax>
            <ymax>393</ymax>
        </bndbox>
    </object>
    <object>
        <name>lego</name>
        <difficult>0</difficult>
        <bndbox>
            <xmin>55</xmin>
            <ymin>404</ymin>
            <xmax>124</xmax>
            <ymax>476</ymax>
        </bndbox>
    </object>
    <object>
        <name>lego</name>
        <difficult>0</difficult>
        <bndbox>
            <xmin>217</xmin>
            <ymin>492</ymin>
            <xmax>291</xmax>
            <ymax>600</ymax>
        </bndbox>
    </object>
</annotation>