<?xml version='1.0' encoding='utf-8'?>
<annotation>
    <folder>BrickRay</folder>
    <filename>00a698ba-e2fb-11eb-95e0-b0c090bd3910.jpg</filename>
    <size>
        <width>600</width>
        <height>600</height>
        <depth>3</depth>
    </size>
    <object>
        <name>lego</name>
        <difficult>0</difficult>
        <bndbox>
            <xmin>323</xmin>
            <ymin>1</ymin>
            <xmax>600</xmax>
            <ymax>228</ymax>
        </bndbox>
    </object>
    <object>
        <name>lego</name>
        <difficult>0</difficult>
        <bndbox>
            <xmin>0</xmin>
            <ymin>43</ymin>
            <xmax>86</xmax>
            <ymax>199</ymax>
        </bndbox>
    </object>
    <object>
        <name>lego</name>
        <difficult>0</difficult>
        <bndbox>
            <xmin>498</xmin>
            <ymin>515</ymin>
            <xmax>584</xmax>
            <ymax>597</ymax>
        </bndbox>
    </object>
    <object>
        <name>lego</name>
        <difficult>0</difficult>
        <bndbox>
            <xmin>276</xmin>
            <ymin>138</ymin>
            <xmax>397</xmax>
            <ymax>269</ymax>
        </bndbox>
    </object>
</annotation>