<?xml version='1.0' encoding='utf-8'?>
<annotation>
    <folder>BrickRay</folder>
    <filename>00a7f412-d93d-11eb-9024-b0c090bd3910.jpg</filename>
    <size>
        <width>600</width>
        <height>600</height>
        <depth>3</depth>
    </size>
    <object>
        <name>lego</name>
        <difficult>0</difficult>
        <bndbox>
            <xmin>0</xmin>
            <ymin>407</ymin>
            <xmax>41</xmax>
            <ymax>479</ymax>
        </bndbox>
    </object>
    <object>
        <name>lego</name>
        <difficult>0</difficult>
        <bndbox>
            <xmin>79</xmin>
            <ymin>96</ymin>
            <xmax>174</xmax>
            <ymax>156</ymax>
        </bndbox>
    </object>
    <object>
        <name>lego</name>
        <difficult>0</difficult>
        <bndbox>
            <xmin>530</xmin>
            <ymin>441</ymin>
            <xmax>600</xmax>
            <ymax>476</ymax>
        </bndbox>
    </object>
    <object>
        <name>lego</name>
        <difficult>0</difficult>
        <bndbox>
            <xmin>102</xmin>
            <ymin>205</ymin>
            <xmax>208</xmax>
            <ymax>279</ymax>
        </bndbox>
    </object>
</annotation>