<?xml version='1.0' encoding='utf-8'?>
<annotation>
    <folder>BrickRay</folder>
    <filename>00a71f0a-e7af-11eb-b417-b0c090bd3910.jpg</filename>
    <size>
        <width>300</width>
        <height>300</height>
        <depth>3</depth>
    </size>
    <object>
        <name>lego</name>
        <difficult>0</difficult>
        <bndbox>
            <xmin>0</xmin>
            <ymin>30</ymin>
            <xmax>106</xmax>
            <ymax>118</ymax>
        </bndbox>
    </object>
    <object>
        <name>lego</name>
        <difficult>0</difficult>
        <bndbox>
            <xmin>238</xmin>
            <ymin>151</ymin>
            <xmax>300</xmax>
            <ymax>259</ymax>
        </bndbox>
    </object>
</annotation>