<?xml version='1.0' encoding='utf-8'?>
<annotation>
    <folder>BrickRay</folder>
    <filename>00a75754-e2e3-11eb-9e41-b0c090bd3910.jpg</filename>
    <size>
        <width>600</width>
        <height>600</height>
        <depth>3</depth>
    </size>
    <object>
        <name>lego</name>
        <difficult>0</difficult>
        <bndbox>
            <xmin>177</xmin>
            <ymin>221</ymin>
            <xmax>288</xmax>
            <ymax>319</ymax>
        </bndbox>
    </object>
    <object>
        <name>lego</name>
        <difficult>0</difficult>
        <bndbox>
            <xmin>171</xmin>
            <ymin>459</ymin>
            <xmax>202</xmax>
            <ymax>512</ymax>
        </bndbox>
    </object>
    <object>
        <name>lego</name>
        <difficult>0</difficult>
        <bndbox>
            <xmin>489</xmin>
            <ymin>73</ymin>
            <xmax>599</xmax>
            <ymax>195</ymax>
        </bndbox>
    </object>
    <object>
        <name>lego</name>
        <difficult>0</difficult>
        <bndbox>
            <xmin>0</xmin>
            <ymin>246</ymin>
            <xmax>75</xmax>
            <ymax>336</ymax>
        </bndbox>
    </object>
</annotation>