<?xml version='1.0' encoding='utf-8'?>
<annotation>
    <folder>BrickRay</folder>
    <filename>00a7637a-e2d0-11eb-bcdb-b0c090bd3910.jpg</filename>
    <size>
        <width>600</width>
        <height>600</height>
        <depth>3</depth>
    </size>
    <object>
        <name>lego</name>
        <difficult>0</difficult>
        <bndbox>
            <xmin>510</xmin>
            <ymin>107</ymin>
            <xmax>600</xmax>
            <ymax>163</ymax>
        </bndbox>
    </object>
    <object>
        <name>lego</name>
        <difficult>0</difficult>
        <bndbox>
            <xmin>0</xmin>
            <ymin>98</ymin>
            <xmax>64</xmax>
            <ymax>182</ymax>
        </bndbox>
    </object>
    <object>
        <name>lego</name>
        <difficult>0</difficult>
        <bndbox>
            <xmin>151</xmin>
            <ymin>160</ymin>
            <xmax>193</xmax>
            <ymax>274</ymax>
        </bndbox>
    </object>
    <object>
        <name>lego</name>
        <difficult>0</difficult>
        <bndbox>
            <xmin>387</xmin>
            <ymin>368</ymin>
            <xmax>593</xmax>
            <ymax>493</ymax>
        </bndbox>
    </object>
</annotation>