<?xml version='1.0' encoding='utf-8'?>
<annotation>
    <folder>BrickRay</folder>
    <filename>00a786f4-d95a-11eb-85b8-b0c090bd3910.jpg</filename>
    <size>
        <width>600</width>
        <height>600</height>
        <depth>3</depth>
    </size>
    <object>
        <name>lego</name>
        <difficult>0</difficult>
        <bndbox>
            <xmin>93</xmin>
            <ymin>201</ymin>
            <xmax>249</xmax>
            <ymax>599</ymax>
        </bndbox>
    </object>
    <object>
        <name>lego</name>
        <difficult>0</difficult>
        <bndbox>
            <xmin>240</xmin>
            <ymin>226</ymin>
            <xmax>316</xmax>
            <ymax>372</ymax>
        </bndbox>
    </object>
    <object>
        <name>lego</name>
        <difficult>0</difficult>
        <bndbox>
            <xmin>428</xmin>
            <ymin>0</ymin>
            <xmax>536</xmax>
            <ymax>90</ymax>
        </bndbox>
    </object>
    <object>
        <name>lego</name>
        <difficult>0</difficult>
        <bndbox>
            <xmin>313</xmin>
            <ymin>395</ymin>
            <xmax>399</xmax>
            <ymax>491</ymax>
        </bndbox>
    </object>
</annotation>