<?xml version='1.0' encoding='utf-8'?>
<annotation>
    <folder>BrickRay</folder>
    <filename>00a89df6-e5d8-11eb-8978-b0c090bd3910.jpg</filename>
    <size>
        <width>300</width>
        <height>300</height>
        <depth>3</depth>
    </size>
    <object>
        <name>lego</name>
        <difficult>0</difficult>
        <bndbox>
            <xmin>0</xmin>
            <ymin>5</ymin>
            <xmax>300</xmax>
            <ymax>295</ymax>
        </bndbox>
    </object>
    <object>
        <name>lego</name>
        <difficult>0</difficult>
        <bndbox>
            <xmin>70</xmin>
            <ymin>163</ymin>
            <xmax>256</xmax>
            <ymax>290</ymax>
        </bndbox>
    </object>
</annotation>