<?xml version='1.0' encoding='utf-8'?>
<annotation>
    <folder>BrickRay</folder>
    <filename>00a8a2cc-e49a-11eb-ba8b-b0c090bd3910.jpg</filename>
    <size>
        <width>600</width>
        <height>600</height>
        <depth>3</depth>
    </size>
    <object>
        <name>lego</name>
        <difficult>0</difficult>
        <bndbox>
            <xmin>517</xmin>
            <ymin>168</ymin>
            <xmax>599</xmax>
            <ymax>246</ymax>
        </bndbox>
    </object>
    <object>
        <name>lego</name>
        <difficult>0</difficult>
        <bndbox>
            <xmin>0</xmin>
            <ymin>242</ymin>
            <xmax>169</xmax>
            <ymax>407</ymax>
        </bndbox>
    </object>
    <object>
        <name>lego</name>
        <difficult>0</difficult>
        <bndbox>
            <xmin>412</xmin>
            <ymin>261</ymin>
            <xmax>515</xmax>
            <ymax>361</ymax>
        </bndbox>
    </object>
    <object>
        <name>lego</name>
        <difficult>0</difficult>
        <bndbox>
            <xmin>143</xmin>
            <ymin>297</ymin>
            <xmax>272</xmax>
            <ymax>423</ymax>
        </bndbox>
    </object>
</annotation>