<?xml version='1.0' encoding='utf-8'?>
<annotation>
    <folder>BrickRay</folder>
    <filename>00a8e7e2-db02-11eb-ac3e-3497f683a169.jpg</filename>
    <size>
        <width>600</width>
        <height>600</height>
        <depth>3</depth>
    </size>
    <object>
        <name>lego</name>
        <difficult>0</difficult>
        <bndbox>
            <xmin>117</xmin>
            <ymin>488</ymin>
            <xmax>162</xmax>
            <ymax>534</ymax>
        </bndbox>
    </object>
    <object>
        <name>lego</name>
        <difficult>0</difficult>
        <bndbox>
            <xmin>0</xmin>
            <ymin>136</ymin>
            <xmax>75</xmax>
            <ymax>191</ymax>
        </bndbox>
    </object>
    <object>
        <name>lego</name>
        <difficult>0</difficult>
        <bndbox>
            <xmin>115</xmin>
            <ymin>163</ymin>
            <xmax>173</xmax>
            <ymax>302</ymax>
        </bndbox>
    </object>
    <object>
        <name>lego</name>
        <difficult>0</difficult>
        <bndbox>
            <xmin>217</xmin>
            <ymin>49</ymin>
            <xmax>600</xmax>
            <ymax>294</ymax>
        </bndbox>
    </object>
</annotation>