<?xml version='1.0' encoding='utf-8'?>
<annotation>
    <folder>BrickRay</folder>
    <filename>00a9b6be-d9d7-11eb-acbb-3497f683a169.jpg</filename>
    <size>
        <width>600</width>
        <height>600</height>
        <depth>3</depth>
    </size>
    <object>
        <name>lego</name>
        <difficult>0</difficult>
        <bndbox>
            <xmin>0</xmin>
            <ymin>186</ymin>
            <xmax>128</xmax>
            <ymax>246</ymax>
        </bndbox>
    </object>
    <object>
        <name>lego</name>
        <difficult>0</difficult>
        <bndbox>
            <xmin>444</xmin>
            <ymin>268</ymin>
            <xmax>491</xmax>
            <ymax>308</ymax>
        </bndbox>
    </object>
    <object>
        <name>lego</name>
        <difficult>0</difficult>
        <bndbox>
            <xmin>12</xmin>
            <ymin>248</ymin>
            <xmax>53</xmax>
            <ymax>282</ymax>
        </bndbox>
    </object>
    <object>
        <name>lego</name>
        <difficult>0</difficult>
        <bndbox>
            <xmin>427</xmin>
            <ymin>276</ymin>
            <xmax>600</xmax>
            <ymax>377</ymax>
        </bndbox>
    </object>
</annotation>