<?xml version='1.0' encoding='utf-8'?>
<annotation>
    <folder>BrickRay</folder>
    <filename>00a95974-d96a-11eb-96f5-b0c090bd3910.jpg</filename>
    <size>
        <width>600</width>
        <height>600</height>
        <depth>3</depth>
    </size>
    <object>
        <name>lego</name>
        <difficult>0</difficult>
        <bndbox>
            <xmin>0</xmin>
            <ymin>237</ymin>
            <xmax>122</xmax>
            <ymax>340</ymax>
        </bndbox>
    </object>
    <object>
        <name>lego</name>
        <difficult>0</difficult>
        <bndbox>
            <xmin>299</xmin>
            <ymin>19</ymin>
            <xmax>382</xmax>
            <ymax>65</ymax>
        </bndbox>
    </object>
    <object>
        <name>lego</name>
        <difficult>0</difficult>
        <bndbox>
            <xmin>526</xmin>
            <ymin>164</ymin>
            <xmax>600</xmax>
            <ymax>231</ymax>
        </bndbox>
    </object>
    <object>
        <name>lego</name>
        <difficult>0</difficult>
        <bndbox>
            <xmin>216</xmin>
            <ymin>237</ymin>
            <xmax>584</xmax>
            <ymax>566</ymax>
        </bndbox>
    </object>
</annotation>