<?xml version='1.0' encoding='utf-8'?>
<annotation>
    <folder>BrickRay</folder>
    <filename>00aa7492-da1f-11eb-8bc2-3497f683a169.jpg</filename>
    <size>
        <width>600</width>
        <height>600</height>
        <depth>3</depth>
    </size>
    <object>
        <name>lego</name>
        <difficult>0</difficult>
        <bndbox>
            <xmin>488</xmin>
            <ymin>302</ymin>
            <xmax>600</xmax>
            <ymax>394</ymax>
        </bndbox>
    </object>
    <object>
        <name>lego</name>
        <difficult>0</difficult>
        <bndbox>
            <xmin>58</xmin>
            <ymin>180</ymin>
            <xmax>100</xmax>
            <ymax>221</ymax>
        </bndbox>
    </object>
    <object>
        <name>lego</name>
        <difficult>0</difficult>
        <bndbox>
            <xmin>248</xmin>
            <ymin>185</ymin>
            <xmax>327</xmax>
            <ymax>264</ymax>
        </bndbox>
    </object>
    <object>
        <name>lego</name>
        <difficult>0</difficult>
        <bndbox>
            <xmin>0</xmin>
            <ymin>192</ymin>
            <xmax>91</xmax>
            <ymax>267</ymax>
        </bndbox>
    </object>
</annotation>