<?xml version='1.0' encoding='utf-8'?>
<annotation>
    <folder>BrickRay</folder>
    <filename>00ab6734-d96f-11eb-9bd0-b0c090bd3910.jpg</filename>
    <size>
        <width>600</width>
        <height>600</height>
        <depth>3</depth>
    </size>
    <object>
        <name>lego</name>
        <difficult>0</difficult>
        <bndbox>
            <xmin>40</xmin>
            <ymin>526</ymin>
            <xmax>190</xmax>
            <ymax>600</ymax>
        </bndbox>
    </object>
    <object>
        <name>lego</name>
        <difficult>0</difficult>
        <bndbox>
            <xmin>220</xmin>
            <ymin>0</ymin>
            <xmax>396</xmax>
            <ymax>152</ymax>
        </bndbox>
    </object>
    <object>
        <name>lego</name>
        <difficult>0</difficult>
        <bndbox>
            <xmin>306</xmin>
            <ymin>139</ymin>
            <xmax>438</xmax>
            <ymax>216</ymax>
        </bndbox>
    </object>
    <object>
        <name>lego</name>
        <difficult>0</difficult>
        <bndbox>
            <xmin>469</xmin>
            <ymin>113</ymin>
            <xmax>563</xmax>
            <ymax>189</ymax>
        </bndbox>
    </object>
</annotation>