<?xml version='1.0' encoding='utf-8'?>
<annotation>
    <folder>BrickRay</folder>
    <filename>00abb026-e7bf-11eb-8d04-b0c090bd3910.jpg</filename>
    <size>
        <width>300</width>
        <height>300</height>
        <depth>3</depth>
    </size>
    <object>
        <name>lego</name>
        <difficult>0</difficult>
        <bndbox>
            <xmin>183</xmin>
            <ymin>53</ymin>
            <xmax>261</xmax>
            <ymax>106</ymax>
        </bndbox>
    </object>
    <object>
        <name>lego</name>
        <difficult>0</difficult>
        <bndbox>
            <xmin>0</xmin>
            <ymin>138</ymin>
            <xmax>300</xmax>
            <ymax>221</ymax>
        </bndbox>
    </object>
</annotation>