<?xml version='1.0' encoding='utf-8'?>
<annotation>
    <folder>BrickRay</folder>
    <filename>00ab1c4a-e5cb-11eb-85ff-b0c090bd3910.jpg</filename>
    <size>
        <width>300</width>
        <height>300</height>
        <depth>3</depth>
    </size>
    <object>
        <name>lego</name>
        <difficult>0</difficult>
        <bndbox>
            <xmin>6</xmin>
            <ymin>38</ymin>
            <xmax>278</xmax>
            <ymax>287</ymax>
        </bndbox>
    </object>
    <object>
        <name>lego</name>
        <difficult>0</difficult>
        <bndbox>
            <xmin>0</xmin>
            <ymin>8</ymin>
            <xmax>299</xmax>
            <ymax>229</ymax>
        </bndbox>
    </object>
</annotation>