<?xml version='1.0' encoding='utf-8'?>
<annotation>
    <folder>BrickRay</folder>
    <filename>0a0062ba-e7d2-11eb-bf2f-b0c090bd3910.jpg</filename>
    <size>
        <width>300</width>
        <height>300</height>
        <depth>3</depth>
    </size>
    <object>
        <name>lego</name>
        <difficult>0</difficult>
        <bndbox>
            <xmin>24</xmin>
            <ymin>0</ymin>
            <xmax>159</xmax>
            <ymax>230</ymax>
        </bndbox>
    </object>
    <object>
        <name>lego</name>
        <difficult>0</difficult>
        <bndbox>
            <xmin>103</xmin>
            <ymin>142</ymin>
            <xmax>269</xmax>
            <ymax>299</ymax>
        </bndbox>
    </object>
</annotation>