<?xml version='1.0' encoding='utf-8'?>
<annotation>
    <folder>BrickRay</folder>
    <filename>0a009ac0-e5de-11eb-87aa-b0c090bd3910.jpg</filename>
    <size>
        <width>300</width>
        <height>300</height>
        <depth>3</depth>
    </size>
    <object>
        <name>lego</name>
        <difficult>0</difficult>
        <bndbox>
            <xmin>144</xmin>
            <ymin>220</ymin>
            <xmax>226</xmax>
            <ymax>300</ymax>
        </bndbox>
    </object>
    <object>
        <name>lego</name>
        <difficult>0</difficult>
        <bndbox>
            <xmin>42</xmin>
            <ymin>0</ymin>
            <xmax>258</xmax>
            <ymax>147</ymax>
        </bndbox>
    </object>
</annotation>