<?xml version='1.0' encoding='utf-8'?>
<annotation>
    <folder>BrickRay</folder>
    <filename>0a00baa8-e2d2-11eb-bad7-b0c090bd3910.jpg</filename>
    <size>
        <width>600</width>
        <height>600</height>
        <depth>3</depth>
    </size>
    <object>
        <name>lego</name>
        <difficult>0</difficult>
        <bndbox>
            <xmin>515</xmin>
            <ymin>117</ymin>
            <xmax>577</xmax>
            <ymax>176</ymax>
        </bndbox>
    </object>
    <object>
        <name>lego</name>
        <difficult>0</difficult>
        <bndbox>
            <xmin>29</xmin>
            <ymin>514</ymin>
            <xmax>126</xmax>
            <ymax>600</ymax>
        </bndbox>
    </object>
    <object>
        <name>lego</name>
        <difficult>0</difficult>
        <bndbox>
            <xmin>122</xmin>
            <ymin>242</ymin>
            <xmax>191</xmax>
            <ymax>314</ymax>
        </bndbox>
    </object>
    <object>
        <name>lego</name>
        <difficult>0</difficult>
        <bndbox>
            <xmin>77</xmin>
            <ymin>0</ymin>
            <xmax>262</xmax>
            <ymax>119</ymax>
        </bndbox>
    </object>
</annotation>