<?xml version='1.0' encoding='utf-8'?>
<annotation>
    <folder>BrickRay</folder>
    <filename>0a02a3dc-e7b6-11eb-8ea7-b0c090bd3910.jpg</filename>
    <size>
        <width>300</width>
        <height>300</height>
        <depth>3</depth>
    </size>
    <object>
        <name>lego</name>
        <difficult>0</difficult>
        <bndbox>
            <xmin>119</xmin>
            <ymin>0</ymin>
            <xmax>274</xmax>
            <ymax>77</ymax>
        </bndbox>
    </object>
    <object>
        <name>lego</name>
        <difficult>0</difficult>
        <bndbox>
            <xmin>30</xmin>
            <ymin>150</ymin>
            <xmax>159</xmax>
            <ymax>299</ymax>
        </bndbox>
    </object>
</annotation>