<?xml version='1.0' encoding='utf-8'?>
<annotation>
    <folder>BrickRay</folder>
    <filename>0a035c3a-d95e-11eb-9d90-b0c090bd3910.jpg</filename>
    <size>
        <width>600</width>
        <height>600</height>
        <depth>3</depth>
    </size>
    <object>
        <name>lego</name>
        <difficult>0</difficult>
        <bndbox>
            <xmin>320</xmin>
            <ymin>56</ymin>
            <xmax>388</xmax>
            <ymax>117</ymax>
        </bndbox>
    </object>
    <object>
        <name>lego</name>
        <difficult>0</difficult>
        <bndbox>
            <xmin>293</xmin>
            <ymin>25</ymin>
            <xmax>380</xmax>
            <ymax>163</ymax>
        </bndbox>
    </object>
    <object>
        <name>lego</name>
        <difficult>0</difficult>
        <bndbox>
            <xmin>524</xmin>
            <ymin>457</ymin>
            <xmax>599</xmax>
            <ymax>567</ymax>
        </bndbox>
    </object>
    <object>
        <name>lego</name>
        <difficult>0</difficult>
        <bndbox>
            <xmin>0</xmin>
            <ymin>260</ymin>
            <xmax>148</xmax>
            <ymax>499</ymax>
        </bndbox>
    </object>
</annotation>