<?xml version='1.0' encoding='utf-8'?>
<annotation>
    <folder>BrickRay</folder>
    <filename>0a037f52-e4ae-11eb-a682-b0c090bd3910.jpg</filename>
    <size>
        <width>600</width>
        <height>600</height>
        <depth>3</depth>
    </size>
    <object>
        <name>lego</name>
        <difficult>0</difficult>
        <bndbox>
            <xmin>58</xmin>
            <ymin>520</ymin>
            <xmax>113</xmax>
            <ymax>579</ymax>
        </bndbox>
    </object>
    <object>
        <name>lego</name>
        <difficult>0</difficult>
        <bndbox>
            <xmin>467</xmin>
            <ymin>282</ymin>
            <xmax>566</xmax>
            <ymax>409</ymax>
        </bndbox>
    </object>
    <object>
        <name>lego</name>
        <difficult>0</difficult>
        <bndbox>
            <xmin>0</xmin>
            <ymin>281</ymin>
            <xmax>112</xmax>
            <ymax>385</ymax>
        </bndbox>
    </object>
    <object>
        <name>lego</name>
        <difficult>0</difficult>
        <bndbox>
            <xmin>371</xmin>
            <ymin>16</ymin>
            <xmax>600</xmax>
            <ymax>89</ymax>
        </bndbox>
    </object>
</annotation>