<?xml version='1.0' encoding='utf-8'?>
<annotation>
    <folder>BrickRay</folder>
    <filename>0a043e8c-e7be-11eb-80df-b0c090bd3910.jpg</filename>
    <size>
        <width>300</width>
        <height>300</height>
        <depth>3</depth>
    </size>
    <object>
        <name>lego</name>
        <difficult>0</difficult>
        <bndbox>
            <xmin>183</xmin>
            <ymin>255</ymin>
            <xmax>222</xmax>
            <ymax>300</ymax>
        </bndbox>
    </object>
    <object>
        <name>lego</name>
        <difficult>0</difficult>
        <bndbox>
            <xmin>85</xmin>
            <ymin>0</ymin>
            <xmax>212</xmax>
            <ymax>183</ymax>
        </bndbox>
    </object>
</annotation>