<?xml version='1.0' encoding='utf-8'?>
<annotation>
    <folder>BrickRay</folder>
    <filename>0a054fe6-e5d2-11eb-940e-b0c090bd3910.jpg</filename>
    <size>
        <width>300</width>
        <height>300</height>
        <depth>3</depth>
    </size>
    <object>
        <name>lego</name>
        <difficult>0</difficult>
        <bndbox>
            <xmin>1</xmin>
            <ymin>35</ymin>
            <xmax>74</xmax>
            <ymax>277</ymax>
        </bndbox>
    </object>
    <object>
        <name>lego</name>
        <difficult>0</difficult>
        <bndbox>
            <xmin>66</xmin>
            <ymin>0</ymin>
            <xmax>298</xmax>
            <ymax>300</ymax>
        </bndbox>
    </object>
</annotation>