<?xml version='1.0' encoding='utf-8'?>
<annotation>
    <folder>BrickRay</folder>
    <filename>0a05330c-d9dd-11eb-b8e7-3497f683a169.jpg</filename>
    <size>
        <width>600</width>
        <height>600</height>
        <depth>3</depth>
    </size>
    <object>
        <name>lego</name>
        <difficult>0</difficult>
        <bndbox>
            <xmin>371</xmin>
            <ymin>182</ymin>
            <xmax>423</xmax>
            <ymax>225</ymax>
        </bndbox>
    </object>
    <object>
        <name>lego</name>
        <difficult>0</difficult>
        <bndbox>
            <xmin>167</xmin>
            <ymin>53</ymin>
            <xmax>233</xmax>
            <ymax>104</ymax>
        </bndbox>
    </object>
    <object>
        <name>lego</name>
        <difficult>0</difficult>
        <bndbox>
            <xmin>545</xmin>
            <ymin>223</ymin>
            <xmax>599</xmax>
            <ymax>270</ymax>
        </bndbox>
    </object>
    <object>
        <name>lego</name>
        <difficult>0</difficult>
        <bndbox>
            <xmin>0</xmin>
            <ymin>405</ymin>
            <xmax>126</xmax>
            <ymax>525</ymax>
        </bndbox>
    </object>
</annotation>