<?xml version='1.0' encoding='utf-8'?>
<annotation>
    <folder>BrickRay</folder>
    <filename>0a071f9c-e3c7-11eb-8fa8-b0c090bd3910.jpg</filename>
    <size>
        <width>600</width>
        <height>600</height>
        <depth>3</depth>
    </size>
    <object>
        <name>lego</name>
        <difficult>0</difficult>
        <bndbox>
            <xmin>310</xmin>
            <ymin>230</ymin>
            <xmax>580</xmax>
            <ymax>600</ymax>
        </bndbox>
    </object>
    <object>
        <name>lego</name>
        <difficult>0</difficult>
        <bndbox>
            <xmin>31</xmin>
            <ymin>0</ymin>
            <xmax>195</xmax>
            <ymax>161</ymax>
        </bndbox>
    </object>
    <object>
        <name>lego</name>
        <difficult>0</difficult>
        <bndbox>
            <xmin>18</xmin>
            <ymin>434</ymin>
            <xmax>162</xmax>
            <ymax>546</ymax>
        </bndbox>
    </object>
    <object>
        <name>lego</name>
        <difficult>0</difficult>
        <bndbox>
            <xmin>314</xmin>
            <ymin>406</ymin>
            <xmax>408</xmax>
            <ymax>495</ymax>
        </bndbox>
    </object>
</annotation>