<?xml version='1.0' encoding='utf-8'?>
<annotation>
    <folder>BrickRay</folder>
    <filename>0a07ff2c-e7af-11eb-97c8-b0c090bd3910.jpg</filename>
    <size>
        <width>300</width>
        <height>300</height>
        <depth>3</depth>
    </size>
    <object>
        <name>lego</name>
        <difficult>0</difficult>
        <bndbox>
            <xmin>59</xmin>
            <ymin>59</ymin>
            <xmax>299</xmax>
            <ymax>289</ymax>
        </bndbox>
    </object>
    <object>
        <name>lego</name>
        <difficult>0</difficult>
        <bndbox>
            <xmin>0</xmin>
            <ymin>5</ymin>
            <xmax>89</xmax>
            <ymax>70</ymax>
        </bndbox>
    </object>
</annotation>