<?xml version='1.0' encoding='utf-8'?>
<annotation>
    <folder>BrickRay</folder>
    <filename>0a08c07e-db1b-11eb-869d-3497f683a169.jpg</filename>
    <size>
        <width>600</width>
        <height>600</height>
        <depth>3</depth>
    </size>
    <object>
        <name>lego</name>
        <difficult>0</difficult>
        <bndbox>
            <xmin>448</xmin>
            <ymin>183</ymin>
            <xmax>600</xmax>
            <ymax>320</ymax>
        </bndbox>
    </object>
    <object>
        <name>lego</name>
        <difficult>0</difficult>
        <bndbox>
            <xmin>305</xmin>
            <ymin>40</ymin>
            <xmax>348</xmax>
            <ymax>84</ymax>
        </bndbox>
    </object>
    <object>
        <name>lego</name>
        <difficult>0</difficult>
        <bndbox>
            <xmin>474</xmin>
            <ymin>392</ymin>
            <xmax>583</xmax>
            <ymax>532</ymax>
        </bndbox>
    </object>
    <object>
        <name>lego</name>
        <difficult>0</difficult>
        <bndbox>
            <xmin>0</xmin>
            <ymin>218</ymin>
            <xmax>87</xmax>
            <ymax>308</ymax>
        </bndbox>
    </object>
</annotation>