<?xml version='1.0' encoding='utf-8'?>
<annotation>
    <folder>BrickRay</folder>
    <filename>0a090b0a-da86-11eb-bf7d-3497f683a169.jpg</filename>
    <size>
        <width>600</width>
        <height>600</height>
        <depth>3</depth>
    </size>
    <object>
        <name>lego</name>
        <difficult>0</difficult>
        <bndbox>
            <xmin>179</xmin>
            <ymin>483</ymin>
            <xmax>244</xmax>
            <ymax>518</ymax>
        </bndbox>
    </object>
    <object>
        <name>lego</name>
        <difficult>0</difficult>
        <bndbox>
            <xmin>0</xmin>
            <ymin>70</ymin>
            <xmax>97</xmax>
            <ymax>141</ymax>
        </bndbox>
    </object>
    <object>
        <name>lego</name>
        <difficult>0</difficult>
        <bndbox>
            <xmin>303</xmin>
            <ymin>279</ymin>
            <xmax>374</xmax>
            <ymax>350</ymax>
        </bndbox>
    </object>
    <object>
        <name>lego</name>
        <difficult>0</difficult>
        <bndbox>
            <xmin>146</xmin>
            <ymin>105</ymin>
            <xmax>599</xmax>
            <ymax>251</ymax>
        </bndbox>
    </object>
</annotation>