<?xml version='1.0' encoding='utf-8'?>
<annotation>
    <folder>BrickRay</folder>
    <filename>0a09eb90-da63-11eb-89ae-3497f683a169.jpg</filename>
    <size>
        <width>600</width>
        <height>600</height>
        <depth>3</depth>
    </size>
    <object>
        <name>lego</name>
        <difficult>0</difficult>
        <bndbox>
            <xmin>401</xmin>
            <ymin>353</ymin>
            <xmax>600</xmax>
            <ymax>556</ymax>
        </bndbox>
    </object>
    <object>
        <name>lego</name>
        <difficult>0</difficult>
        <bndbox>
            <xmin>0</xmin>
            <ymin>43</ymin>
            <xmax>190</xmax>
            <ymax>267</ymax>
        </bndbox>
    </object>
    <object>
        <name>lego</name>
        <difficult>0</difficult>
        <bndbox>
            <xmin>49</xmin>
            <ymin>141</ymin>
            <xmax>150</xmax>
            <ymax>290</ymax>
        </bndbox>
    </object>
    <object>
        <name>lego</name>
        <difficult>0</difficult>
        <bndbox>
            <xmin>318</xmin>
            <ymin>84</ymin>
            <xmax>382</xmax>
            <ymax>131</ymax>
        </bndbox>
    </object>
</annotation>