<?xml version='1.0' encoding='utf-8'?>
<annotation>
    <folder>BrickRay</folder>
    <filename>0a0ac086-d9cd-11eb-a101-3497f683a169.jpg</filename>
    <size>
        <width>600</width>
        <height>600</height>
        <depth>3</depth>
    </size>
    <object>
        <name>lego</name>
        <difficult>0</difficult>
        <bndbox>
            <xmin>254</xmin>
            <ymin>0</ymin>
            <xmax>278</xmax>
            <ymax>73</ymax>
        </bndbox>
    </object>
    <object>
        <name>lego</name>
        <difficult>0</difficult>
        <bndbox>
            <xmin>109</xmin>
            <ymin>293</ymin>
            <xmax>149</xmax>
            <ymax>330</ymax>
        </bndbox>
    </object>
    <object>
        <name>lego</name>
        <difficult>0</difficult>
        <bndbox>
            <xmin>364</xmin>
            <ymin>433</ymin>
            <xmax>476</xmax>
            <ymax>600</ymax>
        </bndbox>
    </object>
    <object>
        <name>lego</name>
        <difficult>0</difficult>
        <bndbox>
            <xmin>328</xmin>
            <ymin>207</ymin>
            <xmax>392</xmax>
            <ymax>273</ymax>
        </bndbox>
    </object>
</annotation>