<?xml version='1.0' encoding='utf-8'?>
<annotation>
    <folder>BrickRay</folder>
    <filename>0a0abab6-daf8-11eb-a7fc-3497f683a169.jpg</filename>
    <size>
        <width>600</width>
        <height>600</height>
        <depth>3</depth>
    </size>
    <object>
        <name>lego</name>
        <difficult>0</difficult>
        <bndbox>
            <xmin>95</xmin>
            <ymin>327</ymin>
            <xmax>168</xmax>
            <ymax>394</ymax>
        </bndbox>
    </object>
    <object>
        <name>lego</name>
        <difficult>0</difficult>
        <bndbox>
            <xmin>349</xmin>
            <ymin>157</ymin>
            <xmax>600</xmax>
            <ymax>413</ymax>
        </bndbox>
    </object>
    <object>
        <name>lego</name>
        <difficult>0</difficult>
        <bndbox>
            <xmin>307</xmin>
            <ymin>171</ymin>
            <xmax>349</xmax>
            <ymax>201</ymax>
        </bndbox>
    </object>
    <object>
        <name>lego</name>
        <difficult>0</difficult>
        <bndbox>
            <xmin>0</xmin>
            <ymin>148</ymin>
            <xmax>119</xmax>
            <ymax>245</ymax>
        </bndbox>
    </object>
</annotation>