<?xml version='1.0' encoding='utf-8'?>
<annotation>
    <folder>BrickRay</folder>
    <filename>0a0c073e-e49e-11eb-bb05-b0c090bd3910.jpg</filename>
    <size>
        <width>600</width>
        <height>600</height>
        <depth>3</depth>
    </size>
    <object>
        <name>lego</name>
        <difficult>0</difficult>
        <bndbox>
            <xmin>304</xmin>
            <ymin>0</ymin>
            <xmax>403</xmax>
            <ymax>87</ymax>
        </bndbox>
    </object>
    <object>
        <name>lego</name>
        <difficult>0</difficult>
        <bndbox>
            <xmin>8</xmin>
            <ymin>450</ymin>
            <xmax>185</xmax>
            <ymax>599</ymax>
        </bndbox>
    </object>
    <object>
        <name>lego</name>
        <difficult>0</difficult>
        <bndbox>
            <xmin>149</xmin>
            <ymin>197</ymin>
            <xmax>322</xmax>
            <ymax>322</ymax>
        </bndbox>
    </object>
    <object>
        <name>lego</name>
        <difficult>0</difficult>
        <bndbox>
            <xmin>528</xmin>
            <ymin>71</ymin>
            <xmax>595</xmax>
            <ymax>116</ymax>
        </bndbox>
    </object>
</annotation>