<?xml version='1.0' encoding='utf-8'?>
<annotation>
    <folder>BrickRay</folder>
    <filename>0a0c4ec8-da27-11eb-a01e-3497f683a169.jpg</filename>
    <size>
        <width>600</width>
        <height>600</height>
        <depth>3</depth>
    </size>
    <object>
        <name>lego</name>
        <difficult>0</difficult>
        <bndbox>
            <xmin>0</xmin>
            <ymin>81</ymin>
            <xmax>169</xmax>
            <ymax>167</ymax>
        </bndbox>
    </object>
    <object>
        <name>lego</name>
        <difficult>0</difficult>
        <bndbox>
            <xmin>525</xmin>
            <ymin>47</ymin>
            <xmax>600</xmax>
            <ymax>83</ymax>
        </bndbox>
    </object>
    <object>
        <name>lego</name>
        <difficult>0</difficult>
        <bndbox>
            <xmin>319</xmin>
            <ymin>291</ymin>
            <xmax>377</xmax>
            <ymax>381</ymax>
        </bndbox>
    </object>
    <object>
        <name>lego</name>
        <difficult>0</difficult>
        <bndbox>
            <xmin>350</xmin>
            <ymin>316</ymin>
            <xmax>446</xmax>
            <ymax>526</ymax>
        </bndbox>
    </object>
</annotation>