<?xml version='1.0' encoding='utf-8'?>
<annotation>
    <folder>BrickRay</folder>
    <filename>0a0ea726-e66f-11eb-9abe-b0c090bd3910.jpg</filename>
    <size>
        <width>300</width>
        <height>300</height>
        <depth>3</depth>
    </size>
    <object>
        <name>lego</name>
        <difficult>0</difficult>
        <bndbox>
            <xmin>110</xmin>
            <ymin>172</ymin>
            <xmax>234</xmax>
            <ymax>299</ymax>
        </bndbox>
    </object>
    <object>
        <name>lego</name>
        <difficult>0</difficult>
        <bndbox>
            <xmin>61</xmin>
            <ymin>0</ymin>
            <xmax>151</xmax>
            <ymax>122</ymax>
        </bndbox>
    </object>
</annotation>