<?xml version='1.0' encoding='utf-8'?>
<annotation>
    <folder>BrickRay</folder>
    <filename>0a0e20d4-e454-11eb-8121-b0c090bd3910.jpg</filename>
    <size>
        <width>600</width>
        <height>600</height>
        <depth>3</depth>
    </size>
    <object>
        <name>lego</name>
        <difficult>0</difficult>
        <bndbox>
            <xmin>219</xmin>
            <ymin>217</ymin>
            <xmax>284</xmax>
            <ymax>283</ymax>
        </bndbox>
    </object>
    <object>
        <name>lego</name>
        <difficult>0</difficult>
        <bndbox>
            <xmin>369</xmin>
            <ymin>112</ymin>
            <xmax>459</xmax>
            <ymax>265</ymax>
        </bndbox>
    </object>
    <object>
        <name>lego</name>
        <difficult>0</difficult>
        <bndbox>
            <xmin>0</xmin>
            <ymin>139</ymin>
            <xmax>457</xmax>
            <ymax>468</ymax>
        </bndbox>
    </object>
    <object>
        <name>lego</name>
        <difficult>0</difficult>
        <bndbox>
            <xmin>524</xmin>
            <ymin>107</ymin>
            <xmax>600</xmax>
            <ymax>142</ymax>
        </bndbox>
    </object>
</annotation>