<?xml version='1.0' encoding='utf-8'?>
<annotation>
    <folder>BrickRay</folder>
    <filename>0a0ee012-e666-11eb-bf3b-b0c090bd3910.jpg</filename>
    <size>
        <width>300</width>
        <height>300</height>
        <depth>3</depth>
    </size>
    <object>
        <name>lego</name>
        <difficult>0</difficult>
        <bndbox>
            <xmin>66</xmin>
            <ymin>0</ymin>
            <xmax>125</xmax>
            <ymax>122</ymax>
        </bndbox>
    </object>
    <object>
        <name>lego</name>
        <difficult>0</difficult>
        <bndbox>
            <xmin>9</xmin>
            <ymin>13</ymin>
            <xmax>285</xmax>
            <ymax>299</ymax>
        </bndbox>
    </object>
</annotation>