<?xml version='1.0' encoding='utf-8'?>
<annotation>
    <folder>BrickRay</folder>
    <filename>0a0f6fc6-e3dd-11eb-ac8a-b0c090bd3910.jpg</filename>
    <size>
        <width>600</width>
        <height>600</height>
        <depth>3</depth>
    </size>
    <object>
        <name>lego</name>
        <difficult>0</difficult>
        <bndbox>
            <xmin>92</xmin>
            <ymin>136</ymin>
            <xmax>241</xmax>
            <ymax>258</ymax>
        </bndbox>
    </object>
    <object>
        <name>lego</name>
        <difficult>0</difficult>
        <bndbox>
            <xmin>137</xmin>
            <ymin>151</ymin>
            <xmax>600</xmax>
            <ymax>438</ymax>
        </bndbox>
    </object>
    <object>
        <name>lego</name>
        <difficult>0</difficult>
        <bndbox>
            <xmin>0</xmin>
            <ymin>134</ymin>
            <xmax>136</xmax>
            <ymax>233</ymax>
        </bndbox>
    </object>
    <object>
        <name>lego</name>
        <difficult>0</difficult>
        <bndbox>
            <xmin>190</xmin>
            <ymin>285</ymin>
            <xmax>285</xmax>
            <ymax>395</ymax>
        </bndbox>
    </object>
</annotation>