<?xml version='1.0' encoding='utf-8'?>
<annotation>
    <folder>BrickRay</folder>
    <filename>0a0f0062-da76-11eb-8721-3497f683a169.jpg</filename>
    <size>
        <width>600</width>
        <height>600</height>
        <depth>3</depth>
    </size>
    <object>
        <name>lego</name>
        <difficult>0</difficult>
        <bndbox>
            <xmin>0</xmin>
            <ymin>279</ymin>
            <xmax>249</xmax>
            <ymax>444</ymax>
        </bndbox>
    </object>
    <object>
        <name>lego</name>
        <difficult>0</difficult>
        <bndbox>
            <xmin>541</xmin>
            <ymin>116</ymin>
            <xmax>600</xmax>
            <ymax>146</ymax>
        </bndbox>
    </object>
    <object>
        <name>lego</name>
        <difficult>0</difficult>
        <bndbox>
            <xmin>276</xmin>
            <ymin>215</ymin>
            <xmax>363</xmax>
            <ymax>335</ymax>
        </bndbox>
    </object>
    <object>
        <name>lego</name>
        <difficult>0</difficult>
        <bndbox>
            <xmin>62</xmin>
            <ymin>307</ymin>
            <xmax>105</xmax>
            <ymax>390</ymax>
        </bndbox>
    </object>
</annotation>