<?xml version='1.0' encoding='utf-8'?>
<annotation>
    <folder>BrickRay</folder>
    <filename>0a1065fa-e2ce-11eb-b270-b0c090bd3910.jpg</filename>
    <size>
        <width>600</width>
        <height>600</height>
        <depth>3</depth>
    </size>
    <object>
        <name>lego</name>
        <difficult>0</difficult>
        <bndbox>
            <xmin>0</xmin>
            <ymin>282</ymin>
            <xmax>160</xmax>
            <ymax>442</ymax>
        </bndbox>
    </object>
    <object>
        <name>lego</name>
        <difficult>0</difficult>
        <bndbox>
            <xmin>523</xmin>
            <ymin>113</ymin>
            <xmax>600</xmax>
            <ymax>182</ymax>
        </bndbox>
    </object>
    <object>
        <name>lego</name>
        <difficult>0</difficult>
        <bndbox>
            <xmin>127</xmin>
            <ymin>187</ymin>
            <xmax>224</xmax>
            <ymax>294</ymax>
        </bndbox>
    </object>
    <object>
        <name>lego</name>
        <difficult>0</difficult>
        <bndbox>
            <xmin>365</xmin>
            <ymin>251</ymin>
            <xmax>429</xmax>
            <ymax>328</ymax>
        </bndbox>
    </object>
</annotation>