<?xml version='1.0' encoding='utf-8'?>
<annotation>
    <folder>BrickRay</folder>
    <filename>0a11efae-e7a0-11eb-9f1d-b0c090bd3910.jpg</filename>
    <size>
        <width>300</width>
        <height>300</height>
        <depth>3</depth>
    </size>
    <object>
        <name>lego</name>
        <difficult>0</difficult>
        <bndbox>
            <xmin>0</xmin>
            <ymin>91</ymin>
            <xmax>98</xmax>
            <ymax>189</ymax>
        </bndbox>
    </object>
    <object>
        <name>lego</name>
        <difficult>0</difficult>
        <bndbox>
            <xmin>50</xmin>
            <ymin>41</ymin>
            <xmax>299</xmax>
            <ymax>239</ymax>
        </bndbox>
    </object>
</annotation>