<?xml version='1.0' encoding='utf-8'?>
<annotation>
    <folder>BrickRay</folder>
    <filename>0a111a48-dab5-11eb-8e4b-3497f683a169.jpg</filename>
    <size>
        <width>600</width>
        <height>600</height>
        <depth>3</depth>
    </size>
    <object>
        <name>lego</name>
        <difficult>0</difficult>
        <bndbox>
            <xmin>516</xmin>
            <ymin>271</ymin>
            <xmax>577</xmax>
            <ymax>381</ymax>
        </bndbox>
    </object>
    <object>
        <name>lego</name>
        <difficult>0</difficult>
        <bndbox>
            <xmin>27</xmin>
            <ymin>443</ymin>
            <xmax>187</xmax>
            <ymax>600</ymax>
        </bndbox>
    </object>
    <object>
        <name>lego</name>
        <difficult>0</difficult>
        <bndbox>
            <xmin>287</xmin>
            <ymin>128</ymin>
            <xmax>419</xmax>
            <ymax>340</ymax>
        </bndbox>
    </object>
    <object>
        <name>lego</name>
        <difficult>0</difficult>
        <bndbox>
            <xmin>359</xmin>
            <ymin>0</ymin>
            <xmax>467</xmax>
            <ymax>180</ymax>
        </bndbox>
    </object>
</annotation>