<?xml version='1.0' encoding='utf-8'?>
<annotation>
    <folder>BrickRay</folder>
    <filename>0a12bf94-e456-11eb-b0da-b0c090bd3910.jpg</filename>
    <size>
        <width>600</width>
        <height>600</height>
        <depth>3</depth>
    </size>
    <object>
        <name>lego</name>
        <difficult>0</difficult>
        <bndbox>
            <xmin>505</xmin>
            <ymin>196</ymin>
            <xmax>599</xmax>
            <ymax>428</ymax>
        </bndbox>
    </object>
    <object>
        <name>lego</name>
        <difficult>0</difficult>
        <bndbox>
            <xmin>149</xmin>
            <ymin>355</ymin>
            <xmax>309</xmax>
            <ymax>528</ymax>
        </bndbox>
    </object>
    <object>
        <name>lego</name>
        <difficult>0</difficult>
        <bndbox>
            <xmin>0</xmin>
            <ymin>59</ymin>
            <xmax>131</xmax>
            <ymax>166</ymax>
        </bndbox>
    </object>
    <object>
        <name>lego</name>
        <difficult>0</difficult>
        <bndbox>
            <xmin>330</xmin>
            <ymin>182</ymin>
            <xmax>493</xmax>
            <ymax>351</ymax>
        </bndbox>
    </object>
</annotation>