<?xml version='1.0' encoding='utf-8'?>
<annotation>
    <folder>BrickRay</folder>
    <filename>0a13eda4-db16-11eb-bd82-3497f683a169.jpg</filename>
    <size>
        <width>600</width>
        <height>600</height>
        <depth>3</depth>
    </size>
    <object>
        <name>lego</name>
        <difficult>0</difficult>
        <bndbox>
            <xmin>461</xmin>
            <ymin>271</ymin>
            <xmax>600</xmax>
            <ymax>392</ymax>
        </bndbox>
    </object>
    <object>
        <name>lego</name>
        <difficult>0</difficult>
        <bndbox>
            <xmin>499</xmin>
            <ymin>339</ymin>
            <xmax>555</xmax>
            <ymax>395</ymax>
        </bndbox>
    </object>
    <object>
        <name>lego</name>
        <difficult>0</difficult>
        <bndbox>
            <xmin>54</xmin>
            <ymin>331</ymin>
            <xmax>150</xmax>
            <ymax>420</ymax>
        </bndbox>
    </object>
    <object>
        <name>lego</name>
        <difficult>0</difficult>
        <bndbox>
            <xmin>0</xmin>
            <ymin>212</ymin>
            <xmax>102</xmax>
            <ymax>328</ymax>
        </bndbox>
    </object>
</annotation>