<?xml version='1.0' encoding='utf-8'?>
<annotation>
    <folder>BrickRay</folder>
    <filename>0a14d4a4-e3ce-11eb-a7be-b0c090bd3910.jpg</filename>
    <size>
        <width>600</width>
        <height>600</height>
        <depth>3</depth>
    </size>
    <object>
        <name>lego</name>
        <difficult>0</difficult>
        <bndbox>
            <xmin>290</xmin>
            <ymin>196</ymin>
            <xmax>399</xmax>
            <ymax>294</ymax>
        </bndbox>
    </object>
    <object>
        <name>lego</name>
        <difficult>0</difficult>
        <bndbox>
            <xmin>161</xmin>
            <ymin>494</ymin>
            <xmax>264</xmax>
            <ymax>599</ymax>
        </bndbox>
    </object>
    <object>
        <name>lego</name>
        <difficult>0</difficult>
        <bndbox>
            <xmin>116</xmin>
            <ymin>0</ymin>
            <xmax>160</xmax>
            <ymax>57</ymax>
        </bndbox>
    </object>
    <object>
        <name>lego</name>
        <difficult>0</difficult>
        <bndbox>
            <xmin>287</xmin>
            <ymin>432</ymin>
            <xmax>438</xmax>
            <ymax>591</ymax>
        </bndbox>
    </object>
</annotation>