<?xml version='1.0' encoding='utf-8'?>
<annotation>
    <folder>BrickRay</folder>
    <filename>0a14ac54-e796-11eb-a304-b0c090bd3910.jpg</filename>
    <size>
        <width>300</width>
        <height>300</height>
        <depth>3</depth>
    </size>
    <object>
        <name>lego</name>
        <difficult>0</difficult>
        <bndbox>
            <xmin>194</xmin>
            <ymin>0</ymin>
            <xmax>216</xmax>
            <ymax>300</ymax>
        </bndbox>
    </object>
    <object>
        <name>lego</name>
        <difficult>0</difficult>
        <bndbox>
            <xmin>91</xmin>
            <ymin>159</ymin>
            <xmax>155</xmax>
            <ymax>269</ymax>
        </bndbox>
    </object>
</annotation>