<?xml version='1.0' encoding='utf-8'?>
<annotation>
    <folder>BrickRay</folder>
    <filename>0a156b0c-da25-11eb-90d1-3497f683a169.jpg</filename>
    <size>
        <width>600</width>
        <height>600</height>
        <depth>3</depth>
    </size>
    <object>
        <name>lego</name>
        <difficult>0</difficult>
        <bndbox>
            <xmin>303</xmin>
            <ymin>22</ymin>
            <xmax>338</xmax>
            <ymax>126</ymax>
        </bndbox>
    </object>
    <object>
        <name>lego</name>
        <difficult>0</difficult>
        <bndbox>
            <xmin>9</xmin>
            <ymin>258</ymin>
            <xmax>63</xmax>
            <ymax>296</ymax>
        </bndbox>
    </object>
    <object>
        <name>lego</name>
        <difficult>0</difficult>
        <bndbox>
            <xmin>242</xmin>
            <ymin>381</ymin>
            <xmax>324</xmax>
            <ymax>600</ymax>
        </bndbox>
    </object>
    <object>
        <name>lego</name>
        <difficult>0</difficult>
        <bndbox>
            <xmin>527</xmin>
            <ymin>0</ymin>
            <xmax>592</xmax>
            <ymax>69</ymax>
        </bndbox>
    </object>
</annotation>