<?xml version='1.0' encoding='utf-8'?>
<annotation>
    <folder>BrickRay</folder>
    <filename>0a15ce18-d9db-11eb-bac1-3497f683a169.jpg</filename>
    <size>
        <width>600</width>
        <height>600</height>
        <depth>3</depth>
    </size>
    <object>
        <name>lego</name>
        <difficult>0</difficult>
        <bndbox>
            <xmin>0</xmin>
            <ymin>277</ymin>
            <xmax>90</xmax>
            <ymax>377</ymax>
        </bndbox>
    </object>
    <object>
        <name>lego</name>
        <difficult>0</difficult>
        <bndbox>
            <xmin>379</xmin>
            <ymin>70</ymin>
            <xmax>600</xmax>
            <ymax>215</ymax>
        </bndbox>
    </object>
    <object>
        <name>lego</name>
        <difficult>0</difficult>
        <bndbox>
            <xmin>374</xmin>
            <ymin>381</ymin>
            <xmax>497</xmax>
            <ymax>490</ymax>
        </bndbox>
    </object>
    <object>
        <name>lego</name>
        <difficult>0</difficult>
        <bndbox>
            <xmin>3</xmin>
            <ymin>203</ymin>
            <xmax>201</xmax>
            <ymax>427</ymax>
        </bndbox>
    </object>
</annotation>