<?xml version='1.0' encoding='utf-8'?>
<annotation>
    <folder>BrickRay</folder>
    <filename>0a15071c-e2f1-11eb-b4e1-b0c090bd3910.jpg</filename>
    <size>
        <width>600</width>
        <height>600</height>
        <depth>3</depth>
    </size>
    <object>
        <name>lego</name>
        <difficult>0</difficult>
        <bndbox>
            <xmin>386</xmin>
            <ymin>180</ymin>
            <xmax>468</xmax>
            <ymax>266</ymax>
        </bndbox>
    </object>
    <object>
        <name>lego</name>
        <difficult>0</difficult>
        <bndbox>
            <xmin>248</xmin>
            <ymin>333</ymin>
            <xmax>338</xmax>
            <ymax>430</ymax>
        </bndbox>
    </object>
    <object>
        <name>lego</name>
        <difficult>0</difficult>
        <bndbox>
            <xmin>432</xmin>
            <ymin>159</ymin>
            <xmax>600</xmax>
            <ymax>356</ymax>
        </bndbox>
    </object>
    <object>
        <name>lego</name>
        <difficult>0</difficult>
        <bndbox>
            <xmin>0</xmin>
            <ymin>149</ymin>
            <xmax>325</xmax>
            <ymax>369</ymax>
        </bndbox>
    </object>
</annotation>