<?xml version='1.0' encoding='utf-8'?>
<annotation>
    <folder>BrickRay</folder>
    <filename>0a15c0c6-d9cb-11eb-a796-3497f683a169.jpg</filename>
    <size>
        <width>600</width>
        <height>600</height>
        <depth>3</depth>
    </size>
    <object>
        <name>lego</name>
        <difficult>0</difficult>
        <bndbox>
            <xmin>520</xmin>
            <ymin>477</ymin>
            <xmax>600</xmax>
            <ymax>520</ymax>
        </bndbox>
    </object>
    <object>
        <name>lego</name>
        <difficult>0</difficult>
        <bndbox>
            <xmin>448</xmin>
            <ymin>284</ymin>
            <xmax>533</xmax>
            <ymax>574</ymax>
        </bndbox>
    </object>
    <object>
        <name>lego</name>
        <difficult>0</difficult>
        <bndbox>
            <xmin>0</xmin>
            <ymin>18</ymin>
            <xmax>33</xmax>
            <ymax>95</ymax>
        </bndbox>
    </object>
    <object>
        <name>lego</name>
        <difficult>0</difficult>
        <bndbox>
            <xmin>194</xmin>
            <ymin>268</ymin>
            <xmax>222</xmax>
            <ymax>346</ymax>
        </bndbox>
    </object>
</annotation>