<?xml version='1.0' encoding='utf-8'?>
<annotation>
    <folder>BrickRay</folder>
    <filename>0a169bf4-e466-11eb-875a-b0c090bd3910.jpg</filename>
    <size>
        <width>600</width>
        <height>600</height>
        <depth>3</depth>
    </size>
    <object>
        <name>lego</name>
        <difficult>0</difficult>
        <bndbox>
            <xmin>349</xmin>
            <ymin>0</ymin>
            <xmax>450</xmax>
            <ymax>87</ymax>
        </bndbox>
    </object>
    <object>
        <name>lego</name>
        <difficult>0</difficult>
        <bndbox>
            <xmin>405</xmin>
            <ymin>434</ymin>
            <xmax>565</xmax>
            <ymax>600</ymax>
        </bndbox>
    </object>
    <object>
        <name>lego</name>
        <difficult>0</difficult>
        <bndbox>
            <xmin>148</xmin>
            <ymin>242</ymin>
            <xmax>250</xmax>
            <ymax>443</ymax>
        </bndbox>
    </object>
    <object>
        <name>lego</name>
        <difficult>0</difficult>
        <bndbox>
            <xmin>26</xmin>
            <ymin>85</ymin>
            <xmax>182</xmax>
            <ymax>263</ymax>
        </bndbox>
    </object>
</annotation>