<?xml version='1.0' encoding='utf-8'?>
<annotation>
    <folder>BrickRay</folder>
    <filename>0a1606e2-e790-11eb-bf66-b0c090bd3910.jpg</filename>
    <size>
        <width>300</width>
        <height>300</height>
        <depth>3</depth>
    </size>
    <object>
        <name>lego</name>
        <difficult>0</difficult>
        <bndbox>
            <xmin>25</xmin>
            <ymin>0</ymin>
            <xmax>84</xmax>
            <ymax>90</ymax>
        </bndbox>
    </object>
    <object>
        <name>lego</name>
        <difficult>0</difficult>
        <bndbox>
            <xmin>150</xmin>
            <ymin>201</ymin>
            <xmax>261</xmax>
            <ymax>299</ymax>
        </bndbox>
    </object>
</annotation>