<?xml version='1.0' encoding='utf-8'?>
<annotation>
    <folder>BrickRay</folder>
    <filename>0a1672b6-d96c-11eb-a817-b0c090bd3910.jpg</filename>
    <size>
        <width>600</width>
        <height>600</height>
        <depth>3</depth>
    </size>
    <object>
        <name>lego</name>
        <difficult>0</difficult>
        <bndbox>
            <xmin>0</xmin>
            <ymin>66</ymin>
            <xmax>94</xmax>
            <ymax>167</ymax>
        </bndbox>
    </object>
    <object>
        <name>lego</name>
        <difficult>0</difficult>
        <bndbox>
            <xmin>222</xmin>
            <ymin>45</ymin>
            <xmax>301</xmax>
            <ymax>89</ymax>
        </bndbox>
    </object>
    <object>
        <name>lego</name>
        <difficult>0</difficult>
        <bndbox>
            <xmin>413</xmin>
            <ymin>398</ymin>
            <xmax>600</xmax>
            <ymax>533</ymax>
        </bndbox>
    </object>
    <object>
        <name>lego</name>
        <difficult>0</difficult>
        <bndbox>
            <xmin>167</xmin>
            <ymin>54</ymin>
            <xmax>208</xmax>
            <ymax>115</ymax>
        </bndbox>
    </object>
</annotation>