<?xml version='1.0' encoding='utf-8'?>
<annotation>
    <folder>BrickRay</folder>
    <filename>0a166902-da52-11eb-a38e-3497f683a169.jpg</filename>
    <size>
        <width>600</width>
        <height>600</height>
        <depth>3</depth>
    </size>
    <object>
        <name>lego</name>
        <difficult>0</difficult>
        <bndbox>
            <xmin>257</xmin>
            <ymin>390</ymin>
            <xmax>295</xmax>
            <ymax>437</ymax>
        </bndbox>
    </object>
    <object>
        <name>lego</name>
        <difficult>0</difficult>
        <bndbox>
            <xmin>393</xmin>
            <ymin>0</ymin>
            <xmax>535</xmax>
            <ymax>106</ymax>
        </bndbox>
    </object>
    <object>
        <name>lego</name>
        <difficult>0</difficult>
        <bndbox>
            <xmin>12</xmin>
            <ymin>5</ymin>
            <xmax>87</xmax>
            <ymax>67</ymax>
        </bndbox>
    </object>
    <object>
        <name>lego</name>
        <difficult>0</difficult>
        <bndbox>
            <xmin>287</xmin>
            <ymin>357</ymin>
            <xmax>584</xmax>
            <ymax>599</ymax>
        </bndbox>
    </object>
</annotation>