<?xml version='1.0' encoding='utf-8'?>
<annotation>
    <folder>BrickRay</folder>
    <filename>0a163502-d9c8-11eb-81ec-3497f683a169.jpg</filename>
    <size>
        <width>600</width>
        <height>600</height>
        <depth>3</depth>
    </size>
    <object>
        <name>lego</name>
        <difficult>0</difficult>
        <bndbox>
            <xmin>257</xmin>
            <ymin>16</ymin>
            <xmax>401</xmax>
            <ymax>250</ymax>
        </bndbox>
    </object>
    <object>
        <name>lego</name>
        <difficult>0</difficult>
        <bndbox>
            <xmin>499</xmin>
            <ymin>0</ymin>
            <xmax>572</xmax>
            <ymax>118</ymax>
        </bndbox>
    </object>
    <object>
        <name>lego</name>
        <difficult>0</difficult>
        <bndbox>
            <xmin>43</xmin>
            <ymin>463</ymin>
            <xmax>205</xmax>
            <ymax>600</ymax>
        </bndbox>
    </object>
    <object>
        <name>lego</name>
        <difficult>0</difficult>
        <bndbox>
            <xmin>124</xmin>
            <ymin>141</ymin>
            <xmax>226</xmax>
            <ymax>275</ymax>
        </bndbox>
    </object>
</annotation>