<?xml version='1.0' encoding='utf-8'?>
<annotation>
    <folder>BrickRay</folder>
    <filename>0a179a3a-daa9-11eb-8db5-3497f683a169.jpg</filename>
    <size>
        <width>600</width>
        <height>600</height>
        <depth>3</depth>
    </size>
    <object>
        <name>lego</name>
        <difficult>0</difficult>
        <bndbox>
            <xmin>192</xmin>
            <ymin>0</ymin>
            <xmax>217</xmax>
            <ymax>23</ymax>
        </bndbox>
    </object>
    <object>
        <name>lego</name>
        <difficult>0</difficult>
        <bndbox>
            <xmin>266</xmin>
            <ymin>510</ymin>
            <xmax>346</xmax>
            <ymax>600</ymax>
        </bndbox>
    </object>
    <object>
        <name>lego</name>
        <difficult>0</difficult>
        <bndbox>
            <xmin>348</xmin>
            <ymin>97</ymin>
            <xmax>446</xmax>
            <ymax>180</ymax>
        </bndbox>
    </object>
    <object>
        <name>lego</name>
        <difficult>0</difficult>
        <bndbox>
            <xmin>183</xmin>
            <ymin>317</ymin>
            <xmax>324</xmax>
            <ymax>421</ymax>
        </bndbox>
    </object>
</annotation>