<?xml version='1.0' encoding='utf-8'?>
<annotation>
    <folder>BrickRay</folder>
    <filename>0a18fd4c-da8b-11eb-8762-3497f683a169.jpg</filename>
    <size>
        <width>600</width>
        <height>600</height>
        <depth>3</depth>
    </size>
    <object>
        <name>lego</name>
        <difficult>0</difficult>
        <bndbox>
            <xmin>304</xmin>
            <ymin>445</ymin>
            <xmax>381</xmax>
            <ymax>600</ymax>
        </bndbox>
    </object>
    <object>
        <name>lego</name>
        <difficult>0</difficult>
        <bndbox>
            <xmin>101</xmin>
            <ymin>304</ymin>
            <xmax>247</xmax>
            <ymax>389</ymax>
        </bndbox>
    </object>
    <object>
        <name>lego</name>
        <difficult>0</difficult>
        <bndbox>
            <xmin>401</xmin>
            <ymin>201</ymin>
            <xmax>496</xmax>
            <ymax>303</ymax>
        </bndbox>
    </object>
    <object>
        <name>lego</name>
        <difficult>0</difficult>
        <bndbox>
            <xmin>230</xmin>
            <ymin>0</ymin>
            <xmax>338</xmax>
            <ymax>61</ymax>
        </bndbox>
    </object>
</annotation>