<?xml version='1.0' encoding='utf-8'?>
<annotation>
    <folder>BrickRay</folder>
    <filename>0a19bbf6-e69a-11eb-aab5-b0c090bd3910.jpg</filename>
    <size>
        <width>300</width>
        <height>300</height>
        <depth>3</depth>
    </size>
    <object>
        <name>lego</name>
        <difficult>0</difficult>
        <bndbox>
            <xmin>0</xmin>
            <ymin>50</ymin>
            <xmax>63</xmax>
            <ymax>133</ymax>
        </bndbox>
    </object>
    <object>
        <name>lego</name>
        <difficult>0</difficult>
        <bndbox>
            <xmin>247</xmin>
            <ymin>116</ymin>
            <xmax>299</xmax>
            <ymax>248</ymax>
        </bndbox>
    </object>
</annotation>