<?xml version='1.0' encoding='utf-8'?>
<annotation>
    <folder>BrickRay</folder>
    <filename>0a193c30-e4a1-11eb-a16e-b0c090bd3910.jpg</filename>
    <size>
        <width>600</width>
        <height>600</height>
        <depth>3</depth>
    </size>
    <object>
        <name>lego</name>
        <difficult>0</difficult>
        <bndbox>
            <xmin>294</xmin>
            <ymin>107</ymin>
            <xmax>448</xmax>
            <ymax>296</ymax>
        </bndbox>
    </object>
    <object>
        <name>lego</name>
        <difficult>0</difficult>
        <bndbox>
            <xmin>0</xmin>
            <ymin>355</ymin>
            <xmax>77</xmax>
            <ymax>429</ymax>
        </bndbox>
    </object>
    <object>
        <name>lego</name>
        <difficult>0</difficult>
        <bndbox>
            <xmin>248</xmin>
            <ymin>342</ymin>
            <xmax>434</xmax>
            <ymax>485</ymax>
        </bndbox>
    </object>
    <object>
        <name>lego</name>
        <difficult>0</difficult>
        <bndbox>
            <xmin>396</xmin>
            <ymin>313</ymin>
            <xmax>600</xmax>
            <ymax>487</ymax>
        </bndbox>
    </object>
</annotation>