<?xml version='1.0' encoding='utf-8'?>
<annotation>
    <folder>BrickRay</folder>
    <filename>0a19c69a-e67f-11eb-9642-b0c090bd3910.jpg</filename>
    <size>
        <width>300</width>
        <height>300</height>
        <depth>3</depth>
    </size>
    <object>
        <name>lego</name>
        <difficult>0</difficult>
        <bndbox>
            <xmin>105</xmin>
            <ymin>120</ymin>
            <xmax>290</xmax>
            <ymax>300</ymax>
        </bndbox>
    </object>
    <object>
        <name>lego</name>
        <difficult>0</difficult>
        <bndbox>
            <xmin>8</xmin>
            <ymin>0</ymin>
            <xmax>123</xmax>
            <ymax>126</ymax>
        </bndbox>
    </object>
</annotation>