<?xml version='1.0' encoding='utf-8'?>
<annotation>
    <folder>BrickRay</folder>
    <filename>0a197f66-e7ae-11eb-9878-b0c090bd3910.jpg</filename>
    <size>
        <width>300</width>
        <height>300</height>
        <depth>3</depth>
    </size>
    <object>
        <name>lego</name>
        <difficult>0</difficult>
        <bndbox>
            <xmin>128</xmin>
            <ymin>224</ymin>
            <xmax>195</xmax>
            <ymax>300</ymax>
        </bndbox>
    </object>
    <object>
        <name>lego</name>
        <difficult>0</difficult>
        <bndbox>
            <xmin>98</xmin>
            <ymin>0</ymin>
            <xmax>145</xmax>
            <ymax>126</ymax>
        </bndbox>
    </object>
</annotation>