<?xml version='1.0' encoding='utf-8'?>
<annotation>
    <folder>BrickRay</folder>
    <filename>0a19a1b6-dad6-11eb-9283-3497f683a169.jpg</filename>
    <size>
        <width>600</width>
        <height>600</height>
        <depth>3</depth>
    </size>
    <object>
        <name>lego</name>
        <difficult>0</difficult>
        <bndbox>
            <xmin>9</xmin>
            <ymin>288</ymin>
            <xmax>459</xmax>
            <ymax>600</ymax>
        </bndbox>
    </object>
    <object>
        <name>lego</name>
        <difficult>0</difficult>
        <bndbox>
            <xmin>229</xmin>
            <ymin>156</ymin>
            <xmax>313</xmax>
            <ymax>239</ymax>
        </bndbox>
    </object>
    <object>
        <name>lego</name>
        <difficult>0</difficult>
        <bndbox>
            <xmin>269</xmin>
            <ymin>0</ymin>
            <xmax>345</xmax>
            <ymax>84</ymax>
        </bndbox>
    </object>
    <object>
        <name>lego</name>
        <difficult>0</difficult>
        <bndbox>
            <xmin>505</xmin>
            <ymin>67</ymin>
            <xmax>591</xmax>
            <ymax>198</ymax>
        </bndbox>
    </object>
</annotation>