<?xml version='1.0' encoding='utf-8'?>
<annotation>
    <folder>BrickRay</folder>
    <filename>0a1a3898-e793-11eb-abfe-b0c090bd3910.jpg</filename>
    <size>
        <width>300</width>
        <height>300</height>
        <depth>3</depth>
    </size>
    <object>
        <name>lego</name>
        <difficult>0</difficult>
        <bndbox>
            <xmin>0</xmin>
            <ymin>58</ymin>
            <xmax>95</xmax>
            <ymax>259</ymax>
        </bndbox>
    </object>
    <object>
        <name>lego</name>
        <difficult>0</difficult>
        <bndbox>
            <xmin>164</xmin>
            <ymin>33</ymin>
            <xmax>300</xmax>
            <ymax>256</ymax>
        </bndbox>
    </object>
</annotation>