<?xml version='1.0' encoding='utf-8'?>
<annotation>
    <folder>BrickRay</folder>
    <filename>0a1a52dc-d948-11eb-aad1-b0c090bd3910.jpg</filename>
    <size>
        <width>600</width>
        <height>600</height>
        <depth>3</depth>
    </size>
    <object>
        <name>lego</name>
        <difficult>0</difficult>
        <bndbox>
            <xmin>189</xmin>
            <ymin>169</ymin>
            <xmax>258</xmax>
            <ymax>600</ymax>
        </bndbox>
    </object>
    <object>
        <name>lego</name>
        <difficult>0</difficult>
        <bndbox>
            <xmin>162</xmin>
            <ymin>10</ymin>
            <xmax>193</xmax>
            <ymax>40</ymax>
        </bndbox>
    </object>
    <object>
        <name>lego</name>
        <difficult>0</difficult>
        <bndbox>
            <xmin>279</xmin>
            <ymin>186</ymin>
            <xmax>352</xmax>
            <ymax>301</ymax>
        </bndbox>
    </object>
    <object>
        <name>lego</name>
        <difficult>0</difficult>
        <bndbox>
            <xmin>425</xmin>
            <ymin>0</ymin>
            <xmax>491</xmax>
            <ymax>48</ymax>
        </bndbox>
    </object>
</annotation>