<?xml version='1.0' encoding='utf-8'?>
<annotation>
    <folder>BrickRay</folder>
    <filename>0a1ae29c-e3ab-11eb-877f-b0c090bd3910.jpg</filename>
    <size>
        <width>600</width>
        <height>600</height>
        <depth>3</depth>
    </size>
    <object>
        <name>lego</name>
        <difficult>0</difficult>
        <bndbox>
            <xmin>142</xmin>
            <ymin>264</ymin>
            <xmax>391</xmax>
            <ymax>599</ymax>
        </bndbox>
    </object>
    <object>
        <name>lego</name>
        <difficult>0</difficult>
        <bndbox>
            <xmin>58</xmin>
            <ymin>191</ymin>
            <xmax>519</xmax>
            <ymax>437</ymax>
        </bndbox>
    </object>
    <object>
        <name>lego</name>
        <difficult>0</difficult>
        <bndbox>
            <xmin>225</xmin>
            <ymin>334</ymin>
            <xmax>266</xmax>
            <ymax>394</ymax>
        </bndbox>
    </object>
    <object>
        <name>lego</name>
        <difficult>0</difficult>
        <bndbox>
            <xmin>471</xmin>
            <ymin>0</ymin>
            <xmax>549</xmax>
            <ymax>111</ymax>
        </bndbox>
    </object>
</annotation>