<?xml version='1.0' encoding='utf-8'?>
<annotation>
    <folder>BrickRay</folder>
    <filename>0a1b1206-e5fd-11eb-9983-b0c090bd3910.jpg</filename>
    <size>
        <width>300</width>
        <height>300</height>
        <depth>3</depth>
    </size>
    <object>
        <name>lego</name>
        <difficult>0</difficult>
        <bndbox>
            <xmin>125</xmin>
            <ymin>0</ymin>
            <xmax>187</xmax>
            <ymax>62</ymax>
        </bndbox>
    </object>
    <object>
        <name>lego</name>
        <difficult>0</difficult>
        <bndbox>
            <xmin>81</xmin>
            <ymin>108</ymin>
            <xmax>207</xmax>
            <ymax>299</ymax>
        </bndbox>
    </object>
</annotation>