<?xml version='1.0' encoding='utf-8'?>
<annotation>
    <folder>BrickRay</folder>
    <filename>0a1c5dfe-d9da-11eb-9ed7-3497f683a169.jpg</filename>
    <size>
        <width>600</width>
        <height>600</height>
        <depth>3</depth>
    </size>
    <object>
        <name>lego</name>
        <difficult>0</difficult>
        <bndbox>
            <xmin>30</xmin>
            <ymin>8</ymin>
            <xmax>215</xmax>
            <ymax>184</ymax>
        </bndbox>
    </object>
    <object>
        <name>lego</name>
        <difficult>0</difficult>
        <bndbox>
            <xmin>335</xmin>
            <ymin>308</ymin>
            <xmax>600</xmax>
            <ymax>551</ymax>
        </bndbox>
    </object>
    <object>
        <name>lego</name>
        <difficult>0</difficult>
        <bndbox>
            <xmin>27</xmin>
            <ymin>316</ymin>
            <xmax>175</xmax>
            <ymax>583</ymax>
        </bndbox>
    </object>
    <object>
        <name>lego</name>
        <difficult>0</difficult>
        <bndbox>
            <xmin>0</xmin>
            <ymin>313</ymin>
            <xmax>117</xmax>
            <ymax>429</ymax>
        </bndbox>
    </object>
</annotation>