<?xml version='1.0' encoding='utf-8'?>
<annotation>
    <folder>BrickRay</folder>
    <filename>0a1c7880-e68e-11eb-892b-b0c090bd3910.jpg</filename>
    <size>
        <width>300</width>
        <height>300</height>
        <depth>3</depth>
    </size>
    <object>
        <name>lego</name>
        <difficult>0</difficult>
        <bndbox>
            <xmin>37</xmin>
            <ymin>44</ymin>
            <xmax>300</xmax>
            <ymax>175</ymax>
        </bndbox>
    </object>
    <object>
        <name>lego</name>
        <difficult>0</difficult>
        <bndbox>
            <xmin>0</xmin>
            <ymin>15</ymin>
            <xmax>148</xmax>
            <ymax>275</ymax>
        </bndbox>
    </object>
</annotation>