<?xml version='1.0' encoding='utf-8'?>
<annotation>
    <folder>BrickRay</folder>
    <filename>0a1c2cd8-e680-11eb-af89-b0c090bd3910.jpg</filename>
    <size>
        <width>300</width>
        <height>300</height>
        <depth>3</depth>
    </size>
    <object>
        <name>lego</name>
        <difficult>0</difficult>
        <bndbox>
            <xmin>0</xmin>
            <ymin>53</ymin>
            <xmax>78</xmax>
            <ymax>126</ymax>
        </bndbox>
    </object>
    <object>
        <name>lego</name>
        <difficult>0</difficult>
        <bndbox>
            <xmin>227</xmin>
            <ymin>180</ymin>
            <xmax>300</xmax>
            <ymax>232</ymax>
        </bndbox>
    </object>
</annotation>