<?xml version='1.0' encoding='utf-8'?>
<annotation>
    <folder>BrickRay</folder>
    <filename>0a1da9c6-db51-11eb-9370-3497f683a169.jpg</filename>
    <size>
        <width>600</width>
        <height>600</height>
        <depth>3</depth>
    </size>
    <object>
        <name>lego</name>
        <difficult>0</difficult>
        <bndbox>
            <xmin>103</xmin>
            <ymin>289</ymin>
            <xmax>160</xmax>
            <ymax>347</ymax>
        </bndbox>
    </object>
    <object>
        <name>lego</name>
        <difficult>0</difficult>
        <bndbox>
            <xmin>380</xmin>
            <ymin>79</ymin>
            <xmax>404</xmax>
            <ymax>143</ymax>
        </bndbox>
    </object>
    <object>
        <name>lego</name>
        <difficult>0</difficult>
        <bndbox>
            <xmin>450</xmin>
            <ymin>87</ymin>
            <xmax>599</xmax>
            <ymax>187</ymax>
        </bndbox>
    </object>
    <object>
        <name>lego</name>
        <difficult>0</difficult>
        <bndbox>
            <xmin>0</xmin>
            <ymin>402</ymin>
            <xmax>90</xmax>
            <ymax>506</ymax>
        </bndbox>
    </object>
</annotation>