<?xml version='1.0' encoding='utf-8'?>
<annotation>
    <folder>BrickRay</folder>
    <filename>0a1d8f64-e7cf-11eb-8d9e-b0c090bd3910.jpg</filename>
    <size>
        <width>300</width>
        <height>300</height>
        <depth>3</depth>
    </size>
    <object>
        <name>lego</name>
        <difficult>0</difficult>
        <bndbox>
            <xmin>0</xmin>
            <ymin>53</ymin>
            <xmax>55</xmax>
            <ymax>129</ymax>
        </bndbox>
    </object>
    <object>
        <name>lego</name>
        <difficult>0</difficult>
        <bndbox>
            <xmin>3</xmin>
            <ymin>31</ymin>
            <xmax>299</xmax>
            <ymax>256</ymax>
        </bndbox>
    </object>
</annotation>