<?xml version='1.0' encoding='utf-8'?>
<annotation>
    <folder>BrickRay</folder>
    <filename>0a1d36ec-e7a7-11eb-b6c6-b0c090bd3910.jpg</filename>
    <size>
        <width>300</width>
        <height>300</height>
        <depth>3</depth>
    </size>
    <object>
        <name>lego</name>
        <difficult>0</difficult>
        <bndbox>
            <xmin>0</xmin>
            <ymin>51</ymin>
            <xmax>100</xmax>
            <ymax>160</ymax>
        </bndbox>
    </object>
    <object>
        <name>lego</name>
        <difficult>0</difficult>
        <bndbox>
            <xmin>84</xmin>
            <ymin>70</ymin>
            <xmax>300</xmax>
            <ymax>251</ymax>
        </bndbox>
    </object>
</annotation>