<?xml version='1.0' encoding='utf-8'?>
<annotation>
    <folder>BrickRay</folder>
    <filename>0a1d3968-da0c-11eb-ba19-3497f683a169.jpg</filename>
    <size>
        <width>600</width>
        <height>600</height>
        <depth>3</depth>
    </size>
    <object>
        <name>lego</name>
        <difficult>0</difficult>
        <bndbox>
            <xmin>17</xmin>
            <ymin>530</ymin>
            <xmax>84</xmax>
            <ymax>599</ymax>
        </bndbox>
    </object>
    <object>
        <name>lego</name>
        <difficult>0</difficult>
        <bndbox>
            <xmin>301</xmin>
            <ymin>82</ymin>
            <xmax>586</xmax>
            <ymax>133</ymax>
        </bndbox>
    </object>
    <object>
        <name>lego</name>
        <difficult>0</difficult>
        <bndbox>
            <xmin>397</xmin>
            <ymin>260</ymin>
            <xmax>477</xmax>
            <ymax>331</ymax>
        </bndbox>
    </object>
    <object>
        <name>lego</name>
        <difficult>0</difficult>
        <bndbox>
            <xmin>377</xmin>
            <ymin>0</ymin>
            <xmax>453</xmax>
            <ymax>68</ymax>
        </bndbox>
    </object>
</annotation>