<?xml version='1.0' encoding='utf-8'?>
<annotation>
    <folder>BrickRay</folder>
    <filename>0a1e52de-e3c2-11eb-8825-b0c090bd3910.jpg</filename>
    <size>
        <width>600</width>
        <height>600</height>
        <depth>3</depth>
    </size>
    <object>
        <name>lego</name>
        <difficult>0</difficult>
        <bndbox>
            <xmin>0</xmin>
            <ymin>435</ymin>
            <xmax>244</xmax>
            <ymax>541</ymax>
        </bndbox>
    </object>
    <object>
        <name>lego</name>
        <difficult>0</difficult>
        <bndbox>
            <xmin>46</xmin>
            <ymin>44</ymin>
            <xmax>185</xmax>
            <ymax>157</ymax>
        </bndbox>
    </object>
    <object>
        <name>lego</name>
        <difficult>0</difficult>
        <bndbox>
            <xmin>514</xmin>
            <ymin>267</ymin>
            <xmax>599</xmax>
            <ymax>324</ymax>
        </bndbox>
    </object>
    <object>
        <name>lego</name>
        <difficult>0</difficult>
        <bndbox>
            <xmin>151</xmin>
            <ymin>186</ymin>
            <xmax>193</xmax>
            <ymax>310</ymax>
        </bndbox>
    </object>
</annotation>