<?xml version='1.0' encoding='utf-8'?>
<annotation>
    <folder>BrickRay</folder>
    <filename>0a1ee826-db4b-11eb-8974-3497f683a169.jpg</filename>
    <size>
        <width>600</width>
        <height>600</height>
        <depth>3</depth>
    </size>
    <object>
        <name>lego</name>
        <difficult>0</difficult>
        <bndbox>
            <xmin>0</xmin>
            <ymin>182</ymin>
            <xmax>74</xmax>
            <ymax>265</ymax>
        </bndbox>
    </object>
    <object>
        <name>lego</name>
        <difficult>0</difficult>
        <bndbox>
            <xmin>337</xmin>
            <ymin>53</ymin>
            <xmax>392</xmax>
            <ymax>153</ymax>
        </bndbox>
    </object>
    <object>
        <name>lego</name>
        <difficult>0</difficult>
        <bndbox>
            <xmin>327</xmin>
            <ymin>379</ymin>
            <xmax>599</xmax>
            <ymax>532</ymax>
        </bndbox>
    </object>
    <object>
        <name>lego</name>
        <difficult>0</difficult>
        <bndbox>
            <xmin>76</xmin>
            <ymin>65</ymin>
            <xmax>154</xmax>
            <ymax>163</ymax>
        </bndbox>
    </object>
</annotation>