<?xml version='1.0' encoding='utf-8'?>
<annotation>
    <folder>BrickRay</folder>
    <filename>0a1ed522-e46f-11eb-8121-b0c090bd3910.jpg</filename>
    <size>
        <width>600</width>
        <height>600</height>
        <depth>3</depth>
    </size>
    <object>
        <name>lego</name>
        <difficult>0</difficult>
        <bndbox>
            <xmin>161</xmin>
            <ymin>38</ymin>
            <xmax>264</xmax>
            <ymax>130</ymax>
        </bndbox>
    </object>
    <object>
        <name>lego</name>
        <difficult>0</difficult>
        <bndbox>
            <xmin>543</xmin>
            <ymin>288</ymin>
            <xmax>599</xmax>
            <ymax>366</ymax>
        </bndbox>
    </object>
    <object>
        <name>lego</name>
        <difficult>0</difficult>
        <bndbox>
            <xmin>0</xmin>
            <ymin>459</ymin>
            <xmax>76</xmax>
            <ymax>549</ymax>
        </bndbox>
    </object>
    <object>
        <name>lego</name>
        <difficult>0</difficult>
        <bndbox>
            <xmin>373</xmin>
            <ymin>57</ymin>
            <xmax>399</xmax>
            <ymax>147</ymax>
        </bndbox>
    </object>
</annotation>