<?xml version='1.0' encoding='utf-8'?>
<annotation>
    <folder>BrickRay</folder>
    <filename>0a1ec764-e7b4-11eb-802a-b0c090bd3910.jpg</filename>
    <size>
        <width>300</width>
        <height>300</height>
        <depth>3</depth>
    </size>
    <object>
        <name>lego</name>
        <difficult>0</difficult>
        <bndbox>
            <xmin>0</xmin>
            <ymin>83</ymin>
            <xmax>300</xmax>
            <ymax>202</ymax>
        </bndbox>
    </object>
    <object>
        <name>lego</name>
        <difficult>0</difficult>
        <bndbox>
            <xmin>106</xmin>
            <ymin>80</ymin>
            <xmax>202</xmax>
            <ymax>134</ymax>
        </bndbox>
    </object>
</annotation>