<?xml version='1.0' encoding='utf-8'?>
<annotation>
    <folder>BrickRay</folder>
    <filename>0a1e3188-db6d-11eb-9d2a-3497f683a169.jpg</filename>
    <size>
        <width>600</width>
        <height>600</height>
        <depth>3</depth>
    </size>
    <object>
        <name>lego</name>
        <difficult>0</difficult>
        <bndbox>
            <xmin>57</xmin>
            <ymin>258</ymin>
            <xmax>279</xmax>
            <ymax>384</ymax>
        </bndbox>
    </object>
    <object>
        <name>lego</name>
        <difficult>0</difficult>
        <bndbox>
            <xmin>120</xmin>
            <ymin>471</ymin>
            <xmax>224</xmax>
            <ymax>600</ymax>
        </bndbox>
    </object>
    <object>
        <name>lego</name>
        <difficult>0</difficult>
        <bndbox>
            <xmin>480</xmin>
            <ymin>0</ymin>
            <xmax>551</xmax>
            <ymax>80</ymax>
        </bndbox>
    </object>
    <object>
        <name>lego</name>
        <difficult>0</difficult>
        <bndbox>
            <xmin>465</xmin>
            <ymin>98</ymin>
            <xmax>533</xmax>
            <ymax>229</ymax>
        </bndbox>
    </object>
</annotation>