<?xml version='1.0' encoding='utf-8'?>
<annotation>
    <folder>BrickRay</folder>
    <filename>0a1f4910-dabd-11eb-b527-3497f683a169.jpg</filename>
    <size>
        <width>600</width>
        <height>600</height>
        <depth>3</depth>
    </size>
    <object>
        <name>lego</name>
        <difficult>0</difficult>
        <bndbox>
            <xmin>25</xmin>
            <ymin>427</ymin>
            <xmax>104</xmax>
            <ymax>536</ymax>
        </bndbox>
    </object>
    <object>
        <name>lego</name>
        <difficult>0</difficult>
        <bndbox>
            <xmin>0</xmin>
            <ymin>271</ymin>
            <xmax>96</xmax>
            <ymax>422</ymax>
        </bndbox>
    </object>
    <object>
        <name>lego</name>
        <difficult>0</difficult>
        <bndbox>
            <xmin>3</xmin>
            <ymin>57</ymin>
            <xmax>111</xmax>
            <ymax>273</ymax>
        </bndbox>
    </object>
    <object>
        <name>lego</name>
        <difficult>0</difficult>
        <bndbox>
            <xmin>483</xmin>
            <ymin>47</ymin>
            <xmax>600</xmax>
            <ymax>130</ymax>
        </bndbox>
    </object>
</annotation>