<?xml version='1.0' encoding='utf-8'?>
<annotation>
    <folder>BrickRay</folder>
    <filename>0a200e48-d94b-11eb-ae80-b0c090bd3910.jpg</filename>
    <size>
        <width>600</width>
        <height>600</height>
        <depth>3</depth>
    </size>
    <object>
        <name>lego</name>
        <difficult>0</difficult>
        <bndbox>
            <xmin>0</xmin>
            <ymin>86</ymin>
            <xmax>95</xmax>
            <ymax>162</ymax>
        </bndbox>
    </object>
    <object>
        <name>lego</name>
        <difficult>0</difficult>
        <bndbox>
            <xmin>546</xmin>
            <ymin>267</ymin>
            <xmax>600</xmax>
            <ymax>300</ymax>
        </bndbox>
    </object>
    <object>
        <name>lego</name>
        <difficult>0</difficult>
        <bndbox>
            <xmin>140</xmin>
            <ymin>203</ymin>
            <xmax>257</xmax>
            <ymax>305</ymax>
        </bndbox>
    </object>
    <object>
        <name>lego</name>
        <difficult>0</difficult>
        <bndbox>
            <xmin>372</xmin>
            <ymin>447</ymin>
            <xmax>420</xmax>
            <ymax>493</ymax>
        </bndbox>
    </object>
</annotation>