<?xml version='1.0' encoding='utf-8'?>
<annotation>
    <folder>BrickRay</folder>
    <filename>0a214c2c-d976-11eb-8742-b0c090bd3910.jpg</filename>
    <size>
        <width>600</width>
        <height>600</height>
        <depth>3</depth>
    </size>
    <object>
        <name>lego</name>
        <difficult>0</difficult>
        <bndbox>
            <xmin>276</xmin>
            <ymin>152</ymin>
            <xmax>337</xmax>
            <ymax>191</ymax>
        </bndbox>
    </object>
    <object>
        <name>lego</name>
        <difficult>0</difficult>
        <bndbox>
            <xmin>477</xmin>
            <ymin>397</ymin>
            <xmax>600</xmax>
            <ymax>514</ymax>
        </bndbox>
    </object>
    <object>
        <name>lego</name>
        <difficult>0</difficult>
        <bndbox>
            <xmin>342</xmin>
            <ymin>64</ymin>
            <xmax>391</xmax>
            <ymax>119</ymax>
        </bndbox>
    </object>
    <object>
        <name>lego</name>
        <difficult>0</difficult>
        <bndbox>
            <xmin>0</xmin>
            <ymin>290</ymin>
            <xmax>91</xmax>
            <ymax>374</ymax>
        </bndbox>
    </object>
</annotation>