<?xml version='1.0' encoding='utf-8'?>
<annotation>
    <folder>BrickRay</folder>
    <filename>0a22d514-db2b-11eb-a064-3497f683a169.jpg</filename>
    <size>
        <width>600</width>
        <height>600</height>
        <depth>3</depth>
    </size>
    <object>
        <name>lego</name>
        <difficult>0</difficult>
        <bndbox>
            <xmin>43</xmin>
            <ymin>150</ymin>
            <xmax>133</xmax>
            <ymax>215</ymax>
        </bndbox>
    </object>
    <object>
        <name>lego</name>
        <difficult>0</difficult>
        <bndbox>
            <xmin>530</xmin>
            <ymin>347</ymin>
            <xmax>600</xmax>
            <ymax>420</ymax>
        </bndbox>
    </object>
    <object>
        <name>lego</name>
        <difficult>0</difficult>
        <bndbox>
            <xmin>0</xmin>
            <ymin>207</ymin>
            <xmax>74</xmax>
            <ymax>280</ymax>
        </bndbox>
    </object>
    <object>
        <name>lego</name>
        <difficult>0</difficult>
        <bndbox>
            <xmin>290</xmin>
            <ymin>144</ymin>
            <xmax>340</xmax>
            <ymax>180</ymax>
        </bndbox>
    </object>
</annotation>