<?xml version='1.0' encoding='utf-8'?>
<annotation>
    <folder>BrickRay</folder>
    <filename>0a22c5dc-e3cb-11eb-a5db-b0c090bd3910.jpg</filename>
    <size>
        <width>600</width>
        <height>600</height>
        <depth>3</depth>
    </size>
    <object>
        <name>lego</name>
        <difficult>0</difficult>
        <bndbox>
            <xmin>174</xmin>
            <ymin>79</ymin>
            <xmax>265</xmax>
            <ymax>148</ymax>
        </bndbox>
    </object>
    <object>
        <name>lego</name>
        <difficult>0</difficult>
        <bndbox>
            <xmin>331</xmin>
            <ymin>59</ymin>
            <xmax>430</xmax>
            <ymax>187</ymax>
        </bndbox>
    </object>
    <object>
        <name>lego</name>
        <difficult>0</difficult>
        <bndbox>
            <xmin>0</xmin>
            <ymin>71</ymin>
            <xmax>103</xmax>
            <ymax>137</ymax>
        </bndbox>
    </object>
    <object>
        <name>lego</name>
        <difficult>0</difficult>
        <bndbox>
            <xmin>441</xmin>
            <ymin>380</ymin>
            <xmax>600</xmax>
            <ymax>511</ymax>
        </bndbox>
    </object>
</annotation>