<?xml version='1.0' encoding='utf-8'?>
<annotation>
    <folder>BrickRay</folder>
    <filename>0a22ba50-e3cc-11eb-b9a9-b0c090bd3910.jpg</filename>
    <size>
        <width>600</width>
        <height>600</height>
        <depth>3</depth>
    </size>
    <object>
        <name>lego</name>
        <difficult>0</difficult>
        <bndbox>
            <xmin>262</xmin>
            <ymin>0</ymin>
            <xmax>448</xmax>
            <ymax>115</ymax>
        </bndbox>
    </object>
    <object>
        <name>lego</name>
        <difficult>0</difficult>
        <bndbox>
            <xmin>249</xmin>
            <ymin>399</ymin>
            <xmax>425</xmax>
            <ymax>572</ymax>
        </bndbox>
    </object>
    <object>
        <name>lego</name>
        <difficult>0</difficult>
        <bndbox>
            <xmin>184</xmin>
            <ymin>493</ymin>
            <xmax>259</xmax>
            <ymax>599</ymax>
        </bndbox>
    </object>
    <object>
        <name>lego</name>
        <difficult>0</difficult>
        <bndbox>
            <xmin>336</xmin>
            <ymin>76</ymin>
            <xmax>471</xmax>
            <ymax>193</ymax>
        </bndbox>
    </object>
</annotation>