<?xml version='1.0' encoding='utf-8'?>
<annotation>
    <folder>BrickRay</folder>
    <filename>0a223e24-e678-11eb-a5f7-b0c090bd3910.jpg</filename>
    <size>
        <width>300</width>
        <height>300</height>
        <depth>3</depth>
    </size>
    <object>
        <name>lego</name>
        <difficult>0</difficult>
        <bndbox>
            <xmin>34</xmin>
            <ymin>0</ymin>
            <xmax>254</xmax>
            <ymax>128</ymax>
        </bndbox>
    </object>
    <object>
        <name>lego</name>
        <difficult>0</difficult>
        <bndbox>
            <xmin>10</xmin>
            <ymin>158</ymin>
            <xmax>290</xmax>
            <ymax>300</ymax>
        </bndbox>
    </object>
</annotation>