<?xml version='1.0' encoding='utf-8'?>
<annotation>
    <folder>BrickRay</folder>
    <filename>0a2350d8-da73-11eb-9a1c-3497f683a169.jpg</filename>
    <size>
        <width>600</width>
        <height>600</height>
        <depth>3</depth>
    </size>
    <object>
        <name>lego</name>
        <difficult>0</difficult>
        <bndbox>
            <xmin>0</xmin>
            <ymin>241</ymin>
            <xmax>132</xmax>
            <ymax>366</ymax>
        </bndbox>
    </object>
    <object>
        <name>lego</name>
        <difficult>0</difficult>
        <bndbox>
            <xmin>546</xmin>
            <ymin>248</ymin>
            <xmax>600</xmax>
            <ymax>294</ymax>
        </bndbox>
    </object>
    <object>
        <name>lego</name>
        <difficult>0</difficult>
        <bndbox>
            <xmin>268</xmin>
            <ymin>101</ymin>
            <xmax>302</xmax>
            <ymax>159</ymax>
        </bndbox>
    </object>
    <object>
        <name>lego</name>
        <difficult>0</difficult>
        <bndbox>
            <xmin>72</xmin>
            <ymin>232</ymin>
            <xmax>300</xmax>
            <ymax>474</ymax>
        </bndbox>
    </object>
</annotation>