<?xml version='1.0' encoding='utf-8'?>
<annotation>
    <folder>BrickRay</folder>
    <filename>0a23c9a6-e48b-11eb-ae09-b0c090bd3910.jpg</filename>
    <size>
        <width>600</width>
        <height>600</height>
        <depth>3</depth>
    </size>
    <object>
        <name>lego</name>
        <difficult>0</difficult>
        <bndbox>
            <xmin>379</xmin>
            <ymin>374</ymin>
            <xmax>483</xmax>
            <ymax>444</ymax>
        </bndbox>
    </object>
    <object>
        <name>lego</name>
        <difficult>0</difficult>
        <bndbox>
            <xmin>0</xmin>
            <ymin>414</ymin>
            <xmax>165</xmax>
            <ymax>539</ymax>
        </bndbox>
    </object>
    <object>
        <name>lego</name>
        <difficult>0</difficult>
        <bndbox>
            <xmin>403</xmin>
            <ymin>51</ymin>
            <xmax>599</xmax>
            <ymax>158</ymax>
        </bndbox>
    </object>
    <object>
        <name>lego</name>
        <difficult>0</difficult>
        <bndbox>
            <xmin>1</xmin>
            <ymin>119</ymin>
            <xmax>81</xmax>
            <ymax>246</ymax>
        </bndbox>
    </object>
</annotation>