<?xml version='1.0' encoding='utf-8'?>
<annotation>
    <folder>BrickRay</folder>
    <filename>0a231448-da0a-11eb-af11-3497f683a169.jpg</filename>
    <size>
        <width>600</width>
        <height>600</height>
        <depth>3</depth>
    </size>
    <object>
        <name>lego</name>
        <difficult>0</difficult>
        <bndbox>
            <xmin>330</xmin>
            <ymin>556</ymin>
            <xmax>392</xmax>
            <ymax>600</ymax>
        </bndbox>
    </object>
    <object>
        <name>lego</name>
        <difficult>0</difficult>
        <bndbox>
            <xmin>149</xmin>
            <ymin>0</ymin>
            <xmax>375</xmax>
            <ymax>80</ymax>
        </bndbox>
    </object>
    <object>
        <name>lego</name>
        <difficult>0</difficult>
        <bndbox>
            <xmin>477</xmin>
            <ymin>186</ymin>
            <xmax>595</xmax>
            <ymax>272</ymax>
        </bndbox>
    </object>
    <object>
        <name>lego</name>
        <difficult>0</difficult>
        <bndbox>
            <xmin>4</xmin>
            <ymin>129</ymin>
            <xmax>100</xmax>
            <ymax>194</ymax>
        </bndbox>
    </object>
</annotation>