<?xml version='1.0' encoding='utf-8'?>
<annotation>
    <folder>BrickRay</folder>
    <filename>0a232d2e-e670-11eb-8bc3-b0c090bd3910.jpg</filename>
    <size>
        <width>300</width>
        <height>300</height>
        <depth>3</depth>
    </size>
    <object>
        <name>lego</name>
        <difficult>0</difficult>
        <bndbox>
            <xmin>159</xmin>
            <ymin>33</ymin>
            <xmax>300</xmax>
            <ymax>142</ymax>
        </bndbox>
    </object>
    <object>
        <name>lego</name>
        <difficult>0</difficult>
        <bndbox>
            <xmin>0</xmin>
            <ymin>60</ymin>
            <xmax>180</xmax>
            <ymax>274</ymax>
        </bndbox>
    </object>
</annotation>