<?xml version='1.0' encoding='utf-8'?>
<annotation>
    <folder>BrickRay</folder>
    <filename>0a244700-e5f4-11eb-a332-b0c090bd3910.jpg</filename>
    <size>
        <width>300</width>
        <height>300</height>
        <depth>3</depth>
    </size>
    <object>
        <name>lego</name>
        <difficult>0</difficult>
        <bndbox>
            <xmin>0</xmin>
            <ymin>16</ymin>
            <xmax>299</xmax>
            <ymax>279</ymax>
        </bndbox>
    </object>
    <object>
        <name>lego</name>
        <difficult>0</difficult>
        <bndbox>
            <xmin>108</xmin>
            <ymin>63</ymin>
            <xmax>175</xmax>
            <ymax>125</ymax>
        </bndbox>
    </object>
</annotation>