<?xml version='1.0' encoding='utf-8'?>
<annotation>
    <folder>BrickRay</folder>
    <filename>0a24d108-da18-11eb-b6f0-3497f683a169.jpg</filename>
    <size>
        <width>600</width>
        <height>600</height>
        <depth>3</depth>
    </size>
    <object>
        <name>lego</name>
        <difficult>0</difficult>
        <bndbox>
            <xmin>446</xmin>
            <ymin>0</ymin>
            <xmax>504</xmax>
            <ymax>54</ymax>
        </bndbox>
    </object>
    <object>
        <name>lego</name>
        <difficult>0</difficult>
        <bndbox>
            <xmin>135</xmin>
            <ymin>171</ymin>
            <xmax>216</xmax>
            <ymax>260</ymax>
        </bndbox>
    </object>
    <object>
        <name>lego</name>
        <difficult>0</difficult>
        <bndbox>
            <xmin>366</xmin>
            <ymin>344</ymin>
            <xmax>400</xmax>
            <ymax>416</ymax>
        </bndbox>
    </object>
    <object>
        <name>lego</name>
        <difficult>0</difficult>
        <bndbox>
            <xmin>140</xmin>
            <ymin>454</ymin>
            <xmax>283</xmax>
            <ymax>600</ymax>
        </bndbox>
    </object>
</annotation>