<?xml version='1.0' encoding='utf-8'?>
<annotation>
    <folder>BrickRay</folder>
    <filename>0a25ee1a-db0c-11eb-84bd-3497f683a169.jpg</filename>
    <size>
        <width>600</width>
        <height>600</height>
        <depth>3</depth>
    </size>
    <object>
        <name>lego</name>
        <difficult>0</difficult>
        <bndbox>
            <xmin>243</xmin>
            <ymin>156</ymin>
            <xmax>600</xmax>
            <ymax>409</ymax>
        </bndbox>
    </object>
    <object>
        <name>lego</name>
        <difficult>0</difficult>
        <bndbox>
            <xmin>152</xmin>
            <ymin>195</ymin>
            <xmax>305</xmax>
            <ymax>317</ymax>
        </bndbox>
    </object>
    <object>
        <name>lego</name>
        <difficult>0</difficult>
        <bndbox>
            <xmin>0</xmin>
            <ymin>61</ymin>
            <xmax>122</xmax>
            <ymax>198</ymax>
        </bndbox>
    </object>
    <object>
        <name>lego</name>
        <difficult>0</difficult>
        <bndbox>
            <xmin>12</xmin>
            <ymin>404</ymin>
            <xmax>137</xmax>
            <ymax>524</ymax>
        </bndbox>
    </object>
</annotation>