<?xml version='1.0' encoding='utf-8'?>
<annotation>
    <folder>BrickRay</folder>
    <filename>0a25302e-e7b8-11eb-b7e1-b0c090bd3910.jpg</filename>
    <size>
        <width>300</width>
        <height>300</height>
        <depth>3</depth>
    </size>
    <object>
        <name>lego</name>
        <difficult>0</difficult>
        <bndbox>
            <xmin>7</xmin>
            <ymin>0</ymin>
            <xmax>136</xmax>
            <ymax>300</ymax>
        </bndbox>
    </object>
    <object>
        <name>lego</name>
        <difficult>0</difficult>
        <bndbox>
            <xmin>205</xmin>
            <ymin>74</ymin>
            <xmax>292</xmax>
            <ymax>153</ymax>
        </bndbox>
    </object>
</annotation>