<?xml version='1.0' encoding='utf-8'?>
<annotation>
    <folder>BrickRay</folder>
    <filename>0a2590ee-e47c-11eb-bca6-b0c090bd3910.jpg</filename>
    <size>
        <width>600</width>
        <height>600</height>
        <depth>3</depth>
    </size>
    <object>
        <name>lego</name>
        <difficult>0</difficult>
        <bndbox>
            <xmin>265</xmin>
            <ymin>237</ymin>
            <xmax>367</xmax>
            <ymax>290</ymax>
        </bndbox>
    </object>
    <object>
        <name>lego</name>
        <difficult>0</difficult>
        <bndbox>
            <xmin>447</xmin>
            <ymin>409</ymin>
            <xmax>506</xmax>
            <ymax>467</ymax>
        </bndbox>
    </object>
    <object>
        <name>lego</name>
        <difficult>0</difficult>
        <bndbox>
            <xmin>0</xmin>
            <ymin>110</ymin>
            <xmax>75</xmax>
            <ymax>201</ymax>
        </bndbox>
    </object>
    <object>
        <name>lego</name>
        <difficult>0</difficult>
        <bndbox>
            <xmin>494</xmin>
            <ymin>224</ymin>
            <xmax>600</xmax>
            <ymax>313</ymax>
        </bndbox>
    </object>
</annotation>