<?xml version='1.0' encoding='utf-8'?>
<annotation>
    <folder>BrickRay</folder>
    <filename>0a2660ac-db1a-11eb-8502-3497f683a169.jpg</filename>
    <size>
        <width>600</width>
        <height>600</height>
        <depth>3</depth>
    </size>
    <object>
        <name>lego</name>
        <difficult>0</difficult>
        <bndbox>
            <xmin>168</xmin>
            <ymin>0</ymin>
            <xmax>202</xmax>
            <ymax>107</ymax>
        </bndbox>
    </object>
    <object>
        <name>lego</name>
        <difficult>0</difficult>
        <bndbox>
            <xmin>325</xmin>
            <ymin>45</ymin>
            <xmax>385</xmax>
            <ymax>199</ymax>
        </bndbox>
    </object>
    <object>
        <name>lego</name>
        <difficult>0</difficult>
        <bndbox>
            <xmin>290</xmin>
            <ymin>24</ymin>
            <xmax>450</xmax>
            <ymax>139</ymax>
        </bndbox>
    </object>
    <object>
        <name>lego</name>
        <difficult>0</difficult>
        <bndbox>
            <xmin>264</xmin>
            <ymin>531</ymin>
            <xmax>330</xmax>
            <ymax>600</ymax>
        </bndbox>
    </object>
</annotation>