<?xml version='1.0' encoding='utf-8'?>
<annotation>
    <folder>BrickRay</folder>
    <filename>0a260758-da5d-11eb-aa2b-3497f683a169.jpg</filename>
    <size>
        <width>600</width>
        <height>600</height>
        <depth>3</depth>
    </size>
    <object>
        <name>lego</name>
        <difficult>0</difficult>
        <bndbox>
            <xmin>87</xmin>
            <ymin>347</ymin>
            <xmax>212</xmax>
            <ymax>460</ymax>
        </bndbox>
    </object>
    <object>
        <name>lego</name>
        <difficult>0</difficult>
        <bndbox>
            <xmin>0</xmin>
            <ymin>176</ymin>
            <xmax>27</xmax>
            <ymax>329</ymax>
        </bndbox>
    </object>
    <object>
        <name>lego</name>
        <difficult>0</difficult>
        <bndbox>
            <xmin>401</xmin>
            <ymin>294</ymin>
            <xmax>599</xmax>
            <ymax>463</ymax>
        </bndbox>
    </object>
    <object>
        <name>lego</name>
        <difficult>0</difficult>
        <bndbox>
            <xmin>25</xmin>
            <ymin>96</ymin>
            <xmax>81</xmax>
            <ymax>133</ymax>
        </bndbox>
    </object>
</annotation>