<?xml version='1.0' encoding='utf-8'?>
<annotation>
    <folder>BrickRay</folder>
    <filename>0a2630dc-db07-11eb-9f9c-3497f683a169.jpg</filename>
    <size>
        <width>600</width>
        <height>600</height>
        <depth>3</depth>
    </size>
    <object>
        <name>lego</name>
        <difficult>0</difficult>
        <bndbox>
            <xmin>45</xmin>
            <ymin>483</ymin>
            <xmax>157</xmax>
            <ymax>600</ymax>
        </bndbox>
    </object>
    <object>
        <name>lego</name>
        <difficult>0</difficult>
        <bndbox>
            <xmin>288</xmin>
            <ymin>0</ymin>
            <xmax>335</xmax>
            <ymax>123</ymax>
        </bndbox>
    </object>
    <object>
        <name>lego</name>
        <difficult>0</difficult>
        <bndbox>
            <xmin>92</xmin>
            <ymin>64</ymin>
            <xmax>147</xmax>
            <ymax>139</ymax>
        </bndbox>
    </object>
    <object>
        <name>lego</name>
        <difficult>0</difficult>
        <bndbox>
            <xmin>486</xmin>
            <ymin>436</ymin>
            <xmax>554</xmax>
            <ymax>496</ymax>
        </bndbox>
    </object>
</annotation>