<?xml version='1.0' encoding='utf-8'?>
<annotation>
    <folder>BrickRay</folder>
    <filename>0a27093a-e4eb-11eb-af3f-b0c090bd3910.jpg</filename>
    <size>
        <width>600</width>
        <height>600</height>
        <depth>3</depth>
    </size>
    <object>
        <name>lego</name>
        <difficult>0</difficult>
        <bndbox>
            <xmin>131</xmin>
            <ymin>0</ymin>
            <xmax>249</xmax>
            <ymax>70</ymax>
        </bndbox>
    </object>
    <object>
        <name>lego</name>
        <difficult>0</difficult>
        <bndbox>
            <xmin>368</xmin>
            <ymin>167</ymin>
            <xmax>456</xmax>
            <ymax>291</ymax>
        </bndbox>
    </object>
    <object>
        <name>lego</name>
        <difficult>0</difficult>
        <bndbox>
            <xmin>455</xmin>
            <ymin>108</ymin>
            <xmax>511</xmax>
            <ymax>143</ymax>
        </bndbox>
    </object>
    <object>
        <name>lego</name>
        <difficult>0</difficult>
        <bndbox>
            <xmin>150</xmin>
            <ymin>500</ymin>
            <xmax>246</xmax>
            <ymax>599</ymax>
        </bndbox>
    </object>
</annotation>