<?xml version='1.0' encoding='utf-8'?>
<annotation>
    <folder>BrickRay</folder>
    <filename>0a271350-e78c-11eb-bf0b-b0c090bd3910.jpg</filename>
    <size>
        <width>300</width>
        <height>300</height>
        <depth>3</depth>
    </size>
    <object>
        <name>lego</name>
        <difficult>0</difficult>
        <bndbox>
            <xmin>224</xmin>
            <ymin>112</ymin>
            <xmax>300</xmax>
            <ymax>265</ymax>
        </bndbox>
    </object>
    <object>
        <name>lego</name>
        <difficult>0</difficult>
        <bndbox>
            <xmin>0</xmin>
            <ymin>31</ymin>
            <xmax>146</xmax>
            <ymax>114</ymax>
        </bndbox>
    </object>
</annotation>