<?xml version='1.0' encoding='utf-8'?>
<annotation>
    <folder>BrickRay</folder>
    <filename>0a274282-e667-11eb-a318-b0c090bd3910.jpg</filename>
    <size>
        <width>300</width>
        <height>300</height>
        <depth>3</depth>
    </size>
    <object>
        <name>lego</name>
        <difficult>0</difficult>
        <bndbox>
            <xmin>0</xmin>
            <ymin>7</ymin>
            <xmax>137</xmax>
            <ymax>143</ymax>
        </bndbox>
    </object>
    <object>
        <name>lego</name>
        <difficult>0</difficult>
        <bndbox>
            <xmin>161</xmin>
            <ymin>175</ymin>
            <xmax>299</xmax>
            <ymax>290</ymax>
        </bndbox>
    </object>
</annotation>