<?xml version='1.0' encoding='utf-8'?>
<annotation>
    <folder>BrickRay</folder>
    <filename>0a289310-e5dd-11eb-9d8b-b0c090bd3910.jpg</filename>
    <size>
        <width>300</width>
        <height>300</height>
        <depth>3</depth>
    </size>
    <object>
        <name>lego</name>
        <difficult>0</difficult>
        <bndbox>
            <xmin>0</xmin>
            <ymin>89</ymin>
            <xmax>86</xmax>
            <ymax>221</ymax>
        </bndbox>
    </object>
    <object>
        <name>lego</name>
        <difficult>0</difficult>
        <bndbox>
            <xmin>65</xmin>
            <ymin>67</ymin>
            <xmax>300</xmax>
            <ymax>212</ymax>
        </bndbox>
    </object>
</annotation>