<?xml version='1.0' encoding='utf-8'?>
<annotation>
    <folder>BrickRay</folder>
    <filename>0a294cbe-e5f0-11eb-8bcc-b0c090bd3910.jpg</filename>
    <size>
        <width>300</width>
        <height>300</height>
        <depth>3</depth>
    </size>
    <object>
        <name>lego</name>
        <difficult>0</difficult>
        <bndbox>
            <xmin>11</xmin>
            <ymin>124</ymin>
            <xmax>287</xmax>
            <ymax>290</ymax>
        </bndbox>
    </object>
    <object>
        <name>lego</name>
        <difficult>0</difficult>
        <bndbox>
            <xmin>51</xmin>
            <ymin>0</ymin>
            <xmax>144</xmax>
            <ymax>300</ymax>
        </bndbox>
    </object>
</annotation>