<?xml version='1.0' encoding='utf-8'?>
<annotation>
    <folder>BrickRay</folder>
    <filename>0a29ca52-d9d5-11eb-a540-3497f683a169.jpg</filename>
    <size>
        <width>600</width>
        <height>600</height>
        <depth>3</depth>
    </size>
    <object>
        <name>lego</name>
        <difficult>0</difficult>
        <bndbox>
            <xmin>121</xmin>
            <ymin>44</ymin>
            <xmax>196</xmax>
            <ymax>99</ymax>
        </bndbox>
    </object>
    <object>
        <name>lego</name>
        <difficult>0</difficult>
        <bndbox>
            <xmin>509</xmin>
            <ymin>220</ymin>
            <xmax>600</xmax>
            <ymax>310</ymax>
        </bndbox>
    </object>
    <object>
        <name>lego</name>
        <difficult>0</difficult>
        <bndbox>
            <xmin>378</xmin>
            <ymin>189</ymin>
            <xmax>444</xmax>
            <ymax>264</ymax>
        </bndbox>
    </object>
    <object>
        <name>lego</name>
        <difficult>0</difficult>
        <bndbox>
            <xmin>0</xmin>
            <ymin>384</ymin>
            <xmax>156</xmax>
            <ymax>533</ymax>
        </bndbox>
    </object>
</annotation>