<?xml version='1.0' encoding='utf-8'?>
<annotation>
    <folder>BrickRay</folder>
    <filename>0a2a2d80-e65b-11eb-a688-b0c090bd3910.jpg</filename>
    <size>
        <width>300</width>
        <height>300</height>
        <depth>3</depth>
    </size>
    <object>
        <name>lego</name>
        <difficult>0</difficult>
        <bndbox>
            <xmin>79</xmin>
            <ymin>48</ymin>
            <xmax>299</xmax>
            <ymax>146</ymax>
        </bndbox>
    </object>
    <object>
        <name>lego</name>
        <difficult>0</difficult>
        <bndbox>
            <xmin>0</xmin>
            <ymin>202</ymin>
            <xmax>225</xmax>
            <ymax>243</ymax>
        </bndbox>
    </object>
</annotation>