<?xml version='1.0' encoding='utf-8'?>
<annotation>
    <folder>BrickRay</folder>
    <filename>0a2ab39e-d944-11eb-882f-b0c090bd3910.jpg</filename>
    <size>
        <width>600</width>
        <height>600</height>
        <depth>3</depth>
    </size>
    <object>
        <name>lego</name>
        <difficult>0</difficult>
        <bndbox>
            <xmin>484</xmin>
            <ymin>413</ymin>
            <xmax>600</xmax>
            <ymax>482</ymax>
        </bndbox>
    </object>
    <object>
        <name>lego</name>
        <difficult>0</difficult>
        <bndbox>
            <xmin>195</xmin>
            <ymin>283</ymin>
            <xmax>320</xmax>
            <ymax>382</ymax>
        </bndbox>
    </object>
    <object>
        <name>lego</name>
        <difficult>0</difficult>
        <bndbox>
            <xmin>0</xmin>
            <ymin>103</ymin>
            <xmax>72</xmax>
            <ymax>157</ymax>
        </bndbox>
    </object>
    <object>
        <name>lego</name>
        <difficult>0</difficult>
        <bndbox>
            <xmin>391</xmin>
            <ymin>203</ymin>
            <xmax>513</xmax>
            <ymax>290</ymax>
        </bndbox>
    </object>
</annotation>