<?xml version='1.0' encoding='utf-8'?>
<annotation>
    <folder>BrickRay</folder>
    <filename>0a2abbac-e798-11eb-8acb-b0c090bd3910.jpg</filename>
    <size>
        <width>300</width>
        <height>300</height>
        <depth>3</depth>
    </size>
    <object>
        <name>lego</name>
        <difficult>0</difficult>
        <bndbox>
            <xmin>0</xmin>
            <ymin>185</ymin>
            <xmax>59</xmax>
            <ymax>252</ymax>
        </bndbox>
    </object>
    <object>
        <name>lego</name>
        <difficult>0</difficult>
        <bndbox>
            <xmin>88</xmin>
            <ymin>41</ymin>
            <xmax>299</xmax>
            <ymax>233</ymax>
        </bndbox>
    </object>
</annotation>