<?xml version='1.0' encoding='utf-8'?>
<annotation>
    <folder>BrickRay</folder>
    <filename>0a2add08-da95-11eb-bd40-3497f683a169.jpg</filename>
    <size>
        <width>600</width>
        <height>600</height>
        <depth>3</depth>
    </size>
    <object>
        <name>lego</name>
        <difficult>0</difficult>
        <bndbox>
            <xmin>134</xmin>
            <ymin>7</ymin>
            <xmax>167</xmax>
            <ymax>49</ymax>
        </bndbox>
    </object>
    <object>
        <name>lego</name>
        <difficult>0</difficult>
        <bndbox>
            <xmin>297</xmin>
            <ymin>107</ymin>
            <xmax>600</xmax>
            <ymax>202</ymax>
        </bndbox>
    </object>
    <object>
        <name>lego</name>
        <difficult>0</difficult>
        <bndbox>
            <xmin>0</xmin>
            <ymin>561</ymin>
            <xmax>102</xmax>
            <ymax>590</ymax>
        </bndbox>
    </object>
    <object>
        <name>lego</name>
        <difficult>0</difficult>
        <bndbox>
            <xmin>280</xmin>
            <ymin>253</ymin>
            <xmax>312</xmax>
            <ymax>342</ymax>
        </bndbox>
    </object>
</annotation>