<?xml version='1.0' encoding='utf-8'?>
<annotation>
    <folder>BrickRay</folder>
    <filename>0a2afbd8-e309-11eb-92e4-b0c090bd3910.jpg</filename>
    <size>
        <width>600</width>
        <height>600</height>
        <depth>3</depth>
    </size>
    <object>
        <name>lego</name>
        <difficult>0</difficult>
        <bndbox>
            <xmin>275</xmin>
            <ymin>197</ymin>
            <xmax>320</xmax>
            <ymax>261</ymax>
        </bndbox>
    </object>
    <object>
        <name>lego</name>
        <difficult>0</difficult>
        <bndbox>
            <xmin>0</xmin>
            <ymin>168</ymin>
            <xmax>308</xmax>
            <ymax>326</ymax>
        </bndbox>
    </object>
    <object>
        <name>lego</name>
        <difficult>0</difficult>
        <bndbox>
            <xmin>179</xmin>
            <ymin>190</ymin>
            <xmax>244</xmax>
            <ymax>260</ymax>
        </bndbox>
    </object>
    <object>
        <name>lego</name>
        <difficult>0</difficult>
        <bndbox>
            <xmin>530</xmin>
            <ymin>291</ymin>
            <xmax>599</xmax>
            <ymax>411</ymax>
        </bndbox>
    </object>
</annotation>