<?xml version='1.0' encoding='utf-8'?>
<annotation>
    <folder>BrickRay</folder>
    <filename>0a2ae2e8-db12-11eb-90a4-3497f683a169.jpg</filename>
    <size>
        <width>600</width>
        <height>600</height>
        <depth>3</depth>
    </size>
    <object>
        <name>lego</name>
        <difficult>0</difficult>
        <bndbox>
            <xmin>0</xmin>
            <ymin>328</ymin>
            <xmax>92</xmax>
            <ymax>415</ymax>
        </bndbox>
    </object>
    <object>
        <name>lego</name>
        <difficult>0</difficult>
        <bndbox>
            <xmin>292</xmin>
            <ymin>197</ymin>
            <xmax>473</xmax>
            <ymax>417</ymax>
        </bndbox>
    </object>
    <object>
        <name>lego</name>
        <difficult>0</difficult>
        <bndbox>
            <xmin>481</xmin>
            <ymin>181</ymin>
            <xmax>523</xmax>
            <ymax>222</ymax>
        </bndbox>
    </object>
    <object>
        <name>lego</name>
        <difficult>0</difficult>
        <bndbox>
            <xmin>420</xmin>
            <ymin>164</ymin>
            <xmax>600</xmax>
            <ymax>329</ymax>
        </bndbox>
    </object>
</annotation>