<?xml version='1.0' encoding='utf-8'?>
<annotation>
    <folder>BrickRay</folder>
    <filename>0a2d4376-e65f-11eb-9d42-b0c090bd3910.jpg</filename>
    <size>
        <width>300</width>
        <height>300</height>
        <depth>3</depth>
    </size>
    <object>
        <name>lego</name>
        <difficult>0</difficult>
        <bndbox>
            <xmin>41</xmin>
            <ymin>0</ymin>
            <xmax>94</xmax>
            <ymax>61</ymax>
        </bndbox>
    </object>
    <object>
        <name>lego</name>
        <difficult>0</difficult>
        <bndbox>
            <xmin>63</xmin>
            <ymin>125</ymin>
            <xmax>240</xmax>
            <ymax>300</ymax>
        </bndbox>
    </object>
</annotation>