<?xml version='1.0' encoding='utf-8'?>
<annotation>
    <folder>BrickRay</folder>
    <filename>0a2d13c0-db11-11eb-802a-3497f683a169.jpg</filename>
    <size>
        <width>600</width>
        <height>600</height>
        <depth>3</depth>
    </size>
    <object>
        <name>lego</name>
        <difficult>0</difficult>
        <bndbox>
            <xmin>512</xmin>
            <ymin>367</ymin>
            <xmax>600</xmax>
            <ymax>444</ymax>
        </bndbox>
    </object>
    <object>
        <name>lego</name>
        <difficult>0</difficult>
        <bndbox>
            <xmin>70</xmin>
            <ymin>141</ymin>
            <xmax>396</xmax>
            <ymax>474</ymax>
        </bndbox>
    </object>
    <object>
        <name>lego</name>
        <difficult>0</difficult>
        <bndbox>
            <xmin>421</xmin>
            <ymin>176</ymin>
            <xmax>515</xmax>
            <ymax>250</ymax>
        </bndbox>
    </object>
    <object>
        <name>lego</name>
        <difficult>0</difficult>
        <bndbox>
            <xmin>0</xmin>
            <ymin>97</ymin>
            <xmax>139</xmax>
            <ymax>281</ymax>
        </bndbox>
    </object>
</annotation>