<?xml version='1.0' encoding='utf-8'?>
<annotation>
    <folder>BrickRay</folder>
    <filename>0a2dfc22-e4b1-11eb-9f43-b0c090bd3910.jpg</filename>
    <size>
        <width>600</width>
        <height>600</height>
        <depth>3</depth>
    </size>
    <object>
        <name>lego</name>
        <difficult>0</difficult>
        <bndbox>
            <xmin>261</xmin>
            <ymin>0</ymin>
            <xmax>307</xmax>
            <ymax>216</ymax>
        </bndbox>
    </object>
    <object>
        <name>lego</name>
        <difficult>0</difficult>
        <bndbox>
            <xmin>233</xmin>
            <ymin>452</ymin>
            <xmax>414</xmax>
            <ymax>495</ymax>
        </bndbox>
    </object>
    <object>
        <name>lego</name>
        <difficult>0</difficult>
        <bndbox>
            <xmin>138</xmin>
            <ymin>185</ymin>
            <xmax>223</xmax>
            <ymax>276</ymax>
        </bndbox>
    </object>
    <object>
        <name>lego</name>
        <difficult>0</difficult>
        <bndbox>
            <xmin>306</xmin>
            <ymin>361</ymin>
            <xmax>435</xmax>
            <ymax>600</ymax>
        </bndbox>
    </object>
</annotation>