<?xml version='1.0' encoding='utf-8'?>
<annotation>
    <folder>BrickRay</folder>
    <filename>0a2dba1c-da91-11eb-8056-3497f683a169.jpg</filename>
    <size>
        <width>600</width>
        <height>600</height>
        <depth>3</depth>
    </size>
    <object>
        <name>lego</name>
        <difficult>0</difficult>
        <bndbox>
            <xmin>403</xmin>
            <ymin>303</ymin>
            <xmax>599</xmax>
            <ymax>436</ymax>
        </bndbox>
    </object>
    <object>
        <name>lego</name>
        <difficult>0</difficult>
        <bndbox>
            <xmin>305</xmin>
            <ymin>181</ymin>
            <xmax>352</xmax>
            <ymax>227</ymax>
        </bndbox>
    </object>
    <object>
        <name>lego</name>
        <difficult>0</difficult>
        <bndbox>
            <xmin>102</xmin>
            <ymin>232</ymin>
            <xmax>149</xmax>
            <ymax>320</ymax>
        </bndbox>
    </object>
    <object>
        <name>lego</name>
        <difficult>0</difficult>
        <bndbox>
            <xmin>0</xmin>
            <ymin>127</ymin>
            <xmax>50</xmax>
            <ymax>173</ymax>
        </bndbox>
    </object>
</annotation>