<?xml version='1.0' encoding='utf-8'?>
<annotation>
    <folder>BrickRay</folder>
    <filename>0a2df780-d9e1-11eb-9cdc-3497f683a169.jpg</filename>
    <size>
        <width>600</width>
        <height>600</height>
        <depth>3</depth>
    </size>
    <object>
        <name>lego</name>
        <difficult>0</difficult>
        <bndbox>
            <xmin>34</xmin>
            <ymin>260</ymin>
            <xmax>185</xmax>
            <ymax>331</ymax>
        </bndbox>
    </object>
    <object>
        <name>lego</name>
        <difficult>0</difficult>
        <bndbox>
            <xmin>298</xmin>
            <ymin>0</ymin>
            <xmax>573</xmax>
            <ymax>98</ymax>
        </bndbox>
    </object>
    <object>
        <name>lego</name>
        <difficult>0</difficult>
        <bndbox>
            <xmin>452</xmin>
            <ymin>547</ymin>
            <xmax>503</xmax>
            <ymax>599</ymax>
        </bndbox>
    </object>
    <object>
        <name>lego</name>
        <difficult>0</difficult>
        <bndbox>
            <xmin>28</xmin>
            <ymin>103</ymin>
            <xmax>67</xmax>
            <ymax>169</ymax>
        </bndbox>
    </object>
</annotation>