<?xml version='1.0' encoding='utf-8'?>
<annotation>
    <folder>BrickRay</folder>
    <filename>0a2d1898-db5f-11eb-90fd-3497f683a169.jpg</filename>
    <size>
        <width>600</width>
        <height>600</height>
        <depth>3</depth>
    </size>
    <object>
        <name>lego</name>
        <difficult>0</difficult>
        <bndbox>
            <xmin>93</xmin>
            <ymin>0</ymin>
            <xmax>153</xmax>
            <ymax>137</ymax>
        </bndbox>
    </object>
    <object>
        <name>lego</name>
        <difficult>0</difficult>
        <bndbox>
            <xmin>217</xmin>
            <ymin>117</ymin>
            <xmax>299</xmax>
            <ymax>164</ymax>
        </bndbox>
    </object>
    <object>
        <name>lego</name>
        <difficult>0</difficult>
        <bndbox>
            <xmin>330</xmin>
            <ymin>228</ymin>
            <xmax>406</xmax>
            <ymax>343</ymax>
        </bndbox>
    </object>
    <object>
        <name>lego</name>
        <difficult>0</difficult>
        <bndbox>
            <xmin>313</xmin>
            <ymin>203</ymin>
            <xmax>503</xmax>
            <ymax>600</ymax>
        </bndbox>
    </object>
</annotation>