<?xml version='1.0' encoding='utf-8'?>
<annotation>
    <folder>BrickRay</folder>
    <filename>0a2d8a02-e679-11eb-bc06-b0c090bd3910.jpg</filename>
    <size>
        <width>300</width>
        <height>300</height>
        <depth>3</depth>
    </size>
    <object>
        <name>lego</name>
        <difficult>0</difficult>
        <bndbox>
            <xmin>84</xmin>
            <ymin>40</ymin>
            <xmax>300</xmax>
            <ymax>176</ymax>
        </bndbox>
    </object>
    <object>
        <name>lego</name>
        <difficult>0</difficult>
        <bndbox>
            <xmin>0</xmin>
            <ymin>167</ymin>
            <xmax>79</xmax>
            <ymax>268</ymax>
        </bndbox>
    </object>
</annotation>