<?xml version='1.0' encoding='utf-8'?>
<annotation>
    <folder>BrickRay</folder>
    <filename>0a2e6b7a-db33-11eb-8cfc-3497f683a169.jpg</filename>
    <size>
        <width>600</width>
        <height>600</height>
        <depth>3</depth>
    </size>
    <object>
        <name>lego</name>
        <difficult>0</difficult>
        <bndbox>
            <xmin>172</xmin>
            <ymin>119</ymin>
            <xmax>472</xmax>
            <ymax>600</ymax>
        </bndbox>
    </object>
    <object>
        <name>lego</name>
        <difficult>0</difficult>
        <bndbox>
            <xmin>76</xmin>
            <ymin>371</ymin>
            <xmax>227</xmax>
            <ymax>561</ymax>
        </bndbox>
    </object>
    <object>
        <name>lego</name>
        <difficult>0</difficult>
        <bndbox>
            <xmin>454</xmin>
            <ymin>141</ymin>
            <xmax>535</xmax>
            <ymax>234</ymax>
        </bndbox>
    </object>
    <object>
        <name>lego</name>
        <difficult>0</difficult>
        <bndbox>
            <xmin>246</xmin>
            <ymin>0</ymin>
            <xmax>475</xmax>
            <ymax>190</ymax>
        </bndbox>
    </object>
</annotation>