<?xml version='1.0' encoding='utf-8'?>
<annotation>
    <folder>BrickRay</folder>
    <filename>0a2eb1f0-db72-11eb-b9c3-3497f683a169.jpg</filename>
    <size>
        <width>600</width>
        <height>600</height>
        <depth>3</depth>
    </size>
    <object>
        <name>lego</name>
        <difficult>0</difficult>
        <bndbox>
            <xmin>19</xmin>
            <ymin>0</ymin>
            <xmax>225</xmax>
            <ymax>153</ymax>
        </bndbox>
    </object>
    <object>
        <name>lego</name>
        <difficult>0</difficult>
        <bndbox>
            <xmin>125</xmin>
            <ymin>71</ymin>
            <xmax>237</xmax>
            <ymax>166</ymax>
        </bndbox>
    </object>
    <object>
        <name>lego</name>
        <difficult>0</difficult>
        <bndbox>
            <xmin>258</xmin>
            <ymin>144</ymin>
            <xmax>297</xmax>
            <ymax>200</ymax>
        </bndbox>
    </object>
    <object>
        <name>lego</name>
        <difficult>0</difficult>
        <bndbox>
            <xmin>186</xmin>
            <ymin>227</ymin>
            <xmax>577</xmax>
            <ymax>600</ymax>
        </bndbox>
    </object>
</annotation>