<?xml version='1.0' encoding='utf-8'?>
<annotation>
    <folder>BrickRay</folder>
    <filename>0a2fe01e-e7bd-11eb-a357-b0c090bd3910.jpg</filename>
    <size>
        <width>300</width>
        <height>300</height>
        <depth>3</depth>
    </size>
    <object>
        <name>lego</name>
        <difficult>0</difficult>
        <bndbox>
            <xmin>148</xmin>
            <ymin>0</ymin>
            <xmax>198</xmax>
            <ymax>300</ymax>
        </bndbox>
    </object>
    <object>
        <name>lego</name>
        <difficult>0</difficult>
        <bndbox>
            <xmin>100</xmin>
            <ymin>194</ymin>
            <xmax>200</xmax>
            <ymax>294</ymax>
        </bndbox>
    </object>
</annotation>