<?xml version='1.0' encoding='utf-8'?>
<annotation>
    <folder>BrickRay</folder>
    <filename>0a2fb098-d950-11eb-aee9-b0c090bd3910.jpg</filename>
    <size>
        <width>600</width>
        <height>600</height>
        <depth>3</depth>
    </size>
    <object>
        <name>lego</name>
        <difficult>0</difficult>
        <bndbox>
            <xmin>0</xmin>
            <ymin>362</ymin>
            <xmax>63</xmax>
            <ymax>444</ymax>
        </bndbox>
    </object>
    <object>
        <name>lego</name>
        <difficult>0</difficult>
        <bndbox>
            <xmin>423</xmin>
            <ymin>221</ymin>
            <xmax>508</xmax>
            <ymax>296</ymax>
        </bndbox>
    </object>
    <object>
        <name>lego</name>
        <difficult>0</difficult>
        <bndbox>
            <xmin>413</xmin>
            <ymin>60</ymin>
            <xmax>591</xmax>
            <ymax>231</ymax>
        </bndbox>
    </object>
    <object>
        <name>lego</name>
        <difficult>0</difficult>
        <bndbox>
            <xmin>479</xmin>
            <ymin>277</ymin>
            <xmax>600</xmax>
            <ymax>535</ymax>
        </bndbox>
    </object>
</annotation>