<?xml version='1.0' encoding='utf-8'?>
<annotation>
    <folder>BrickRay</folder>
    <filename>0a2f6134-da08-11eb-be0f-3497f683a169.jpg</filename>
    <size>
        <width>600</width>
        <height>600</height>
        <depth>3</depth>
    </size>
    <object>
        <name>lego</name>
        <difficult>0</difficult>
        <bndbox>
            <xmin>0</xmin>
            <ymin>318</ymin>
            <xmax>64</xmax>
            <ymax>413</ymax>
        </bndbox>
    </object>
    <object>
        <name>lego</name>
        <difficult>0</difficult>
        <bndbox>
            <xmin>359</xmin>
            <ymin>149</ymin>
            <xmax>545</xmax>
            <ymax>283</ymax>
        </bndbox>
    </object>
    <object>
        <name>lego</name>
        <difficult>0</difficult>
        <bndbox>
            <xmin>545</xmin>
            <ymin>334</ymin>
            <xmax>600</xmax>
            <ymax>394</ymax>
        </bndbox>
    </object>
    <object>
        <name>lego</name>
        <difficult>0</difficult>
        <bndbox>
            <xmin>245</xmin>
            <ymin>271</ymin>
            <xmax>324</xmax>
            <ymax>402</ymax>
        </bndbox>
    </object>
</annotation>