<?xml version='1.0' encoding='utf-8'?>
<annotation>
    <folder>BrickRay</folder>
    <filename>0a31a680-db71-11eb-8799-3497f683a169.jpg</filename>
    <size>
        <width>600</width>
        <height>600</height>
        <depth>3</depth>
    </size>
    <object>
        <name>lego</name>
        <difficult>0</difficult>
        <bndbox>
            <xmin>240</xmin>
            <ymin>49</ymin>
            <xmax>379</xmax>
            <ymax>110</ymax>
        </bndbox>
    </object>
    <object>
        <name>lego</name>
        <difficult>0</difficult>
        <bndbox>
            <xmin>431</xmin>
            <ymin>83</ymin>
            <xmax>528</xmax>
            <ymax>312</ymax>
        </bndbox>
    </object>
    <object>
        <name>lego</name>
        <difficult>0</difficult>
        <bndbox>
            <xmin>60</xmin>
            <ymin>492</ymin>
            <xmax>259</xmax>
            <ymax>600</ymax>
        </bndbox>
    </object>
    <object>
        <name>lego</name>
        <difficult>0</difficult>
        <bndbox>
            <xmin>71</xmin>
            <ymin>0</ymin>
            <xmax>124</xmax>
            <ymax>68</ymax>
        </bndbox>
    </object>
</annotation>