<?xml version='1.0' encoding='utf-8'?>
<annotation>
    <folder>BrickRay</folder>
    <filename>0a31ad66-daab-11eb-9299-3497f683a169.jpg</filename>
    <size>
        <width>600</width>
        <height>600</height>
        <depth>3</depth>
    </size>
    <object>
        <name>lego</name>
        <difficult>0</difficult>
        <bndbox>
            <xmin>379</xmin>
            <ymin>54</ymin>
            <xmax>390</xmax>
            <ymax>103</ymax>
        </bndbox>
    </object>
    <object>
        <name>lego</name>
        <difficult>0</difficult>
        <bndbox>
            <xmin>544</xmin>
            <ymin>443</ymin>
            <xmax>600</xmax>
            <ymax>518</ymax>
        </bndbox>
    </object>
    <object>
        <name>lego</name>
        <difficult>0</difficult>
        <bndbox>
            <xmin>0</xmin>
            <ymin>155</ymin>
            <xmax>24</xmax>
            <ymax>199</ymax>
        </bndbox>
    </object>
    <object>
        <name>lego</name>
        <difficult>0</difficult>
        <bndbox>
            <xmin>301</xmin>
            <ymin>161</ymin>
            <xmax>388</xmax>
            <ymax>419</ymax>
        </bndbox>
    </object>
</annotation>