<?xml version='1.0' encoding='utf-8'?>
<annotation>
    <folder>BrickRay</folder>
    <filename>0a327c1a-e5bf-11eb-b82b-b0c090bd3910.jpg</filename>
    <size>
        <width>300</width>
        <height>300</height>
        <depth>3</depth>
    </size>
    <object>
        <name>lego</name>
        <difficult>0</difficult>
        <bndbox>
            <xmin>271</xmin>
            <ymin>161</ymin>
            <xmax>300</xmax>
            <ymax>194</ymax>
        </bndbox>
    </object>
    <object>
        <name>lego</name>
        <difficult>0</difficult>
        <bndbox>
            <xmin>0</xmin>
            <ymin>94</ymin>
            <xmax>178</xmax>
            <ymax>195</ymax>
        </bndbox>
    </object>
</annotation>