<?xml version='1.0' encoding='utf-8'?>
<annotation>
    <folder>BrickRay</folder>
    <filename>0a32541e-e47d-11eb-8b39-b0c090bd3910.jpg</filename>
    <size>
        <width>600</width>
        <height>600</height>
        <depth>3</depth>
    </size>
    <object>
        <name>lego</name>
        <difficult>0</difficult>
        <bndbox>
            <xmin>0</xmin>
            <ymin>516</ymin>
            <xmax>86</xmax>
            <ymax>595</ymax>
        </bndbox>
    </object>
    <object>
        <name>lego</name>
        <difficult>0</difficult>
        <bndbox>
            <xmin>402</xmin>
            <ymin>436</ymin>
            <xmax>546</xmax>
            <ymax>581</ymax>
        </bndbox>
    </object>
    <object>
        <name>lego</name>
        <difficult>0</difficult>
        <bndbox>
            <xmin>23</xmin>
            <ymin>2</ymin>
            <xmax>69</xmax>
            <ymax>73</ymax>
        </bndbox>
    </object>
    <object>
        <name>lego</name>
        <difficult>0</difficult>
        <bndbox>
            <xmin>506</xmin>
            <ymin>431</ymin>
            <xmax>599</xmax>
            <ymax>490</ymax>
        </bndbox>
    </object>
</annotation>