<?xml version='1.0' encoding='utf-8'?>
<annotation>
    <folder>BrickRay</folder>
    <filename>0a327cda-daf5-11eb-b19f-3497f683a169.jpg</filename>
    <size>
        <width>600</width>
        <height>600</height>
        <depth>3</depth>
    </size>
    <object>
        <name>lego</name>
        <difficult>0</difficult>
        <bndbox>
            <xmin>526</xmin>
            <ymin>308</ymin>
            <xmax>599</xmax>
            <ymax>369</ymax>
        </bndbox>
    </object>
    <object>
        <name>lego</name>
        <difficult>0</difficult>
        <bndbox>
            <xmin>175</xmin>
            <ymin>195</ymin>
            <xmax>559</xmax>
            <ymax>395</ymax>
        </bndbox>
    </object>
    <object>
        <name>lego</name>
        <difficult>0</difficult>
        <bndbox>
            <xmin>120</xmin>
            <ymin>164</ymin>
            <xmax>200</xmax>
            <ymax>304</ymax>
        </bndbox>
    </object>
    <object>
        <name>lego</name>
        <difficult>0</difficult>
        <bndbox>
            <xmin>0</xmin>
            <ymin>306</ymin>
            <xmax>108</xmax>
            <ymax>391</ymax>
        </bndbox>
    </object>
</annotation>