<?xml version='1.0' encoding='utf-8'?>
<annotation>
    <folder>BrickRay</folder>
    <filename>0a32dc98-e2fa-11eb-91f0-b0c090bd3910.jpg</filename>
    <size>
        <width>600</width>
        <height>600</height>
        <depth>3</depth>
    </size>
    <object>
        <name>lego</name>
        <difficult>0</difficult>
        <bndbox>
            <xmin>390</xmin>
            <ymin>294</ymin>
            <xmax>599</xmax>
            <ymax>381</ymax>
        </bndbox>
    </object>
    <object>
        <name>lego</name>
        <difficult>0</difficult>
        <bndbox>
            <xmin>195</xmin>
            <ymin>60</ymin>
            <xmax>216</xmax>
            <ymax>152</ymax>
        </bndbox>
    </object>
    <object>
        <name>lego</name>
        <difficult>0</difficult>
        <bndbox>
            <xmin>40</xmin>
            <ymin>297</ymin>
            <xmax>103</xmax>
            <ymax>516</ymax>
        </bndbox>
    </object>
    <object>
        <name>lego</name>
        <difficult>0</difficult>
        <bndbox>
            <xmin>0</xmin>
            <ymin>84</ymin>
            <xmax>52</xmax>
            <ymax>391</ymax>
        </bndbox>
    </object>
</annotation>