<?xml version='1.0' encoding='utf-8'?>
<annotation>
    <folder>BrickRay</folder>
    <filename>0a330906-e4ba-11eb-bb03-b0c090bd3910.jpg</filename>
    <size>
        <width>600</width>
        <height>600</height>
        <depth>3</depth>
    </size>
    <object>
        <name>lego</name>
        <difficult>0</difficult>
        <bndbox>
            <xmin>46</xmin>
            <ymin>0</ymin>
            <xmax>142</xmax>
            <ymax>49</ymax>
        </bndbox>
    </object>
    <object>
        <name>lego</name>
        <difficult>0</difficult>
        <bndbox>
            <xmin>375</xmin>
            <ymin>210</ymin>
            <xmax>564</xmax>
            <ymax>343</ymax>
        </bndbox>
    </object>
    <object>
        <name>lego</name>
        <difficult>0</difficult>
        <bndbox>
            <xmin>352</xmin>
            <ymin>185</ymin>
            <xmax>471</xmax>
            <ymax>282</ymax>
        </bndbox>
    </object>
    <object>
        <name>lego</name>
        <difficult>0</difficult>
        <bndbox>
            <xmin>39</xmin>
            <ymin>353</ymin>
            <xmax>340</xmax>
            <ymax>599</ymax>
        </bndbox>
    </object>
</annotation>