<?xml version='1.0' encoding='utf-8'?>
<annotation>
    <folder>BrickRay</folder>
    <filename>0a332ee4-e300-11eb-9dd4-b0c090bd3910.jpg</filename>
    <size>
        <width>600</width>
        <height>600</height>
        <depth>3</depth>
    </size>
    <object>
        <name>lego</name>
        <difficult>0</difficult>
        <bndbox>
            <xmin>302</xmin>
            <ymin>0</ymin>
            <xmax>466</xmax>
            <ymax>75</ymax>
        </bndbox>
    </object>
    <object>
        <name>lego</name>
        <difficult>0</difficult>
        <bndbox>
            <xmin>185</xmin>
            <ymin>397</ymin>
            <xmax>247</xmax>
            <ymax>600</ymax>
        </bndbox>
    </object>
    <object>
        <name>lego</name>
        <difficult>0</difficult>
        <bndbox>
            <xmin>168</xmin>
            <ymin>130</ymin>
            <xmax>296</xmax>
            <ymax>202</ymax>
        </bndbox>
    </object>
    <object>
        <name>lego</name>
        <difficult>0</difficult>
        <bndbox>
            <xmin>188</xmin>
            <ymin>254</ymin>
            <xmax>465</xmax>
            <ymax>361</ymax>
        </bndbox>
    </object>
</annotation>