<?xml version='1.0' encoding='utf-8'?>
<annotation>
    <folder>BrickRay</folder>
    <filename>0a33834a-da1c-11eb-a32c-3497f683a169.jpg</filename>
    <size>
        <width>600</width>
        <height>600</height>
        <depth>3</depth>
    </size>
    <object>
        <name>lego</name>
        <difficult>0</difficult>
        <bndbox>
            <xmin>323</xmin>
            <ymin>217</ymin>
            <xmax>381</xmax>
            <ymax>363</ymax>
        </bndbox>
    </object>
    <object>
        <name>lego</name>
        <difficult>0</difficult>
        <bndbox>
            <xmin>427</xmin>
            <ymin>247</ymin>
            <xmax>600</xmax>
            <ymax>435</ymax>
        </bndbox>
    </object>
    <object>
        <name>lego</name>
        <difficult>0</difficult>
        <bndbox>
            <xmin>92</xmin>
            <ymin>316</ymin>
            <xmax>164</xmax>
            <ymax>489</ymax>
        </bndbox>
    </object>
    <object>
        <name>lego</name>
        <difficult>0</difficult>
        <bndbox>
            <xmin>0</xmin>
            <ymin>82</ymin>
            <xmax>104</xmax>
            <ymax>170</ymax>
        </bndbox>
    </object>
</annotation>