<?xml version='1.0' encoding='utf-8'?>
<annotation>
    <folder>BrickRay</folder>
    <filename>0a34eb7e-e5ee-11eb-91a5-b0c090bd3910.jpg</filename>
    <size>
        <width>300</width>
        <height>300</height>
        <depth>3</depth>
    </size>
    <object>
        <name>lego</name>
        <difficult>0</difficult>
        <bndbox>
            <xmin>22</xmin>
            <ymin>0</ymin>
            <xmax>164</xmax>
            <ymax>292</ymax>
        </bndbox>
    </object>
    <object>
        <name>lego</name>
        <difficult>0</difficult>
        <bndbox>
            <xmin>19</xmin>
            <ymin>184</ymin>
            <xmax>292</xmax>
            <ymax>300</ymax>
        </bndbox>
    </object>
</annotation>