<?xml version='1.0' encoding='utf-8'?>
<annotation>
    <folder>BrickRay</folder>
    <filename>0a342670-e2f8-11eb-a301-b0c090bd3910.jpg</filename>
    <size>
        <width>600</width>
        <height>600</height>
        <depth>3</depth>
    </size>
    <object>
        <name>lego</name>
        <difficult>0</difficult>
        <bndbox>
            <xmin>247</xmin>
            <ymin>471</ymin>
            <xmax>351</xmax>
            <ymax>599</ymax>
        </bndbox>
    </object>
    <object>
        <name>lego</name>
        <difficult>0</difficult>
        <bndbox>
            <xmin>410</xmin>
            <ymin>0</ymin>
            <xmax>475</xmax>
            <ymax>55</ymax>
        </bndbox>
    </object>
    <object>
        <name>lego</name>
        <difficult>0</difficult>
        <bndbox>
            <xmin>366</xmin>
            <ymin>446</ymin>
            <xmax>483</xmax>
            <ymax>563</ymax>
        </bndbox>
    </object>
    <object>
        <name>lego</name>
        <difficult>0</difficult>
        <bndbox>
            <xmin>107</xmin>
            <ymin>368</ymin>
            <xmax>212</xmax>
            <ymax>460</ymax>
        </bndbox>
    </object>
</annotation>