<?xml version='1.0' encoding='utf-8'?>
<annotation>
    <folder>BrickRay</folder>
    <filename>0a34ddf4-db17-11eb-82b4-3497f683a169.jpg</filename>
    <size>
        <width>600</width>
        <height>600</height>
        <depth>3</depth>
    </size>
    <object>
        <name>lego</name>
        <difficult>0</difficult>
        <bndbox>
            <xmin>276</xmin>
            <ymin>484</ymin>
            <xmax>416</xmax>
            <ymax>599</ymax>
        </bndbox>
    </object>
    <object>
        <name>lego</name>
        <difficult>0</difficult>
        <bndbox>
            <xmin>365</xmin>
            <ymin>0</ymin>
            <xmax>415</xmax>
            <ymax>178</ymax>
        </bndbox>
    </object>
    <object>
        <name>lego</name>
        <difficult>0</difficult>
        <bndbox>
            <xmin>138</xmin>
            <ymin>165</ymin>
            <xmax>462</xmax>
            <ymax>346</ymax>
        </bndbox>
    </object>
    <object>
        <name>lego</name>
        <difficult>0</difficult>
        <bndbox>
            <xmin>276</xmin>
            <ymin>344</ymin>
            <xmax>454</xmax>
            <ymax>523</ymax>
        </bndbox>
    </object>
</annotation>