<?xml version='1.0' encoding='utf-8'?>
<annotation>
    <folder>BrickRay</folder>
    <filename>0a3530c8-da5a-11eb-a91c-3497f683a169.jpg</filename>
    <size>
        <width>600</width>
        <height>600</height>
        <depth>3</depth>
    </size>
    <object>
        <name>lego</name>
        <difficult>0</difficult>
        <bndbox>
            <xmin>379</xmin>
            <ymin>0</ymin>
            <xmax>425</xmax>
            <ymax>33</ymax>
        </bndbox>
    </object>
    <object>
        <name>lego</name>
        <difficult>0</difficult>
        <bndbox>
            <xmin>267</xmin>
            <ymin>37</ymin>
            <xmax>460</xmax>
            <ymax>181</ymax>
        </bndbox>
    </object>
    <object>
        <name>lego</name>
        <difficult>0</difficult>
        <bndbox>
            <xmin>132</xmin>
            <ymin>326</ymin>
            <xmax>462</xmax>
            <ymax>600</ymax>
        </bndbox>
    </object>
    <object>
        <name>lego</name>
        <difficult>0</difficult>
        <bndbox>
            <xmin>373</xmin>
            <ymin>394</ymin>
            <xmax>409</xmax>
            <ymax>426</ymax>
        </bndbox>
    </object>
</annotation>