<?xml version='1.0' encoding='utf-8'?>
<annotation>
    <folder>BrickRay</folder>
    <filename>0a35a830-e791-11eb-84e1-b0c090bd3910.jpg</filename>
    <size>
        <width>300</width>
        <height>300</height>
        <depth>3</depth>
    </size>
    <object>
        <name>lego</name>
        <difficult>0</difficult>
        <bndbox>
            <xmin>93</xmin>
            <ymin>91</ymin>
            <xmax>233</xmax>
            <ymax>239</ymax>
        </bndbox>
    </object>
    <object>
        <name>lego</name>
        <difficult>0</difficult>
        <bndbox>
            <xmin>0</xmin>
            <ymin>18</ymin>
            <xmax>299</xmax>
            <ymax>281</ymax>
        </bndbox>
    </object>
</annotation>