<?xml version='1.0' encoding='utf-8'?>
<annotation>
    <folder>BrickRay</folder>
    <filename>0a35e180-dacf-11eb-a1bb-3497f683a169.jpg</filename>
    <size>
        <width>600</width>
        <height>600</height>
        <depth>3</depth>
    </size>
    <object>
        <name>lego</name>
        <difficult>0</difficult>
        <bndbox>
            <xmin>425</xmin>
            <ymin>119</ymin>
            <xmax>489</xmax>
            <ymax>179</ymax>
        </bndbox>
    </object>
    <object>
        <name>lego</name>
        <difficult>0</difficult>
        <bndbox>
            <xmin>290</xmin>
            <ymin>0</ymin>
            <xmax>338</xmax>
            <ymax>55</ymax>
        </bndbox>
    </object>
    <object>
        <name>lego</name>
        <difficult>0</difficult>
        <bndbox>
            <xmin>123</xmin>
            <ymin>373</ymin>
            <xmax>345</xmax>
            <ymax>599</ymax>
        </bndbox>
    </object>
    <object>
        <name>lego</name>
        <difficult>0</difficult>
        <bndbox>
            <xmin>419</xmin>
            <ymin>357</ymin>
            <xmax>487</xmax>
            <ymax>415</ymax>
        </bndbox>
    </object>
</annotation>