<?xml version='1.0' encoding='utf-8'?>
<annotation>
    <folder>BrickRay</folder>
    <filename>0a35b2d2-dafd-11eb-9c6c-3497f683a169.jpg</filename>
    <size>
        <width>600</width>
        <height>600</height>
        <depth>3</depth>
    </size>
    <object>
        <name>lego</name>
        <difficult>0</difficult>
        <bndbox>
            <xmin>59</xmin>
            <ymin>113</ymin>
            <xmax>505</xmax>
            <ymax>260</ymax>
        </bndbox>
    </object>
    <object>
        <name>lego</name>
        <difficult>0</difficult>
        <bndbox>
            <xmin>72</xmin>
            <ymin>0</ymin>
            <xmax>109</xmax>
            <ymax>109</ymax>
        </bndbox>
    </object>
    <object>
        <name>lego</name>
        <difficult>0</difficult>
        <bndbox>
            <xmin>196</xmin>
            <ymin>492</ymin>
            <xmax>359</xmax>
            <ymax>599</ymax>
        </bndbox>
    </object>
    <object>
        <name>lego</name>
        <difficult>0</difficult>
        <bndbox>
            <xmin>420</xmin>
            <ymin>49</ymin>
            <xmax>540</xmax>
            <ymax>204</ymax>
        </bndbox>
    </object>
</annotation>