<?xml version='1.0' encoding='utf-8'?>
<annotation>
    <folder>BrickRay</folder>
    <filename>0a35cee8-e66a-11eb-9bef-b0c090bd3910.jpg</filename>
    <size>
        <width>300</width>
        <height>300</height>
        <depth>3</depth>
    </size>
    <object>
        <name>lego</name>
        <difficult>0</difficult>
        <bndbox>
            <xmin>0</xmin>
            <ymin>58</ymin>
            <xmax>176</xmax>
            <ymax>157</ymax>
        </bndbox>
    </object>
    <object>
        <name>lego</name>
        <difficult>0</difficult>
        <bndbox>
            <xmin>58</xmin>
            <ymin>18</ymin>
            <xmax>300</xmax>
            <ymax>271</ymax>
        </bndbox>
    </object>
</annotation>