<?xml version='1.0' encoding='utf-8'?>
<annotation>
    <folder>BrickRay</folder>
    <filename>0a3632d2-e696-11eb-bea1-b0c090bd3910.jpg</filename>
    <size>
        <width>300</width>
        <height>300</height>
        <depth>3</depth>
    </size>
    <object>
        <name>lego</name>
        <difficult>0</difficult>
        <bndbox>
            <xmin>0</xmin>
            <ymin>70</ymin>
            <xmax>113</xmax>
            <ymax>180</ymax>
        </bndbox>
    </object>
    <object>
        <name>lego</name>
        <difficult>0</difficult>
        <bndbox>
            <xmin>207</xmin>
            <ymin>124</ymin>
            <xmax>299</xmax>
            <ymax>222</ymax>
        </bndbox>
    </object>
</annotation>