<?xml version='1.0' encoding='utf-8'?>
<annotation>
    <folder>BrickRay</folder>
    <filename>0a360198-e5c7-11eb-a6f5-b0c090bd3910.jpg</filename>
    <size>
        <width>300</width>
        <height>300</height>
        <depth>3</depth>
    </size>
    <object>
        <name>lego</name>
        <difficult>0</difficult>
        <bndbox>
            <xmin>118</xmin>
            <ymin>0</ymin>
            <xmax>267</xmax>
            <ymax>128</ymax>
        </bndbox>
    </object>
    <object>
        <name>lego</name>
        <difficult>0</difficult>
        <bndbox>
            <xmin>36</xmin>
            <ymin>33</ymin>
            <xmax>184</xmax>
            <ymax>299</ymax>
        </bndbox>
    </object>
</annotation>