<?xml version='1.0' encoding='utf-8'?>
<annotation>
    <folder>BrickRay</folder>
    <filename>0a371f42-e79c-11eb-ad1b-b0c090bd3910.jpg</filename>
    <size>
        <width>300</width>
        <height>300</height>
        <depth>3</depth>
    </size>
    <object>
        <name>lego</name>
        <difficult>0</difficult>
        <bndbox>
            <xmin>59</xmin>
            <ymin>0</ymin>
            <xmax>294</xmax>
            <ymax>229</ymax>
        </bndbox>
    </object>
    <object>
        <name>lego</name>
        <difficult>0</difficult>
        <bndbox>
            <xmin>4</xmin>
            <ymin>177</ymin>
            <xmax>131</xmax>
            <ymax>299</ymax>
        </bndbox>
    </object>
</annotation>