<?xml version='1.0' encoding='utf-8'?>
<annotation>
    <folder>BrickRay</folder>
    <filename>0a37ffba-e67a-11eb-a862-b0c090bd3910.jpg</filename>
    <size>
        <width>300</width>
        <height>300</height>
        <depth>3</depth>
    </size>
    <object>
        <name>lego</name>
        <difficult>0</difficult>
        <bndbox>
            <xmin>0</xmin>
            <ymin>11</ymin>
            <xmax>300</xmax>
            <ymax>286</ymax>
        </bndbox>
    </object>
    <object>
        <name>lego</name>
        <difficult>0</difficult>
        <bndbox>
            <xmin>190</xmin>
            <ymin>122</ymin>
            <xmax>275</xmax>
            <ymax>203</ymax>
        </bndbox>
    </object>
</annotation>