<?xml version='1.0' encoding='utf-8'?>
<annotation>
    <folder>BrickRay</folder>
    <filename>0a383e6e-e7a6-11eb-8286-b0c090bd3910.jpg</filename>
    <size>
        <width>300</width>
        <height>300</height>
        <depth>3</depth>
    </size>
    <object>
        <name>lego</name>
        <difficult>0</difficult>
        <bndbox>
            <xmin>11</xmin>
            <ymin>0</ymin>
            <xmax>210</xmax>
            <ymax>138</ymax>
        </bndbox>
    </object>
    <object>
        <name>lego</name>
        <difficult>0</difficult>
        <bndbox>
            <xmin>155</xmin>
            <ymin>109</ymin>
            <xmax>282</xmax>
            <ymax>300</ymax>
        </bndbox>
    </object>
</annotation>