<?xml version='1.0' encoding='utf-8'?>
<annotation>
    <folder>BrickRay</folder>
    <filename>0a3820b6-e2fb-11eb-8389-b0c090bd3910.jpg</filename>
    <size>
        <width>600</width>
        <height>600</height>
        <depth>3</depth>
    </size>
    <object>
        <name>lego</name>
        <difficult>0</difficult>
        <bndbox>
            <xmin>332</xmin>
            <ymin>144</ymin>
            <xmax>391</xmax>
            <ymax>192</ymax>
        </bndbox>
    </object>
    <object>
        <name>lego</name>
        <difficult>0</difficult>
        <bndbox>
            <xmin>412</xmin>
            <ymin>331</ymin>
            <xmax>478</xmax>
            <ymax>420</ymax>
        </bndbox>
    </object>
    <object>
        <name>lego</name>
        <difficult>0</difficult>
        <bndbox>
            <xmin>538</xmin>
            <ymin>275</ymin>
            <xmax>599</xmax>
            <ymax>322</ymax>
        </bndbox>
    </object>
    <object>
        <name>lego</name>
        <difficult>0</difficult>
        <bndbox>
            <xmin>0</xmin>
            <ymin>308</ymin>
            <xmax>65</xmax>
            <ymax>375</ymax>
        </bndbox>
    </object>
</annotation>