<?xml version='1.0' encoding='utf-8'?>
<annotation>
    <folder>BrickRay</folder>
    <filename>0a395364-e663-11eb-8b1d-b0c090bd3910.jpg</filename>
    <size>
        <width>300</width>
        <height>300</height>
        <depth>3</depth>
    </size>
    <object>
        <name>lego</name>
        <difficult>0</difficult>
        <bndbox>
            <xmin>182</xmin>
            <ymin>4</ymin>
            <xmax>300</xmax>
            <ymax>243</ymax>
        </bndbox>
    </object>
    <object>
        <name>lego</name>
        <difficult>0</difficult>
        <bndbox>
            <xmin>0</xmin>
            <ymin>224</ymin>
            <xmax>22</xmax>
            <ymax>296</ymax>
        </bndbox>
    </object>
</annotation>