<?xml version='1.0' encoding='utf-8'?>
<annotation>
    <folder>BrickRay</folder>
    <filename>0a3984b0-db75-11eb-8c10-3497f683a169.jpg</filename>
    <size>
        <width>600</width>
        <height>600</height>
        <depth>3</depth>
    </size>
    <object>
        <name>lego</name>
        <difficult>0</difficult>
        <bndbox>
            <xmin>509</xmin>
            <ymin>271</ymin>
            <xmax>600</xmax>
            <ymax>364</ymax>
        </bndbox>
    </object>
    <object>
        <name>lego</name>
        <difficult>0</difficult>
        <bndbox>
            <xmin>121</xmin>
            <ymin>157</ymin>
            <xmax>215</xmax>
            <ymax>271</ymax>
        </bndbox>
    </object>
    <object>
        <name>lego</name>
        <difficult>0</difficult>
        <bndbox>
            <xmin>363</xmin>
            <ymin>348</ymin>
            <xmax>398</xmax>
            <ymax>410</ymax>
        </bndbox>
    </object>
    <object>
        <name>lego</name>
        <difficult>0</difficult>
        <bndbox>
            <xmin>0</xmin>
            <ymin>160</ymin>
            <xmax>54</xmax>
            <ymax>220</ymax>
        </bndbox>
    </object>
</annotation>