<?xml version='1.0' encoding='utf-8'?>
<annotation>
    <folder>BrickRay</folder>
    <filename>0a3a3db4-da3b-11eb-9e90-3497f683a169.jpg</filename>
    <size>
        <width>600</width>
        <height>600</height>
        <depth>3</depth>
    </size>
    <object>
        <name>lego</name>
        <difficult>0</difficult>
        <bndbox>
            <xmin>170</xmin>
            <ymin>511</ymin>
            <xmax>259</xmax>
            <ymax>599</ymax>
        </bndbox>
    </object>
    <object>
        <name>lego</name>
        <difficult>0</difficult>
        <bndbox>
            <xmin>367</xmin>
            <ymin>210</ymin>
            <xmax>472</xmax>
            <ymax>317</ymax>
        </bndbox>
    </object>
    <object>
        <name>lego</name>
        <difficult>0</difficult>
        <bndbox>
            <xmin>154</xmin>
            <ymin>260</ymin>
            <xmax>229</xmax>
            <ymax>325</ymax>
        </bndbox>
    </object>
    <object>
        <name>lego</name>
        <difficult>0</difficult>
        <bndbox>
            <xmin>157</xmin>
            <ymin>0</ymin>
            <xmax>239</xmax>
            <ymax>111</ymax>
        </bndbox>
    </object>
</annotation>