<?xml version='1.0' encoding='utf-8'?>
<annotation>
    <folder>BrickRay</folder>
    <filename>0a3b49c6-e5d3-11eb-8243-b0c090bd3910.jpg</filename>
    <size>
        <width>300</width>
        <height>300</height>
        <depth>3</depth>
    </size>
    <object>
        <name>lego</name>
        <difficult>0</difficult>
        <bndbox>
            <xmin>86</xmin>
            <ymin>0</ymin>
            <xmax>136</xmax>
            <ymax>95</ymax>
        </bndbox>
    </object>
    <object>
        <name>lego</name>
        <difficult>0</difficult>
        <bndbox>
            <xmin>42</xmin>
            <ymin>142</ymin>
            <xmax>254</xmax>
            <ymax>299</ymax>
        </bndbox>
    </object>
</annotation>