<?xml version='1.0' encoding='utf-8'?>
<annotation>
    <folder>BrickRay</folder>
    <filename>0a3c095e-e5c0-11eb-b6ce-b0c090bd3910.jpg</filename>
    <size>
        <width>300</width>
        <height>300</height>
        <depth>3</depth>
    </size>
    <object>
        <name>lego</name>
        <difficult>0</difficult>
        <bndbox>
            <xmin>82</xmin>
            <ymin>0</ymin>
            <xmax>222</xmax>
            <ymax>177</ymax>
        </bndbox>
    </object>
    <object>
        <name>lego</name>
        <difficult>0</difficult>
        <bndbox>
            <xmin>100</xmin>
            <ymin>217</ymin>
            <xmax>201</xmax>
            <ymax>300</ymax>
        </bndbox>
    </object>
</annotation>