<?xml version='1.0' encoding='utf-8'?>
<annotation>
    <folder>BrickRay</folder>
    <filename>0a3cb8be-e2d1-11eb-b86b-b0c090bd3910.jpg</filename>
    <size>
        <width>600</width>
        <height>600</height>
        <depth>3</depth>
    </size>
    <object>
        <name>lego</name>
        <difficult>0</difficult>
        <bndbox>
            <xmin>485</xmin>
            <ymin>481</ymin>
            <xmax>599</xmax>
            <ymax>537</ymax>
        </bndbox>
    </object>
    <object>
        <name>lego</name>
        <difficult>0</difficult>
        <bndbox>
            <xmin>146</xmin>
            <ymin>160</ymin>
            <xmax>248</xmax>
            <ymax>217</ymax>
        </bndbox>
    </object>
    <object>
        <name>lego</name>
        <difficult>0</difficult>
        <bndbox>
            <xmin>0</xmin>
            <ymin>55</ymin>
            <xmax>103</xmax>
            <ymax>122</ymax>
        </bndbox>
    </object>
    <object>
        <name>lego</name>
        <difficult>0</difficult>
        <bndbox>
            <xmin>35</xmin>
            <ymin>119</ymin>
            <xmax>140</xmax>
            <ymax>231</ymax>
        </bndbox>
    </object>
</annotation>