<?xml version='1.0' encoding='utf-8'?>
<annotation>
    <folder>BrickRay</folder>
    <filename>0a3ca13e-db37-11eb-9c33-3497f683a169.jpg</filename>
    <size>
        <width>600</width>
        <height>600</height>
        <depth>3</depth>
    </size>
    <object>
        <name>lego</name>
        <difficult>0</difficult>
        <bndbox>
            <xmin>256</xmin>
            <ymin>371</ymin>
            <xmax>350</xmax>
            <ymax>425</ymax>
        </bndbox>
    </object>
    <object>
        <name>lego</name>
        <difficult>0</difficult>
        <bndbox>
            <xmin>526</xmin>
            <ymin>355</ymin>
            <xmax>600</xmax>
            <ymax>427</ymax>
        </bndbox>
    </object>
    <object>
        <name>lego</name>
        <difficult>0</difficult>
        <bndbox>
            <xmin>0</xmin>
            <ymin>157</ymin>
            <xmax>76</xmax>
            <ymax>211</ymax>
        </bndbox>
    </object>
    <object>
        <name>lego</name>
        <difficult>0</difficult>
        <bndbox>
            <xmin>204</xmin>
            <ymin>145</ymin>
            <xmax>250</xmax>
            <ymax>195</ymax>
        </bndbox>
    </object>
</annotation>