<?xml version='1.0' encoding='utf-8'?>
<annotation>
    <folder>BrickRay</folder>
    <filename>0a3d6340-da3e-11eb-aa96-3497f683a169.jpg</filename>
    <size>
        <width>600</width>
        <height>600</height>
        <depth>3</depth>
    </size>
    <object>
        <name>lego</name>
        <difficult>0</difficult>
        <bndbox>
            <xmin>248</xmin>
            <ymin>0</ymin>
            <xmax>430</xmax>
            <ymax>248</ymax>
        </bndbox>
    </object>
    <object>
        <name>lego</name>
        <difficult>0</difficult>
        <bndbox>
            <xmin>157</xmin>
            <ymin>513</ymin>
            <xmax>211</xmax>
            <ymax>568</ymax>
        </bndbox>
    </object>
    <object>
        <name>lego</name>
        <difficult>0</difficult>
        <bndbox>
            <xmin>169</xmin>
            <ymin>156</ymin>
            <xmax>264</xmax>
            <ymax>244</ymax>
        </bndbox>
    </object>
    <object>
        <name>lego</name>
        <difficult>0</difficult>
        <bndbox>
            <xmin>266</xmin>
            <ymin>401</ymin>
            <xmax>448</xmax>
            <ymax>600</ymax>
        </bndbox>
    </object>
</annotation>