<?xml version='1.0' encoding='utf-8'?>
<annotation>
    <folder>BrickRay</folder>
    <filename>0a3d63ba-e669-11eb-b761-b0c090bd3910.jpg</filename>
    <size>
        <width>300</width>
        <height>300</height>
        <depth>3</depth>
    </size>
    <object>
        <name>lego</name>
        <difficult>0</difficult>
        <bndbox>
            <xmin>101</xmin>
            <ymin>181</ymin>
            <xmax>240</xmax>
            <ymax>300</ymax>
        </bndbox>
    </object>
    <object>
        <name>lego</name>
        <difficult>0</difficult>
        <bndbox>
            <xmin>47</xmin>
            <ymin>0</ymin>
            <xmax>119</xmax>
            <ymax>99</ymax>
        </bndbox>
    </object>
</annotation>