<?xml version='1.0' encoding='utf-8'?>
<annotation>
    <folder>BrickRay</folder>
    <filename>0a3df6ca-da20-11eb-b7b0-3497f683a169.jpg</filename>
    <size>
        <width>600</width>
        <height>600</height>
        <depth>3</depth>
    </size>
    <object>
        <name>lego</name>
        <difficult>0</difficult>
        <bndbox>
            <xmin>458</xmin>
            <ymin>421</ymin>
            <xmax>600</xmax>
            <ymax>564</ymax>
        </bndbox>
    </object>
    <object>
        <name>lego</name>
        <difficult>0</difficult>
        <bndbox>
            <xmin>124</xmin>
            <ymin>68</ymin>
            <xmax>184</xmax>
            <ymax>126</ymax>
        </bndbox>
    </object>
    <object>
        <name>lego</name>
        <difficult>0</difficult>
        <bndbox>
            <xmin>174</xmin>
            <ymin>134</ymin>
            <xmax>235</xmax>
            <ymax>194</ymax>
        </bndbox>
    </object>
    <object>
        <name>lego</name>
        <difficult>0</difficult>
        <bndbox>
            <xmin>0</xmin>
            <ymin>24</ymin>
            <xmax>142</xmax>
            <ymax>177</ymax>
        </bndbox>
    </object>
</annotation>