<?xml version='1.0' encoding='utf-8'?>
<annotation>
    <folder>BrickRay</folder>
    <filename>0a3d7c38-d965-11eb-b7bb-b0c090bd3910.jpg</filename>
    <size>
        <width>600</width>
        <height>600</height>
        <depth>3</depth>
    </size>
    <object>
        <name>lego</name>
        <difficult>0</difficult>
        <bndbox>
            <xmin>265</xmin>
            <ymin>484</ymin>
            <xmax>324</xmax>
            <ymax>600</ymax>
        </bndbox>
    </object>
    <object>
        <name>lego</name>
        <difficult>0</difficult>
        <bndbox>
            <xmin>117</xmin>
            <ymin>0</ymin>
            <xmax>160</xmax>
            <ymax>73</ymax>
        </bndbox>
    </object>
    <object>
        <name>lego</name>
        <difficult>0</difficult>
        <bndbox>
            <xmin>430</xmin>
            <ymin>131</ymin>
            <xmax>516</xmax>
            <ymax>212</ymax>
        </bndbox>
    </object>
    <object>
        <name>lego</name>
        <difficult>0</difficult>
        <bndbox>
            <xmin>91</xmin>
            <ymin>286</ymin>
            <xmax>271</xmax>
            <ymax>337</ymax>
        </bndbox>
    </object>
</annotation>