<?xml version='1.0' encoding='utf-8'?>
<annotation>
    <folder>BrickRay</folder>
    <filename>0a3e10ae-e457-11eb-9902-b0c090bd3910.jpg</filename>
    <size>
        <width>600</width>
        <height>600</height>
        <depth>3</depth>
    </size>
    <object>
        <name>lego</name>
        <difficult>0</difficult>
        <bndbox>
            <xmin>377</xmin>
            <ymin>101</ymin>
            <xmax>571</xmax>
            <ymax>247</ymax>
        </bndbox>
    </object>
    <object>
        <name>lego</name>
        <difficult>0</difficult>
        <bndbox>
            <xmin>128</xmin>
            <ymin>363</ymin>
            <xmax>309</xmax>
            <ymax>599</ymax>
        </bndbox>
    </object>
    <object>
        <name>lego</name>
        <difficult>0</difficult>
        <bndbox>
            <xmin>30</xmin>
            <ymin>0</ymin>
            <xmax>170</xmax>
            <ymax>192</ymax>
        </bndbox>
    </object>
    <object>
        <name>lego</name>
        <difficult>0</difficult>
        <bndbox>
            <xmin>488</xmin>
            <ymin>122</ymin>
            <xmax>569</xmax>
            <ymax>210</ymax>
        </bndbox>
    </object>
</annotation>