<?xml version='1.0' encoding='utf-8'?>
<annotation>
    <folder>BrickRay</folder>
    <filename>0a3f90fe-da80-11eb-92d8-3497f683a169.jpg</filename>
    <size>
        <width>600</width>
        <height>600</height>
        <depth>3</depth>
    </size>
    <object>
        <name>lego</name>
        <difficult>0</difficult>
        <bndbox>
            <xmin>138</xmin>
            <ymin>384</ymin>
            <xmax>214</xmax>
            <ymax>454</ymax>
        </bndbox>
    </object>
    <object>
        <name>lego</name>
        <difficult>0</difficult>
        <bndbox>
            <xmin>350</xmin>
            <ymin>521</ymin>
            <xmax>432</xmax>
            <ymax>599</ymax>
        </bndbox>
    </object>
    <object>
        <name>lego</name>
        <difficult>0</difficult>
        <bndbox>
            <xmin>341</xmin>
            <ymin>0</ymin>
            <xmax>402</xmax>
            <ymax>56</ymax>
        </bndbox>
    </object>
    <object>
        <name>lego</name>
        <difficult>0</difficult>
        <bndbox>
            <xmin>420</xmin>
            <ymin>408</ymin>
            <xmax>455</xmax>
            <ymax>468</ymax>
        </bndbox>
    </object>
</annotation>