<?xml version='1.0' encoding='utf-8'?>
<annotation>
    <folder>BrickRay</folder>
    <filename>0a40ab7e-e67c-11eb-9fa0-b0c090bd3910.jpg</filename>
    <size>
        <width>300</width>
        <height>300</height>
        <depth>3</depth>
    </size>
    <object>
        <name>lego</name>
        <difficult>0</difficult>
        <bndbox>
            <xmin>91</xmin>
            <ymin>0</ymin>
            <xmax>133</xmax>
            <ymax>299</ymax>
        </bndbox>
    </object>
    <object>
        <name>lego</name>
        <difficult>0</difficult>
        <bndbox>
            <xmin>165</xmin>
            <ymin>135</ymin>
            <xmax>224</xmax>
            <ymax>196</ymax>
        </bndbox>
    </object>
</annotation>