<?xml version='1.0' encoding='utf-8'?>
<annotation>
    <folder>BrickRay</folder>
    <filename>0a405ed0-e2f0-11eb-ad90-b0c090bd3910.jpg</filename>
    <size>
        <width>600</width>
        <height>600</height>
        <depth>3</depth>
    </size>
    <object>
        <name>lego</name>
        <difficult>0</difficult>
        <bndbox>
            <xmin>380</xmin>
            <ymin>26</ymin>
            <xmax>584</xmax>
            <ymax>168</ymax>
        </bndbox>
    </object>
    <object>
        <name>lego</name>
        <difficult>0</difficult>
        <bndbox>
            <xmin>349</xmin>
            <ymin>179</ymin>
            <xmax>392</xmax>
            <ymax>225</ymax>
        </bndbox>
    </object>
    <object>
        <name>lego</name>
        <difficult>0</difficult>
        <bndbox>
            <xmin>243</xmin>
            <ymin>0</ymin>
            <xmax>326</xmax>
            <ymax>96</ymax>
        </bndbox>
    </object>
    <object>
        <name>lego</name>
        <difficult>0</difficult>
        <bndbox>
            <xmin>25</xmin>
            <ymin>517</ymin>
            <xmax>97</xmax>
            <ymax>600</ymax>
        </bndbox>
    </object>
</annotation>