<?xml version='1.0' encoding='utf-8'?>
<annotation>
    <folder>BrickRay</folder>
    <filename>0a42d638-daf3-11eb-9ccc-3497f683a169.jpg</filename>
    <size>
        <width>600</width>
        <height>600</height>
        <depth>3</depth>
    </size>
    <object>
        <name>lego</name>
        <difficult>0</difficult>
        <bndbox>
            <xmin>0</xmin>
            <ymin>237</ymin>
            <xmax>221</xmax>
            <ymax>389</ymax>
        </bndbox>
    </object>
    <object>
        <name>lego</name>
        <difficult>0</difficult>
        <bndbox>
            <xmin>252</xmin>
            <ymin>102</ymin>
            <xmax>491</xmax>
            <ymax>295</ymax>
        </bndbox>
    </object>
    <object>
        <name>lego</name>
        <difficult>0</difficult>
        <bndbox>
            <xmin>495</xmin>
            <ymin>396</ymin>
            <xmax>600</xmax>
            <ymax>481</ymax>
        </bndbox>
    </object>
    <object>
        <name>lego</name>
        <difficult>0</difficult>
        <bndbox>
            <xmin>86</xmin>
            <ymin>234</ymin>
            <xmax>135</xmax>
            <ymax>283</ymax>
        </bndbox>
    </object>
</annotation>