<?xml version='1.0' encoding='utf-8'?>
<annotation>
    <folder>BrickRay</folder>
    <filename>0a422d4a-e3c8-11eb-88d7-b0c090bd3910.jpg</filename>
    <size>
        <width>600</width>
        <height>600</height>
        <depth>3</depth>
    </size>
    <object>
        <name>lego</name>
        <difficult>0</difficult>
        <bndbox>
            <xmin>0</xmin>
            <ymin>224</ymin>
            <xmax>145</xmax>
            <ymax>405</ymax>
        </bndbox>
    </object>
    <object>
        <name>lego</name>
        <difficult>0</difficult>
        <bndbox>
            <xmin>491</xmin>
            <ymin>104</ymin>
            <xmax>559</xmax>
            <ymax>176</ymax>
        </bndbox>
    </object>
    <object>
        <name>lego</name>
        <difficult>0</difficult>
        <bndbox>
            <xmin>505</xmin>
            <ymin>424</ymin>
            <xmax>600</xmax>
            <ymax>478</ymax>
        </bndbox>
    </object>
    <object>
        <name>lego</name>
        <difficult>0</difficult>
        <bndbox>
            <xmin>276</xmin>
            <ymin>218</ymin>
            <xmax>449</xmax>
            <ymax>337</ymax>
        </bndbox>
    </object>
</annotation>