<?xml version='1.0' encoding='utf-8'?>
<annotation>
    <folder>BrickRay</folder>
    <filename>0a42d4dc-e664-11eb-8019-b0c090bd3910.jpg</filename>
    <size>
        <width>300</width>
        <height>300</height>
        <depth>3</depth>
    </size>
    <object>
        <name>lego</name>
        <difficult>0</difficult>
        <bndbox>
            <xmin>156</xmin>
            <ymin>211</ymin>
            <xmax>225</xmax>
            <ymax>299</ymax>
        </bndbox>
    </object>
    <object>
        <name>lego</name>
        <difficult>0</difficult>
        <bndbox>
            <xmin>83</xmin>
            <ymin>0</ymin>
            <xmax>195</xmax>
            <ymax>148</ymax>
        </bndbox>
    </object>
</annotation>