<?xml version='1.0' encoding='utf-8'?>
<annotation>
    <folder>BrickRay</folder>
    <filename>0a421728-e69c-11eb-8758-b0c090bd3910.jpg</filename>
    <size>
        <width>300</width>
        <height>300</height>
        <depth>3</depth>
    </size>
    <object>
        <name>lego</name>
        <difficult>0</difficult>
        <bndbox>
            <xmin>0</xmin>
            <ymin>86</ymin>
            <xmax>104</xmax>
            <ymax>214</ymax>
        </bndbox>
    </object>
    <object>
        <name>lego</name>
        <difficult>0</difficult>
        <bndbox>
            <xmin>159</xmin>
            <ymin>78</ymin>
            <xmax>300</xmax>
            <ymax>188</ymax>
        </bndbox>
    </object>
</annotation>