<?xml version='1.0' encoding='utf-8'?>
<annotation>
    <folder>BrickRay</folder>
    <filename>0a435f18-e65d-11eb-8461-b0c090bd3910.jpg</filename>
    <size>
        <width>300</width>
        <height>300</height>
        <depth>3</depth>
    </size>
    <object>
        <name>lego</name>
        <difficult>0</difficult>
        <bndbox>
            <xmin>211</xmin>
            <ymin>0</ymin>
            <xmax>251</xmax>
            <ymax>137</ymax>
        </bndbox>
    </object>
    <object>
        <name>lego</name>
        <difficult>0</difficult>
        <bndbox>
            <xmin>44</xmin>
            <ymin>107</ymin>
            <xmax>247</xmax>
            <ymax>299</ymax>
        </bndbox>
    </object>
</annotation>