<?xml version='1.0' encoding='utf-8'?>
<annotation>
    <folder>BrickRay</folder>
    <filename>0a435dae-e687-11eb-a069-b0c090bd3910.jpg</filename>
    <size>
        <width>300</width>
        <height>300</height>
        <depth>3</depth>
    </size>
    <object>
        <name>lego</name>
        <difficult>0</difficult>
        <bndbox>
            <xmin>26</xmin>
            <ymin>0</ymin>
            <xmax>182</xmax>
            <ymax>138</ymax>
        </bndbox>
    </object>
    <object>
        <name>lego</name>
        <difficult>0</difficult>
        <bndbox>
            <xmin>124</xmin>
            <ymin>164</ymin>
            <xmax>265</xmax>
            <ymax>300</ymax>
        </bndbox>
    </object>
</annotation>