<?xml version='1.0' encoding='utf-8'?>
<annotation>
    <folder>BrickRay</folder>
    <filename>0a43a536-e7a9-11eb-8fdf-b0c090bd3910.jpg</filename>
    <size>
        <width>300</width>
        <height>300</height>
        <depth>3</depth>
    </size>
    <object>
        <name>lego</name>
        <difficult>0</difficult>
        <bndbox>
            <xmin>196</xmin>
            <ymin>158</ymin>
            <xmax>300</xmax>
            <ymax>241</ymax>
        </bndbox>
    </object>
    <object>
        <name>lego</name>
        <difficult>0</difficult>
        <bndbox>
            <xmin>0</xmin>
            <ymin>35</ymin>
            <xmax>191</xmax>
            <ymax>171</ymax>
        </bndbox>
    </object>
</annotation>