<?xml version='1.0' encoding='utf-8'?>
<annotation>
    <folder>BrickRay</folder>
    <filename>0a442682-da93-11eb-905a-3497f683a169.jpg</filename>
    <size>
        <width>600</width>
        <height>600</height>
        <depth>3</depth>
    </size>
    <object>
        <name>lego</name>
        <difficult>0</difficult>
        <bndbox>
            <xmin>57</xmin>
            <ymin>201</ymin>
            <xmax>147</xmax>
            <ymax>279</ymax>
        </bndbox>
    </object>
    <object>
        <name>lego</name>
        <difficult>0</difficult>
        <bndbox>
            <xmin>0</xmin>
            <ymin>335</ymin>
            <xmax>41</xmax>
            <ymax>405</ymax>
        </bndbox>
    </object>
    <object>
        <name>lego</name>
        <difficult>0</difficult>
        <bndbox>
            <xmin>353</xmin>
            <ymin>170</ymin>
            <xmax>384</xmax>
            <ymax>207</ymax>
        </bndbox>
    </object>
    <object>
        <name>lego</name>
        <difficult>0</difficult>
        <bndbox>
            <xmin>483</xmin>
            <ymin>343</ymin>
            <xmax>600</xmax>
            <ymax>388</ymax>
        </bndbox>
    </object>
</annotation>