<?xml version='1.0' encoding='utf-8'?>
<annotation>
    <folder>BrickRay</folder>
    <filename>0a457870-dab4-11eb-9909-3497f683a169.jpg</filename>
    <size>
        <width>600</width>
        <height>600</height>
        <depth>3</depth>
    </size>
    <object>
        <name>lego</name>
        <difficult>0</difficult>
        <bndbox>
            <xmin>49</xmin>
            <ymin>221</ymin>
            <xmax>119</xmax>
            <ymax>280</ymax>
        </bndbox>
    </object>
    <object>
        <name>lego</name>
        <difficult>0</difficult>
        <bndbox>
            <xmin>467</xmin>
            <ymin>393</ymin>
            <xmax>599</xmax>
            <ymax>537</ymax>
        </bndbox>
    </object>
    <object>
        <name>lego</name>
        <difficult>0</difficult>
        <bndbox>
            <xmin>0</xmin>
            <ymin>80</ymin>
            <xmax>56</xmax>
            <ymax>162</ymax>
        </bndbox>
    </object>
    <object>
        <name>lego</name>
        <difficult>0</difficult>
        <bndbox>
            <xmin>169</xmin>
            <ymin>42</ymin>
            <xmax>316</xmax>
            <ymax>146</ymax>
        </bndbox>
    </object>
</annotation>