<?xml version='1.0' encoding='utf-8'?>
<annotation>
    <folder>BrickRay</folder>
    <filename>0a45aeb4-da6b-11eb-9db8-3497f683a169.jpg</filename>
    <size>
        <width>600</width>
        <height>600</height>
        <depth>3</depth>
    </size>
    <object>
        <name>lego</name>
        <difficult>0</difficult>
        <bndbox>
            <xmin>262</xmin>
            <ymin>250</ymin>
            <xmax>572</xmax>
            <ymax>322</ymax>
        </bndbox>
    </object>
    <object>
        <name>lego</name>
        <difficult>0</difficult>
        <bndbox>
            <xmin>41</xmin>
            <ymin>449</ymin>
            <xmax>213</xmax>
            <ymax>600</ymax>
        </bndbox>
    </object>
    <object>
        <name>lego</name>
        <difficult>0</difficult>
        <bndbox>
            <xmin>294</xmin>
            <ymin>0</ymin>
            <xmax>381</xmax>
            <ymax>63</ymax>
        </bndbox>
    </object>
    <object>
        <name>lego</name>
        <difficult>0</difficult>
        <bndbox>
            <xmin>289</xmin>
            <ymin>216</ymin>
            <xmax>397</xmax>
            <ymax>286</ymax>
        </bndbox>
    </object>
</annotation>