<?xml version='1.0' encoding='utf-8'?>
<annotation>
    <folder>BrickRay</folder>
    <filename>0a4687e4-e4d8-11eb-aa1b-b0c090bd3910.jpg</filename>
    <size>
        <width>600</width>
        <height>600</height>
        <depth>3</depth>
    </size>
    <object>
        <name>lego</name>
        <difficult>0</difficult>
        <bndbox>
            <xmin>442</xmin>
            <ymin>104</ymin>
            <xmax>600</xmax>
            <ymax>249</ymax>
        </bndbox>
    </object>
    <object>
        <name>lego</name>
        <difficult>0</difficult>
        <bndbox>
            <xmin>181</xmin>
            <ymin>308</ymin>
            <xmax>364</xmax>
            <ymax>428</ymax>
        </bndbox>
    </object>
    <object>
        <name>lego</name>
        <difficult>0</difficult>
        <bndbox>
            <xmin>0</xmin>
            <ymin>54</ymin>
            <xmax>249</xmax>
            <ymax>194</ymax>
        </bndbox>
    </object>
    <object>
        <name>lego</name>
        <difficult>0</difficult>
        <bndbox>
            <xmin>119</xmin>
            <ymin>232</ymin>
            <xmax>324</xmax>
            <ymax>531</ymax>
        </bndbox>
    </object>
</annotation>