<?xml version='1.0' encoding='utf-8'?>
<annotation>
    <folder>BrickRay</folder>
    <filename>0a47d1de-e2df-11eb-9e03-b0c090bd3910.jpg</filename>
    <size>
        <width>600</width>
        <height>600</height>
        <depth>3</depth>
    </size>
    <object>
        <name>lego</name>
        <difficult>0</difficult>
        <bndbox>
            <xmin>266</xmin>
            <ymin>146</ymin>
            <xmax>369</xmax>
            <ymax>230</ymax>
        </bndbox>
    </object>
    <object>
        <name>lego</name>
        <difficult>0</difficult>
        <bndbox>
            <xmin>141</xmin>
            <ymin>344</ymin>
            <xmax>188</xmax>
            <ymax>393</ymax>
        </bndbox>
    </object>
    <object>
        <name>lego</name>
        <difficult>0</difficult>
        <bndbox>
            <xmin>0</xmin>
            <ymin>380</ymin>
            <xmax>73</xmax>
            <ymax>440</ymax>
        </bndbox>
    </object>
    <object>
        <name>lego</name>
        <difficult>0</difficult>
        <bndbox>
            <xmin>510</xmin>
            <ymin>363</ymin>
            <xmax>600</xmax>
            <ymax>438</ymax>
        </bndbox>
    </object>
</annotation>