<?xml version='1.0' encoding='utf-8'?>
<annotation>
    <folder>BrickRay</folder>
    <filename>0a479642-dacb-11eb-bd8c-3497f683a169.jpg</filename>
    <size>
        <width>600</width>
        <height>600</height>
        <depth>3</depth>
    </size>
    <object>
        <name>lego</name>
        <difficult>0</difficult>
        <bndbox>
            <xmin>0</xmin>
            <ymin>360</ymin>
            <xmax>104</xmax>
            <ymax>444</ymax>
        </bndbox>
    </object>
    <object>
        <name>lego</name>
        <difficult>0</difficult>
        <bndbox>
            <xmin>86</xmin>
            <ymin>144</ymin>
            <xmax>118</xmax>
            <ymax>181</ymax>
        </bndbox>
    </object>
    <object>
        <name>lego</name>
        <difficult>0</difficult>
        <bndbox>
            <xmin>564</xmin>
            <ymin>184</ymin>
            <xmax>599</xmax>
            <ymax>263</ymax>
        </bndbox>
    </object>
    <object>
        <name>lego</name>
        <difficult>0</difficult>
        <bndbox>
            <xmin>436</xmin>
            <ymin>114</ymin>
            <xmax>495</xmax>
            <ymax>177</ymax>
        </bndbox>
    </object>
</annotation>