<?xml version='1.0' encoding='utf-8'?>
<annotation>
    <folder>BrickRay</folder>
    <filename>0a47b074-db13-11eb-9fcd-3497f683a169.jpg</filename>
    <size>
        <width>600</width>
        <height>600</height>
        <depth>3</depth>
    </size>
    <object>
        <name>lego</name>
        <difficult>0</difficult>
        <bndbox>
            <xmin>274</xmin>
            <ymin>91</ymin>
            <xmax>348</xmax>
            <ymax>128</ymax>
        </bndbox>
    </object>
    <object>
        <name>lego</name>
        <difficult>0</difficult>
        <bndbox>
            <xmin>402</xmin>
            <ymin>286</ymin>
            <xmax>448</xmax>
            <ymax>317</ymax>
        </bndbox>
    </object>
    <object>
        <name>lego</name>
        <difficult>0</difficult>
        <bndbox>
            <xmin>130</xmin>
            <ymin>0</ymin>
            <xmax>280</xmax>
            <ymax>155</ymax>
        </bndbox>
    </object>
    <object>
        <name>lego</name>
        <difficult>0</difficult>
        <bndbox>
            <xmin>160</xmin>
            <ymin>376</ymin>
            <xmax>231</xmax>
            <ymax>599</ymax>
        </bndbox>
    </object>
</annotation>