<?xml version='1.0' encoding='utf-8'?>
<annotation>
    <folder>BrickRay</folder>
    <filename>0a485c02-e5cb-11eb-8100-b0c090bd3910.jpg</filename>
    <size>
        <width>300</width>
        <height>300</height>
        <depth>3</depth>
    </size>
    <object>
        <name>lego</name>
        <difficult>0</difficult>
        <bndbox>
            <xmin>18</xmin>
            <ymin>75</ymin>
            <xmax>163</xmax>
            <ymax>210</ymax>
        </bndbox>
    </object>
    <object>
        <name>lego</name>
        <difficult>0</difficult>
        <bndbox>
            <xmin>0</xmin>
            <ymin>42</ymin>
            <xmax>299</xmax>
            <ymax>248</ymax>
        </bndbox>
    </object>
</annotation>