<?xml version='1.0' encoding='utf-8'?>
<annotation>
    <folder>BrickRay</folder>
    <filename>0a489aa8-daa6-11eb-a3d4-3497f683a169.jpg</filename>
    <size>
        <width>600</width>
        <height>600</height>
        <depth>3</depth>
    </size>
    <object>
        <name>lego</name>
        <difficult>0</difficult>
        <bndbox>
            <xmin>136</xmin>
            <ymin>470</ymin>
            <xmax>313</xmax>
            <ymax>600</ymax>
        </bndbox>
    </object>
    <object>
        <name>lego</name>
        <difficult>0</difficult>
        <bndbox>
            <xmin>19</xmin>
            <ymin>137</ymin>
            <xmax>78</xmax>
            <ymax>235</ymax>
        </bndbox>
    </object>
    <object>
        <name>lego</name>
        <difficult>0</difficult>
        <bndbox>
            <xmin>489</xmin>
            <ymin>250</ymin>
            <xmax>578</xmax>
            <ymax>332</ymax>
        </bndbox>
    </object>
    <object>
        <name>lego</name>
        <difficult>0</difficult>
        <bndbox>
            <xmin>324</xmin>
            <ymin>0</ymin>
            <xmax>391</xmax>
            <ymax>32</ymax>
        </bndbox>
    </object>
</annotation>