<?xml version='1.0' encoding='utf-8'?>
<annotation>
    <folder>BrickRay</folder>
    <filename>0a48bc22-e5dc-11eb-949d-b0c090bd3910.jpg</filename>
    <size>
        <width>300</width>
        <height>300</height>
        <depth>3</depth>
    </size>
    <object>
        <name>lego</name>
        <difficult>0</difficult>
        <bndbox>
            <xmin>0</xmin>
            <ymin>53</ymin>
            <xmax>300</xmax>
            <ymax>144</ymax>
        </bndbox>
    </object>
    <object>
        <name>lego</name>
        <difficult>0</difficult>
        <bndbox>
            <xmin>102</xmin>
            <ymin>184</ymin>
            <xmax>164</xmax>
            <ymax>229</ymax>
        </bndbox>
    </object>
</annotation>