<?xml version='1.0' encoding='utf-8'?>
<annotation>
    <folder>BrickRay</folder>
    <filename>0a487bba-e47b-11eb-9859-b0c090bd3910.jpg</filename>
    <size>
        <width>600</width>
        <height>600</height>
        <depth>3</depth>
    </size>
    <object>
        <name>lego</name>
        <difficult>0</difficult>
        <bndbox>
            <xmin>0</xmin>
            <ymin>231</ymin>
            <xmax>36</xmax>
            <ymax>262</ymax>
        </bndbox>
    </object>
    <object>
        <name>lego</name>
        <difficult>0</difficult>
        <bndbox>
            <xmin>385</xmin>
            <ymin>100</ymin>
            <xmax>521</xmax>
            <ymax>190</ymax>
        </bndbox>
    </object>
    <object>
        <name>lego</name>
        <difficult>0</difficult>
        <bndbox>
            <xmin>364</xmin>
            <ymin>316</ymin>
            <xmax>599</xmax>
            <ymax>447</ymax>
        </bndbox>
    </object>
    <object>
        <name>lego</name>
        <difficult>0</difficult>
        <bndbox>
            <xmin>94</xmin>
            <ymin>338</ymin>
            <xmax>144</xmax>
            <ymax>387</ymax>
        </bndbox>
    </object>
</annotation>