<?xml version='1.0' encoding='utf-8'?>
<annotation>
    <folder>BrickRay</folder>
    <filename>0a49b4b6-e5c1-11eb-a26f-b0c090bd3910.jpg</filename>
    <size>
        <width>300</width>
        <height>300</height>
        <depth>3</depth>
    </size>
    <object>
        <name>lego</name>
        <difficult>0</difficult>
        <bndbox>
            <xmin>101</xmin>
            <ymin>85</ymin>
            <xmax>212</xmax>
            <ymax>300</ymax>
        </bndbox>
    </object>
    <object>
        <name>lego</name>
        <difficult>0</difficult>
        <bndbox>
            <xmin>69</xmin>
            <ymin>0</ymin>
            <xmax>164</xmax>
            <ymax>112</ymax>
        </bndbox>
    </object>
</annotation>