<?xml version='1.0' encoding='utf-8'?>
<annotation>
    <folder>BrickRay</folder>
    <filename>0a49e646-da2d-11eb-bb84-3497f683a169.jpg</filename>
    <size>
        <width>600</width>
        <height>600</height>
        <depth>3</depth>
    </size>
    <object>
        <name>lego</name>
        <difficult>0</difficult>
        <bndbox>
            <xmin>444</xmin>
            <ymin>141</ymin>
            <xmax>511</xmax>
            <ymax>239</ymax>
        </bndbox>
    </object>
    <object>
        <name>lego</name>
        <difficult>0</difficult>
        <bndbox>
            <xmin>0</xmin>
            <ymin>355</ymin>
            <xmax>187</xmax>
            <ymax>424</ymax>
        </bndbox>
    </object>
    <object>
        <name>lego</name>
        <difficult>0</difficult>
        <bndbox>
            <xmin>427</xmin>
            <ymin>356</ymin>
            <xmax>547</xmax>
            <ymax>437</ymax>
        </bndbox>
    </object>
    <object>
        <name>lego</name>
        <difficult>0</difficult>
        <bndbox>
            <xmin>444</xmin>
            <ymin>190</ymin>
            <xmax>599</xmax>
            <ymax>304</ymax>
        </bndbox>
    </object>
</annotation>