<?xml version='1.0' encoding='utf-8'?>
<annotation>
    <folder>BrickRay</folder>
    <filename>0a49a334-d9ec-11eb-a7da-3497f683a169.jpg</filename>
    <size>
        <width>600</width>
        <height>600</height>
        <depth>3</depth>
    </size>
    <object>
        <name>lego</name>
        <difficult>0</difficult>
        <bndbox>
            <xmin>213</xmin>
            <ymin>509</ymin>
            <xmax>296</xmax>
            <ymax>600</ymax>
        </bndbox>
    </object>
    <object>
        <name>lego</name>
        <difficult>0</difficult>
        <bndbox>
            <xmin>100</xmin>
            <ymin>0</ymin>
            <xmax>132</xmax>
            <ymax>43</ymax>
        </bndbox>
    </object>
    <object>
        <name>lego</name>
        <difficult>0</difficult>
        <bndbox>
            <xmin>314</xmin>
            <ymin>160</ymin>
            <xmax>376</xmax>
            <ymax>566</ymax>
        </bndbox>
    </object>
    <object>
        <name>lego</name>
        <difficult>0</difficult>
        <bndbox>
            <xmin>423</xmin>
            <ymin>43</ymin>
            <xmax>490</xmax>
            <ymax>95</ymax>
        </bndbox>
    </object>
</annotation>