<?xml version='1.0' encoding='utf-8'?>
<annotation>
    <folder>BrickRay</folder>
    <filename>0a4a10de-d9dc-11eb-92be-3497f683a169.jpg</filename>
    <size>
        <width>600</width>
        <height>600</height>
        <depth>3</depth>
    </size>
    <object>
        <name>lego</name>
        <difficult>0</difficult>
        <bndbox>
            <xmin>434</xmin>
            <ymin>234</ymin>
            <xmax>528</xmax>
            <ymax>321</ymax>
        </bndbox>
    </object>
    <object>
        <name>lego</name>
        <difficult>0</difficult>
        <bndbox>
            <xmin>417</xmin>
            <ymin>409</ymin>
            <xmax>600</xmax>
            <ymax>573</ymax>
        </bndbox>
    </object>
    <object>
        <name>lego</name>
        <difficult>0</difficult>
        <bndbox>
            <xmin>0</xmin>
            <ymin>14</ymin>
            <xmax>150</xmax>
            <ymax>151</ymax>
        </bndbox>
    </object>
    <object>
        <name>lego</name>
        <difficult>0</difficult>
        <bndbox>
            <xmin>27</xmin>
            <ymin>23</ymin>
            <xmax>110</xmax>
            <ymax>85</ymax>
        </bndbox>
    </object>
</annotation>