<?xml version='1.0' encoding='utf-8'?>
<annotation>
    <folder>BrickRay</folder>
    <filename>0a4b2274-e69d-11eb-ab69-b0c090bd3910.jpg</filename>
    <size>
        <width>300</width>
        <height>300</height>
        <depth>3</depth>
    </size>
    <object>
        <name>lego</name>
        <difficult>0</difficult>
        <bndbox>
            <xmin>69</xmin>
            <ymin>176</ymin>
            <xmax>190</xmax>
            <ymax>300</ymax>
        </bndbox>
    </object>
    <object>
        <name>lego</name>
        <difficult>0</difficult>
        <bndbox>
            <xmin>171</xmin>
            <ymin>0</ymin>
            <xmax>237</xmax>
            <ymax>75</ymax>
        </bndbox>
    </object>
</annotation>