<?xml version='1.0' encoding='utf-8'?>
<annotation>
    <folder>BrickRay</folder>
    <filename>0a4bae0a-e4df-11eb-be1d-b0c090bd3910.jpg</filename>
    <size>
        <width>600</width>
        <height>600</height>
        <depth>3</depth>
    </size>
    <object>
        <name>lego</name>
        <difficult>0</difficult>
        <bndbox>
            <xmin>352</xmin>
            <ymin>314</ymin>
            <xmax>549</xmax>
            <ymax>494</ymax>
        </bndbox>
    </object>
    <object>
        <name>lego</name>
        <difficult>0</difficult>
        <bndbox>
            <xmin>473</xmin>
            <ymin>90</ymin>
            <xmax>600</xmax>
            <ymax>261</ymax>
        </bndbox>
    </object>
    <object>
        <name>lego</name>
        <difficult>0</difficult>
        <bndbox>
            <xmin>506</xmin>
            <ymin>259</ymin>
            <xmax>585</xmax>
            <ymax>335</ymax>
        </bndbox>
    </object>
    <object>
        <name>lego</name>
        <difficult>0</difficult>
        <bndbox>
            <xmin>0</xmin>
            <ymin>261</ymin>
            <xmax>127</xmax>
            <ymax>382</ymax>
        </bndbox>
    </object>
</annotation>