<?xml version='1.0' encoding='utf-8'?>
<annotation>
    <folder>BrickRay</folder>
    <filename>0a4b54de-dac3-11eb-9179-3497f683a169.jpg</filename>
    <size>
        <width>600</width>
        <height>600</height>
        <depth>3</depth>
    </size>
    <object>
        <name>lego</name>
        <difficult>0</difficult>
        <bndbox>
            <xmin>191</xmin>
            <ymin>496</ymin>
            <xmax>239</xmax>
            <ymax>600</ymax>
        </bndbox>
    </object>
    <object>
        <name>lego</name>
        <difficult>0</difficult>
        <bndbox>
            <xmin>352</xmin>
            <ymin>96</ymin>
            <xmax>476</xmax>
            <ymax>202</ymax>
        </bndbox>
    </object>
    <object>
        <name>lego</name>
        <difficult>0</difficult>
        <bndbox>
            <xmin>312</xmin>
            <ymin>0</ymin>
            <xmax>404</xmax>
            <ymax>65</ymax>
        </bndbox>
    </object>
    <object>
        <name>lego</name>
        <difficult>0</difficult>
        <bndbox>
            <xmin>285</xmin>
            <ymin>53</ymin>
            <xmax>341</xmax>
            <ymax>110</ymax>
        </bndbox>
    </object>
</annotation>