<?xml version='1.0' encoding='utf-8'?>
<annotation>
    <folder>BrickRay</folder>
    <filename>0a4b0740-dad8-11eb-80e0-3497f683a169.jpg</filename>
    <size>
        <width>600</width>
        <height>600</height>
        <depth>3</depth>
    </size>
    <object>
        <name>lego</name>
        <difficult>0</difficult>
        <bndbox>
            <xmin>101</xmin>
            <ymin>410</ymin>
            <xmax>236</xmax>
            <ymax>600</ymax>
        </bndbox>
    </object>
    <object>
        <name>lego</name>
        <difficult>0</difficult>
        <bndbox>
            <xmin>333</xmin>
            <ymin>366</ymin>
            <xmax>505</xmax>
            <ymax>488</ymax>
        </bndbox>
    </object>
    <object>
        <name>lego</name>
        <difficult>0</difficult>
        <bndbox>
            <xmin>34</xmin>
            <ymin>0</ymin>
            <xmax>109</xmax>
            <ymax>64</ymax>
        </bndbox>
    </object>
    <object>
        <name>lego</name>
        <difficult>0</difficult>
        <bndbox>
            <xmin>469</xmin>
            <ymin>312</ymin>
            <xmax>551</xmax>
            <ymax>392</ymax>
        </bndbox>
    </object>
</annotation>