<?xml version='1.0' encoding='utf-8'?>
<annotation>
    <folder>BrickRay</folder>
    <filename>0a4cf474-da45-11eb-bfaa-3497f683a169.jpg</filename>
    <size>
        <width>600</width>
        <height>600</height>
        <depth>3</depth>
    </size>
    <object>
        <name>lego</name>
        <difficult>0</difficult>
        <bndbox>
            <xmin>181</xmin>
            <ymin>197</ymin>
            <xmax>216</xmax>
            <ymax>261</ymax>
        </bndbox>
    </object>
    <object>
        <name>lego</name>
        <difficult>0</difficult>
        <bndbox>
            <xmin>509</xmin>
            <ymin>258</ymin>
            <xmax>549</xmax>
            <ymax>294</ymax>
        </bndbox>
    </object>
    <object>
        <name>lego</name>
        <difficult>0</difficult>
        <bndbox>
            <xmin>474</xmin>
            <ymin>338</ymin>
            <xmax>600</xmax>
            <ymax>442</ymax>
        </bndbox>
    </object>
    <object>
        <name>lego</name>
        <difficult>0</difficult>
        <bndbox>
            <xmin>0</xmin>
            <ymin>137</ymin>
            <xmax>132</xmax>
            <ymax>241</ymax>
        </bndbox>
    </object>
</annotation>