<?xml version='1.0' encoding='utf-8'?>
<annotation>
    <folder>BrickRay</folder>
    <filename>0a4c599c-e5fa-11eb-ad89-b0c090bd3910.jpg</filename>
    <size>
        <width>300</width>
        <height>300</height>
        <depth>3</depth>
    </size>
    <object>
        <name>lego</name>
        <difficult>0</difficult>
        <bndbox>
            <xmin>1</xmin>
            <ymin>0</ymin>
            <xmax>156</xmax>
            <ymax>139</ymax>
        </bndbox>
    </object>
    <object>
        <name>lego</name>
        <difficult>0</difficult>
        <bndbox>
            <xmin>32</xmin>
            <ymin>5</ymin>
            <xmax>297</xmax>
            <ymax>300</ymax>
        </bndbox>
    </object>
</annotation>