<?xml version='1.0' encoding='utf-8'?>
<annotation>
    <folder>BrickRay</folder>
    <filename>0a4c2c9e-e65c-11eb-80bc-b0c090bd3910.jpg</filename>
    <size>
        <width>300</width>
        <height>300</height>
        <depth>3</depth>
    </size>
    <object>
        <name>lego</name>
        <difficult>0</difficult>
        <bndbox>
            <xmin>0</xmin>
            <ymin>64</ymin>
            <xmax>300</xmax>
            <ymax>228</ymax>
        </bndbox>
    </object>
    <object>
        <name>lego</name>
        <difficult>0</difficult>
        <bndbox>
            <xmin>32</xmin>
            <ymin>184</ymin>
            <xmax>77</xmax>
            <ymax>256</ymax>
        </bndbox>
    </object>
</annotation>