<?xml version='1.0' encoding='utf-8'?>
<annotation>
    <folder>BrickRay</folder>
    <filename>0a4cd134-e2dd-11eb-a679-b0c090bd3910.jpg</filename>
    <size>
        <width>600</width>
        <height>600</height>
        <depth>3</depth>
    </size>
    <object>
        <name>lego</name>
        <difficult>0</difficult>
        <bndbox>
            <xmin>504</xmin>
            <ymin>155</ymin>
            <xmax>560</xmax>
            <ymax>215</ymax>
        </bndbox>
    </object>
    <object>
        <name>lego</name>
        <difficult>0</difficult>
        <bndbox>
            <xmin>456</xmin>
            <ymin>0</ymin>
            <xmax>544</xmax>
            <ymax>126</ymax>
        </bndbox>
    </object>
    <object>
        <name>lego</name>
        <difficult>0</difficult>
        <bndbox>
            <xmin>220</xmin>
            <ymin>19</ymin>
            <xmax>312</xmax>
            <ymax>89</ymax>
        </bndbox>
    </object>
    <object>
        <name>lego</name>
        <difficult>0</difficult>
        <bndbox>
            <xmin>42</xmin>
            <ymin>417</ymin>
            <xmax>259</xmax>
            <ymax>599</ymax>
        </bndbox>
    </object>
</annotation>