<?xml version='1.0' encoding='utf-8'?>
<annotation>
    <folder>BrickRay</folder>
    <filename>0a4c273a-d9ee-11eb-9114-3497f683a169.jpg</filename>
    <size>
        <width>600</width>
        <height>600</height>
        <depth>3</depth>
    </size>
    <object>
        <name>lego</name>
        <difficult>0</difficult>
        <bndbox>
            <xmin>263</xmin>
            <ymin>267</ymin>
            <xmax>453</xmax>
            <ymax>327</ymax>
        </bndbox>
    </object>
    <object>
        <name>lego</name>
        <difficult>0</difficult>
        <bndbox>
            <xmin>444</xmin>
            <ymin>90</ymin>
            <xmax>490</xmax>
            <ymax>134</ymax>
        </bndbox>
    </object>
    <object>
        <name>lego</name>
        <difficult>0</difficult>
        <bndbox>
            <xmin>379</xmin>
            <ymin>319</ymin>
            <xmax>600</xmax>
            <ymax>406</ymax>
        </bndbox>
    </object>
    <object>
        <name>lego</name>
        <difficult>0</difficult>
        <bndbox>
            <xmin>0</xmin>
            <ymin>357</ymin>
            <xmax>74</xmax>
            <ymax>469</ymax>
        </bndbox>
    </object>
</annotation>