<?xml version='1.0' encoding='utf-8'?>
<annotation>
    <folder>BrickRay</folder>
    <filename>0a4dd8ae-e5da-11eb-9895-b0c090bd3910.jpg</filename>
    <size>
        <width>300</width>
        <height>300</height>
        <depth>3</depth>
    </size>
    <object>
        <name>lego</name>
        <difficult>0</difficult>
        <bndbox>
            <xmin>149</xmin>
            <ymin>48</ymin>
            <xmax>299</xmax>
            <ymax>158</ymax>
        </bndbox>
    </object>
    <object>
        <name>lego</name>
        <difficult>0</difficult>
        <bndbox>
            <xmin>0</xmin>
            <ymin>148</ymin>
            <xmax>138</xmax>
            <ymax>247</ymax>
        </bndbox>
    </object>
</annotation>