<?xml version='1.0' encoding='utf-8'?>
<annotation>
    <folder>BrickRay</folder>
    <filename>0a4dd0ec-e79a-11eb-a95f-b0c090bd3910.jpg</filename>
    <size>
        <width>300</width>
        <height>300</height>
        <depth>3</depth>
    </size>
    <object>
        <name>lego</name>
        <difficult>0</difficult>
        <bndbox>
            <xmin>175</xmin>
            <ymin>88</ymin>
            <xmax>299</xmax>
            <ymax>243</ymax>
        </bndbox>
    </object>
    <object>
        <name>lego</name>
        <difficult>0</difficult>
        <bndbox>
            <xmin>0</xmin>
            <ymin>49</ymin>
            <xmax>156</xmax>
            <ymax>179</ymax>
        </bndbox>
    </object>
</annotation>