<?xml version='1.0' encoding='utf-8'?>
<annotation>
    <folder>BrickRay</folder>
    <filename>0a4e5e74-e7cc-11eb-960d-b0c090bd3910.jpg</filename>
    <size>
        <width>300</width>
        <height>300</height>
        <depth>3</depth>
    </size>
    <object>
        <name>lego</name>
        <difficult>0</difficult>
        <bndbox>
            <xmin>159</xmin>
            <ymin>82</ymin>
            <xmax>206</xmax>
            <ymax>163</ymax>
        </bndbox>
    </object>
    <object>
        <name>lego</name>
        <difficult>0</difficult>
        <bndbox>
            <xmin>89</xmin>
            <ymin>0</ymin>
            <xmax>215</xmax>
            <ymax>299</ymax>
        </bndbox>
    </object>
</annotation>