<?xml version='1.0' encoding='utf-8'?>
<annotation>
    <folder>BrickRay</folder>
    <filename>0a4e3cee-d9c7-11eb-b6a7-3497f683a169.jpg</filename>
    <size>
        <width>600</width>
        <height>600</height>
        <depth>3</depth>
    </size>
    <object>
        <name>lego</name>
        <difficult>0</difficult>
        <bndbox>
            <xmin>0</xmin>
            <ymin>184</ymin>
            <xmax>285</xmax>
            <ymax>405</ymax>
        </bndbox>
    </object>
    <object>
        <name>lego</name>
        <difficult>0</difficult>
        <bndbox>
            <xmin>561</xmin>
            <ymin>206</ymin>
            <xmax>599</xmax>
            <ymax>263</ymax>
        </bndbox>
    </object>
    <object>
        <name>lego</name>
        <difficult>0</difficult>
        <bndbox>
            <xmin>235</xmin>
            <ymin>205</ymin>
            <xmax>375</xmax>
            <ymax>334</ymax>
        </bndbox>
    </object>
    <object>
        <name>lego</name>
        <difficult>0</difficult>
        <bndbox>
            <xmin>281</xmin>
            <ymin>269</ymin>
            <xmax>321</xmax>
            <ymax>363</ymax>
        </bndbox>
    </object>
</annotation>