<?xml version='1.0' encoding='utf-8'?>
<annotation>
    <folder>BrickRay</folder>
    <filename>0a4e59a2-e5c2-11eb-b29a-b0c090bd3910.jpg</filename>
    <size>
        <width>300</width>
        <height>300</height>
        <depth>3</depth>
    </size>
    <object>
        <name>lego</name>
        <difficult>0</difficult>
        <bndbox>
            <xmin>106</xmin>
            <ymin>0</ymin>
            <xmax>189</xmax>
            <ymax>88</ymax>
        </bndbox>
    </object>
    <object>
        <name>lego</name>
        <difficult>0</difficult>
        <bndbox>
            <xmin>104</xmin>
            <ymin>206</ymin>
            <xmax>201</xmax>
            <ymax>300</ymax>
        </bndbox>
    </object>
</annotation>