<?xml version='1.0' encoding='utf-8'?>
<annotation>
    <folder>BrickRay</folder>
    <filename>0a4f2314-e695-11eb-bb73-b0c090bd3910.jpg</filename>
    <size>
        <width>300</width>
        <height>300</height>
        <depth>3</depth>
    </size>
    <object>
        <name>lego</name>
        <difficult>0</difficult>
        <bndbox>
            <xmin>71</xmin>
            <ymin>184</ymin>
            <xmax>182</xmax>
            <ymax>300</ymax>
        </bndbox>
    </object>
    <object>
        <name>lego</name>
        <difficult>0</difficult>
        <bndbox>
            <xmin>130</xmin>
            <ymin>0</ymin>
            <xmax>229</xmax>
            <ymax>126</ymax>
        </bndbox>
    </object>
</annotation>