<?xml version='1.0' encoding='utf-8'?>
<annotation>
    <folder>BrickRay</folder>
    <filename>0a4f959a-e5c3-11eb-99fc-b0c090bd3910.jpg</filename>
    <size>
        <width>300</width>
        <height>300</height>
        <depth>3</depth>
    </size>
    <object>
        <name>lego</name>
        <difficult>0</difficult>
        <bndbox>
            <xmin>84</xmin>
            <ymin>75</ymin>
            <xmax>299</xmax>
            <ymax>258</ymax>
        </bndbox>
    </object>
    <object>
        <name>lego</name>
        <difficult>0</difficult>
        <bndbox>
            <xmin>0</xmin>
            <ymin>29</ymin>
            <xmax>86</xmax>
            <ymax>159</ymax>
        </bndbox>
    </object>
</annotation>