<?xml version='1.0' encoding='utf-8'?>
<annotation>
    <folder>BrickRay</folder>
    <filename>0a503bdc-e5fc-11eb-9f51-b0c090bd3910.jpg</filename>
    <size>
        <width>300</width>
        <height>300</height>
        <depth>3</depth>
    </size>
    <object>
        <name>lego</name>
        <difficult>0</difficult>
        <bndbox>
            <xmin>43</xmin>
            <ymin>157</ymin>
            <xmax>182</xmax>
            <ymax>300</ymax>
        </bndbox>
    </object>
    <object>
        <name>lego</name>
        <difficult>0</difficult>
        <bndbox>
            <xmin>94</xmin>
            <ymin>0</ymin>
            <xmax>266</xmax>
            <ymax>152</ymax>
        </bndbox>
    </object>
</annotation>