<?xml version='1.0' encoding='utf-8'?>
<annotation>
    <folder>BrickRay</folder>
    <filename>0a50aad8-db15-11eb-ae21-3497f683a169.jpg</filename>
    <size>
        <width>600</width>
        <height>600</height>
        <depth>3</depth>
    </size>
    <object>
        <name>lego</name>
        <difficult>0</difficult>
        <bndbox>
            <xmin>201</xmin>
            <ymin>423</ymin>
            <xmax>405</xmax>
            <ymax>522</ymax>
        </bndbox>
    </object>
    <object>
        <name>lego</name>
        <difficult>0</difficult>
        <bndbox>
            <xmin>107</xmin>
            <ymin>228</ymin>
            <xmax>489</xmax>
            <ymax>584</ymax>
        </bndbox>
    </object>
    <object>
        <name>lego</name>
        <difficult>0</difficult>
        <bndbox>
            <xmin>213</xmin>
            <ymin>483</ymin>
            <xmax>278</xmax>
            <ymax>599</ymax>
        </bndbox>
    </object>
    <object>
        <name>lego</name>
        <difficult>0</difficult>
        <bndbox>
            <xmin>326</xmin>
            <ymin>0</ymin>
            <xmax>471</xmax>
            <ymax>153</ymax>
        </bndbox>
    </object>
</annotation>