<?xml version='1.0' encoding='utf-8'?>
<annotation>
    <folder>BrickRay</folder>
    <filename>0a502e5a-da6c-11eb-98ff-3497f683a169.jpg</filename>
    <size>
        <width>600</width>
        <height>600</height>
        <depth>3</depth>
    </size>
    <object>
        <name>lego</name>
        <difficult>0</difficult>
        <bndbox>
            <xmin>141</xmin>
            <ymin>0</ymin>
            <xmax>237</xmax>
            <ymax>140</ymax>
        </bndbox>
    </object>
    <object>
        <name>lego</name>
        <difficult>0</difficult>
        <bndbox>
            <xmin>224</xmin>
            <ymin>15</ymin>
            <xmax>406</xmax>
            <ymax>265</ymax>
        </bndbox>
    </object>
    <object>
        <name>lego</name>
        <difficult>0</difficult>
        <bndbox>
            <xmin>49</xmin>
            <ymin>464</ymin>
            <xmax>198</xmax>
            <ymax>599</ymax>
        </bndbox>
    </object>
    <object>
        <name>lego</name>
        <difficult>0</difficult>
        <bndbox>
            <xmin>501</xmin>
            <ymin>290</ymin>
            <xmax>570</xmax>
            <ymax>421</ymax>
        </bndbox>
    </object>
</annotation>