<?xml version='1.0' encoding='utf-8'?>
<annotation>
    <folder>BrickRay</folder>
    <filename>0a507a4a-e5d9-11eb-b3ee-b0c090bd3910.jpg</filename>
    <size>
        <width>300</width>
        <height>300</height>
        <depth>3</depth>
    </size>
    <object>
        <name>lego</name>
        <difficult>0</difficult>
        <bndbox>
            <xmin>29</xmin>
            <ymin>235</ymin>
            <xmax>103</xmax>
            <ymax>299</ymax>
        </bndbox>
    </object>
    <object>
        <name>lego</name>
        <difficult>0</difficult>
        <bndbox>
            <xmin>36</xmin>
            <ymin>0</ymin>
            <xmax>273</xmax>
            <ymax>205</ymax>
        </bndbox>
    </object>
</annotation>