<?xml version='1.0' encoding='utf-8'?>
<annotation>
    <folder>BrickRay</folder>
    <filename>0a5150d4-db57-11eb-9cde-3497f683a169.jpg</filename>
    <size>
        <width>600</width>
        <height>600</height>
        <depth>3</depth>
    </size>
    <object>
        <name>lego</name>
        <difficult>0</difficult>
        <bndbox>
            <xmin>0</xmin>
            <ymin>187</ymin>
            <xmax>127</xmax>
            <ymax>237</ymax>
        </bndbox>
    </object>
    <object>
        <name>lego</name>
        <difficult>0</difficult>
        <bndbox>
            <xmin>178</xmin>
            <ymin>238</ymin>
            <xmax>600</xmax>
            <ymax>425</ymax>
        </bndbox>
    </object>
    <object>
        <name>lego</name>
        <difficult>0</difficult>
        <bndbox>
            <xmin>152</xmin>
            <ymin>303</ymin>
            <xmax>181</xmax>
            <ymax>351</ymax>
        </bndbox>
    </object>
    <object>
        <name>lego</name>
        <difficult>0</difficult>
        <bndbox>
            <xmin>204</xmin>
            <ymin>125</ymin>
            <xmax>233</xmax>
            <ymax>156</ymax>
        </bndbox>
    </object>
</annotation>