<?xml version='1.0' encoding='utf-8'?>
<annotation>
    <folder>BrickRay</folder>
    <filename>0a51cede-e79d-11eb-9301-b0c090bd3910.jpg</filename>
    <size>
        <width>300</width>
        <height>300</height>
        <depth>3</depth>
    </size>
    <object>
        <name>lego</name>
        <difficult>0</difficult>
        <bndbox>
            <xmin>216</xmin>
            <ymin>105</ymin>
            <xmax>300</xmax>
            <ymax>219</ymax>
        </bndbox>
    </object>
    <object>
        <name>lego</name>
        <difficult>0</difficult>
        <bndbox>
            <xmin>0</xmin>
            <ymin>66</ymin>
            <xmax>231</xmax>
            <ymax>164</ymax>
        </bndbox>
    </object>
</annotation>