<?xml version='1.0' encoding='utf-8'?>
<annotation>
    <folder>BrickRay</folder>
    <filename>0a5214d8-e65e-11eb-a5e8-b0c090bd3910.jpg</filename>
    <size>
        <width>300</width>
        <height>300</height>
        <depth>3</depth>
    </size>
    <object>
        <name>lego</name>
        <difficult>0</difficult>
        <bndbox>
            <xmin>56</xmin>
            <ymin>153</ymin>
            <xmax>150</xmax>
            <ymax>299</ymax>
        </bndbox>
    </object>
    <object>
        <name>lego</name>
        <difficult>0</difficult>
        <bndbox>
            <xmin>177</xmin>
            <ymin>0</ymin>
            <xmax>249</xmax>
            <ymax>77</ymax>
        </bndbox>
    </object>
</annotation>