<?xml version='1.0' encoding='utf-8'?>
<annotation>
    <folder>BrickRay</folder>
    <filename>0a529e24-e5f8-11eb-9221-b0c090bd3910.jpg</filename>
    <size>
        <width>300</width>
        <height>300</height>
        <depth>3</depth>
    </size>
    <object>
        <name>lego</name>
        <difficult>0</difficult>
        <bndbox>
            <xmin>113</xmin>
            <ymin>82</ymin>
            <xmax>300</xmax>
            <ymax>274</ymax>
        </bndbox>
    </object>
    <object>
        <name>lego</name>
        <difficult>0</difficult>
        <bndbox>
            <xmin>0</xmin>
            <ymin>14</ymin>
            <xmax>74</xmax>
            <ymax>159</ymax>
        </bndbox>
    </object>
</annotation>