<?xml version='1.0' encoding='utf-8'?>
<annotation>
    <folder>BrickRay</folder>
    <filename>0a539dfa-da0b-11eb-8c9d-3497f683a169.jpg</filename>
    <size>
        <width>600</width>
        <height>600</height>
        <depth>3</depth>
    </size>
    <object>
        <name>lego</name>
        <difficult>0</difficult>
        <bndbox>
            <xmin>443</xmin>
            <ymin>177</ymin>
            <xmax>531</xmax>
            <ymax>255</ymax>
        </bndbox>
    </object>
    <object>
        <name>lego</name>
        <difficult>0</difficult>
        <bndbox>
            <xmin>54</xmin>
            <ymin>350</ymin>
            <xmax>160</xmax>
            <ymax>425</ymax>
        </bndbox>
    </object>
    <object>
        <name>lego</name>
        <difficult>0</difficult>
        <bndbox>
            <xmin>0</xmin>
            <ymin>186</ymin>
            <xmax>107</xmax>
            <ymax>316</ymax>
        </bndbox>
    </object>
    <object>
        <name>lego</name>
        <difficult>0</difficult>
        <bndbox>
            <xmin>529</xmin>
            <ymin>148</ymin>
            <xmax>599</xmax>
            <ymax>231</ymax>
        </bndbox>
    </object>
</annotation>