<?xml version='1.0' encoding='utf-8'?>
<annotation>
    <folder>BrickRay</folder>
    <filename>0a53d4ae-e78e-11eb-b489-b0c090bd3910.jpg</filename>
    <size>
        <width>300</width>
        <height>300</height>
        <depth>3</depth>
    </size>
    <object>
        <name>lego</name>
        <difficult>0</difficult>
        <bndbox>
            <xmin>69</xmin>
            <ymin>139</ymin>
            <xmax>230</xmax>
            <ymax>300</ymax>
        </bndbox>
    </object>
    <object>
        <name>lego</name>
        <difficult>0</difficult>
        <bndbox>
            <xmin>72</xmin>
            <ymin>0</ymin>
            <xmax>156</xmax>
            <ymax>78</ymax>
        </bndbox>
    </object>
</annotation>