<?xml version='1.0' encoding='utf-8'?>
<annotation>
    <folder>BrickRay</folder>
    <filename>0a53ffee-da09-11eb-96c4-3497f683a169.jpg</filename>
    <size>
        <width>600</width>
        <height>600</height>
        <depth>3</depth>
    </size>
    <object>
        <name>lego</name>
        <difficult>0</difficult>
        <bndbox>
            <xmin>325</xmin>
            <ymin>116</ymin>
            <xmax>403</xmax>
            <ymax>213</ymax>
        </bndbox>
    </object>
    <object>
        <name>lego</name>
        <difficult>0</difficult>
        <bndbox>
            <xmin>443</xmin>
            <ymin>199</ymin>
            <xmax>600</xmax>
            <ymax>292</ymax>
        </bndbox>
    </object>
    <object>
        <name>lego</name>
        <difficult>0</difficult>
        <bndbox>
            <xmin>0</xmin>
            <ymin>367</ymin>
            <xmax>83</xmax>
            <ymax>436</ymax>
        </bndbox>
    </object>
    <object>
        <name>lego</name>
        <difficult>0</difficult>
        <bndbox>
            <xmin>407</xmin>
            <ymin>393</ymin>
            <xmax>457</xmax>
            <ymax>450</ymax>
        </bndbox>
    </object>
</annotation>