<?xml version='1.0' encoding='utf-8'?>
<annotation>
    <folder>BrickRay</folder>
    <filename>0a53a468-d958-11eb-929c-b0c090bd3910.jpg</filename>
    <size>
        <width>600</width>
        <height>600</height>
        <depth>3</depth>
    </size>
    <object>
        <name>lego</name>
        <difficult>0</difficult>
        <bndbox>
            <xmin>292</xmin>
            <ymin>434</ymin>
            <xmax>465</xmax>
            <ymax>599</ymax>
        </bndbox>
    </object>
    <object>
        <name>lego</name>
        <difficult>0</difficult>
        <bndbox>
            <xmin>118</xmin>
            <ymin>132</ymin>
            <xmax>184</xmax>
            <ymax>183</ymax>
        </bndbox>
    </object>
    <object>
        <name>lego</name>
        <difficult>0</difficult>
        <bndbox>
            <xmin>91</xmin>
            <ymin>73</ymin>
            <xmax>163</xmax>
            <ymax>153</ymax>
        </bndbox>
    </object>
    <object>
        <name>lego</name>
        <difficult>0</difficult>
        <bndbox>
            <xmin>261</xmin>
            <ymin>0</ymin>
            <xmax>354</xmax>
            <ymax>152</ymax>
        </bndbox>
    </object>
</annotation>