<?xml version='1.0' encoding='utf-8'?>
<annotation>
    <folder>BrickRay</folder>
    <filename>0a542ff0-da31-11eb-998a-3497f683a169.jpg</filename>
    <size>
        <width>600</width>
        <height>600</height>
        <depth>3</depth>
    </size>
    <object>
        <name>lego</name>
        <difficult>0</difficult>
        <bndbox>
            <xmin>0</xmin>
            <ymin>72</ymin>
            <xmax>52</xmax>
            <ymax>103</ymax>
        </bndbox>
    </object>
    <object>
        <name>lego</name>
        <difficult>0</difficult>
        <bndbox>
            <xmin>550</xmin>
            <ymin>108</ymin>
            <xmax>599</xmax>
            <ymax>157</ymax>
        </bndbox>
    </object>
    <object>
        <name>lego</name>
        <difficult>0</difficult>
        <bndbox>
            <xmin>394</xmin>
            <ymin>446</ymin>
            <xmax>477</xmax>
            <ymax>498</ymax>
        </bndbox>
    </object>
    <object>
        <name>lego</name>
        <difficult>0</difficult>
        <bndbox>
            <xmin>218</xmin>
            <ymin>101</ymin>
            <xmax>312</xmax>
            <ymax>173</ymax>
        </bndbox>
    </object>
</annotation>