<?xml version='1.0' encoding='utf-8'?>
<annotation>
    <folder>BrickRay</folder>
    <filename>0a540280-d9e7-11eb-b928-3497f683a169.jpg</filename>
    <size>
        <width>600</width>
        <height>600</height>
        <depth>3</depth>
    </size>
    <object>
        <name>lego</name>
        <difficult>0</difficult>
        <bndbox>
            <xmin>182</xmin>
            <ymin>69</ymin>
            <xmax>212</xmax>
            <ymax>96</ymax>
        </bndbox>
    </object>
    <object>
        <name>lego</name>
        <difficult>0</difficult>
        <bndbox>
            <xmin>241</xmin>
            <ymin>529</ymin>
            <xmax>327</xmax>
            <ymax>599</ymax>
        </bndbox>
    </object>
    <object>
        <name>lego</name>
        <difficult>0</difficult>
        <bndbox>
            <xmin>369</xmin>
            <ymin>321</ymin>
            <xmax>463</xmax>
            <ymax>404</ymax>
        </bndbox>
    </object>
    <object>
        <name>lego</name>
        <difficult>0</difficult>
        <bndbox>
            <xmin>112</xmin>
            <ymin>0</ymin>
            <xmax>196</xmax>
            <ymax>117</ymax>
        </bndbox>
    </object>
</annotation>