<?xml version='1.0' encoding='utf-8'?>
<annotation>
    <folder>BrickRay</folder>
    <filename>0a554f54-e5cd-11eb-974b-b0c090bd3910.jpg</filename>
    <size>
        <width>300</width>
        <height>300</height>
        <depth>3</depth>
    </size>
    <object>
        <name>lego</name>
        <difficult>0</difficult>
        <bndbox>
            <xmin>31</xmin>
            <ymin>0</ymin>
            <xmax>155</xmax>
            <ymax>136</ymax>
        </bndbox>
    </object>
    <object>
        <name>lego</name>
        <difficult>0</difficult>
        <bndbox>
            <xmin>98</xmin>
            <ymin>101</ymin>
            <xmax>269</xmax>
            <ymax>300</ymax>
        </bndbox>
    </object>
</annotation>