<?xml version='1.0' encoding='utf-8'?>
<annotation>
    <folder>BrickRay</folder>
    <filename>0a55e294-db73-11eb-b7e1-3497f683a169.jpg</filename>
    <size>
        <width>600</width>
        <height>600</height>
        <depth>3</depth>
    </size>
    <object>
        <name>lego</name>
        <difficult>0</difficult>
        <bndbox>
            <xmin>375</xmin>
            <ymin>284</ymin>
            <xmax>600</xmax>
            <ymax>357</ymax>
        </bndbox>
    </object>
    <object>
        <name>lego</name>
        <difficult>0</difficult>
        <bndbox>
            <xmin>336</xmin>
            <ymin>44</ymin>
            <xmax>400</xmax>
            <ymax>102</ymax>
        </bndbox>
    </object>
    <object>
        <name>lego</name>
        <difficult>0</difficult>
        <bndbox>
            <xmin>147</xmin>
            <ymin>455</ymin>
            <xmax>210</xmax>
            <ymax>544</ymax>
        </bndbox>
    </object>
    <object>
        <name>lego</name>
        <difficult>0</difficult>
        <bndbox>
            <xmin>0</xmin>
            <ymin>217</ymin>
            <xmax>72</xmax>
            <ymax>257</ymax>
        </bndbox>
    </object>
</annotation>