<?xml version='1.0' encoding='utf-8'?>
<annotation>
    <folder>BrickRay</folder>
    <filename>0a55e028-e6a2-11eb-9412-b0c090bd3910.jpg</filename>
    <size>
        <width>300</width>
        <height>300</height>
        <depth>3</depth>
    </size>
    <object>
        <name>lego</name>
        <difficult>0</difficult>
        <bndbox>
            <xmin>0</xmin>
            <ymin>4</ymin>
            <xmax>271</xmax>
            <ymax>173</ymax>
        </bndbox>
    </object>
    <object>
        <name>lego</name>
        <difficult>0</difficult>
        <bndbox>
            <xmin>173</xmin>
            <ymin>7</ymin>
            <xmax>299</xmax>
            <ymax>296</ymax>
        </bndbox>
    </object>
</annotation>