<?xml version='1.0' encoding='utf-8'?>
<annotation>
    <folder>BrickRay</folder>
    <filename>0a5699b8-e693-11eb-beff-b0c090bd3910.jpg</filename>
    <size>
        <width>300</width>
        <height>300</height>
        <depth>3</depth>
    </size>
    <object>
        <name>lego</name>
        <difficult>0</difficult>
        <bndbox>
            <xmin>69</xmin>
            <ymin>221</ymin>
            <xmax>234</xmax>
            <ymax>300</ymax>
        </bndbox>
    </object>
    <object>
        <name>lego</name>
        <difficult>0</difficult>
        <bndbox>
            <xmin>68</xmin>
            <ymin>0</ymin>
            <xmax>209</xmax>
            <ymax>139</ymax>
        </bndbox>
    </object>
</annotation>