<?xml version='1.0' encoding='utf-8'?>
<annotation>
    <folder>BrickRay</folder>
    <filename>0a568cfe-e5ca-11eb-ae44-b0c090bd3910.jpg</filename>
    <size>
        <width>300</width>
        <height>300</height>
        <depth>3</depth>
    </size>
    <object>
        <name>lego</name>
        <difficult>0</difficult>
        <bndbox>
            <xmin>143</xmin>
            <ymin>0</ymin>
            <xmax>266</xmax>
            <ymax>150</ymax>
        </bndbox>
    </object>
    <object>
        <name>lego</name>
        <difficult>0</difficult>
        <bndbox>
            <xmin>39</xmin>
            <ymin>168</ymin>
            <xmax>155</xmax>
            <ymax>300</ymax>
        </bndbox>
    </object>
</annotation>