<?xml version='1.0' encoding='utf-8'?>
<annotation>
    <folder>BrickRay</folder>
    <filename>0a56a8d0-d9c5-11eb-b08d-3497f683a169.jpg</filename>
    <size>
        <width>600</width>
        <height>600</height>
        <depth>3</depth>
    </size>
    <object>
        <name>lego</name>
        <difficult>0</difficult>
        <bndbox>
            <xmin>40</xmin>
            <ymin>365</ymin>
            <xmax>133</xmax>
            <ymax>460</ymax>
        </bndbox>
    </object>
    <object>
        <name>lego</name>
        <difficult>0</difficult>
        <bndbox>
            <xmin>215</xmin>
            <ymin>345</ymin>
            <xmax>502</xmax>
            <ymax>600</ymax>
        </bndbox>
    </object>
    <object>
        <name>lego</name>
        <difficult>0</difficult>
        <bndbox>
            <xmin>231</xmin>
            <ymin>0</ymin>
            <xmax>350</xmax>
            <ymax>59</ymax>
        </bndbox>
    </object>
    <object>
        <name>lego</name>
        <difficult>0</difficult>
        <bndbox>
            <xmin>496</xmin>
            <ymin>104</ymin>
            <xmax>570</xmax>
            <ymax>152</ymax>
        </bndbox>
    </object>
</annotation>