<?xml version='1.0' encoding='utf-8'?>
<annotation>
    <folder>BrickRay</folder>
    <filename>0a573db4-e4d6-11eb-8369-b0c090bd3910.jpg</filename>
    <size>
        <width>600</width>
        <height>600</height>
        <depth>3</depth>
    </size>
    <object>
        <name>lego</name>
        <difficult>0</difficult>
        <bndbox>
            <xmin>335</xmin>
            <ymin>502</ymin>
            <xmax>459</xmax>
            <ymax>600</ymax>
        </bndbox>
    </object>
    <object>
        <name>lego</name>
        <difficult>0</difficult>
        <bndbox>
            <xmin>123</xmin>
            <ymin>285</ymin>
            <xmax>213</xmax>
            <ymax>376</ymax>
        </bndbox>
    </object>
    <object>
        <name>lego</name>
        <difficult>0</difficult>
        <bndbox>
            <xmin>236</xmin>
            <ymin>0</ymin>
            <xmax>373</xmax>
            <ymax>391</ymax>
        </bndbox>
    </object>
    <object>
        <name>lego</name>
        <difficult>0</difficult>
        <bndbox>
            <xmin>318</xmin>
            <ymin>343</ymin>
            <xmax>374</xmax>
            <ymax>405</ymax>
        </bndbox>
    </object>
</annotation>