<?xml version='1.0' encoding='utf-8'?>
<annotation>
    <folder>BrickRay</folder>
    <filename>0a585d50-da47-11eb-9978-3497f683a169.jpg</filename>
    <size>
        <width>600</width>
        <height>600</height>
        <depth>3</depth>
    </size>
    <object>
        <name>lego</name>
        <difficult>0</difficult>
        <bndbox>
            <xmin>538</xmin>
            <ymin>183</ymin>
            <xmax>600</xmax>
            <ymax>246</ymax>
        </bndbox>
    </object>
    <object>
        <name>lego</name>
        <difficult>0</difficult>
        <bndbox>
            <xmin>0</xmin>
            <ymin>331</ymin>
            <xmax>40</xmax>
            <ymax>354</ymax>
        </bndbox>
    </object>
    <object>
        <name>lego</name>
        <difficult>0</difficult>
        <bndbox>
            <xmin>43</xmin>
            <ymin>368</ymin>
            <xmax>105</xmax>
            <ymax>411</ymax>
        </bndbox>
    </object>
    <object>
        <name>lego</name>
        <difficult>0</difficult>
        <bndbox>
            <xmin>155</xmin>
            <ymin>319</ymin>
            <xmax>266</xmax>
            <ymax>356</ymax>
        </bndbox>
    </object>
</annotation>