<?xml version='1.0' encoding='utf-8'?>
<annotation>
    <folder>BrickRay</folder>
    <filename>0a58867a-d9e3-11eb-b7a8-3497f683a169.jpg</filename>
    <size>
        <width>600</width>
        <height>600</height>
        <depth>3</depth>
    </size>
    <object>
        <name>lego</name>
        <difficult>0</difficult>
        <bndbox>
            <xmin>544</xmin>
            <ymin>534</ymin>
            <xmax>600</xmax>
            <ymax>561</ymax>
        </bndbox>
    </object>
    <object>
        <name>lego</name>
        <difficult>0</difficult>
        <bndbox>
            <xmin>0</xmin>
            <ymin>320</ymin>
            <xmax>89</xmax>
            <ymax>400</ymax>
        </bndbox>
    </object>
    <object>
        <name>lego</name>
        <difficult>0</difficult>
        <bndbox>
            <xmin>414</xmin>
            <ymin>108</ymin>
            <xmax>467</xmax>
            <ymax>150</ymax>
        </bndbox>
    </object>
    <object>
        <name>lego</name>
        <difficult>0</difficult>
        <bndbox>
            <xmin>502</xmin>
            <ymin>31</ymin>
            <xmax>553</xmax>
            <ymax>126</ymax>
        </bndbox>
    </object>
</annotation>