<?xml version='1.0' encoding='utf-8'?>
<annotation>
    <folder>BrickRay</folder>
    <filename>0a586d0a-e2e4-11eb-bfd5-b0c090bd3910.jpg</filename>
    <size>
        <width>600</width>
        <height>600</height>
        <depth>3</depth>
    </size>
    <object>
        <name>lego</name>
        <difficult>0</difficult>
        <bndbox>
            <xmin>10</xmin>
            <ymin>90</ymin>
            <xmax>464</xmax>
            <ymax>253</ymax>
        </bndbox>
    </object>
    <object>
        <name>lego</name>
        <difficult>0</difficult>
        <bndbox>
            <xmin>0</xmin>
            <ymin>187</ymin>
            <xmax>245</xmax>
            <ymax>327</ymax>
        </bndbox>
    </object>
    <object>
        <name>lego</name>
        <difficult>0</difficult>
        <bndbox>
            <xmin>279</xmin>
            <ymin>413</ymin>
            <xmax>339</xmax>
            <ymax>467</ymax>
        </bndbox>
    </object>
    <object>
        <name>lego</name>
        <difficult>0</difficult>
        <bndbox>
            <xmin>550</xmin>
            <ymin>181</ymin>
            <xmax>600</xmax>
            <ymax>222</ymax>
        </bndbox>
    </object>
</annotation>