<?xml version='1.0' encoding='utf-8'?>
<annotation>
    <folder>BrickRay</folder>
    <filename>0a58a692-da69-11eb-9b74-3497f683a169.jpg</filename>
    <size>
        <width>600</width>
        <height>600</height>
        <depth>3</depth>
    </size>
    <object>
        <name>lego</name>
        <difficult>0</difficult>
        <bndbox>
            <xmin>484</xmin>
            <ymin>196</ymin>
            <xmax>600</xmax>
            <ymax>327</ymax>
        </bndbox>
    </object>
    <object>
        <name>lego</name>
        <difficult>0</difficult>
        <bndbox>
            <xmin>68</xmin>
            <ymin>157</ymin>
            <xmax>143</xmax>
            <ymax>273</ymax>
        </bndbox>
    </object>
    <object>
        <name>lego</name>
        <difficult>0</difficult>
        <bndbox>
            <xmin>44</xmin>
            <ymin>30</ymin>
            <xmax>375</xmax>
            <ymax>175</ymax>
        </bndbox>
    </object>
    <object>
        <name>lego</name>
        <difficult>0</difficult>
        <bndbox>
            <xmin>0</xmin>
            <ymin>415</ymin>
            <xmax>137</xmax>
            <ymax>545</ymax>
        </bndbox>
    </object>
</annotation>