<?xml version='1.0' encoding='utf-8'?>
<annotation>
    <folder>BrickRay</folder>
    <filename>0a580280-e4dd-11eb-ad8b-b0c090bd3910.jpg</filename>
    <size>
        <width>600</width>
        <height>600</height>
        <depth>3</depth>
    </size>
    <object>
        <name>lego</name>
        <difficult>0</difficult>
        <bndbox>
            <xmin>44</xmin>
            <ymin>377</ymin>
            <xmax>192</xmax>
            <ymax>502</ymax>
        </bndbox>
    </object>
    <object>
        <name>lego</name>
        <difficult>0</difficult>
        <bndbox>
            <xmin>448</xmin>
            <ymin>73</ymin>
            <xmax>600</xmax>
            <ymax>199</ymax>
        </bndbox>
    </object>
    <object>
        <name>lego</name>
        <difficult>0</difficult>
        <bndbox>
            <xmin>0</xmin>
            <ymin>273</ymin>
            <xmax>154</xmax>
            <ymax>361</ymax>
        </bndbox>
    </object>
    <object>
        <name>lego</name>
        <difficult>0</difficult>
        <bndbox>
            <xmin>446</xmin>
            <ymin>173</ymin>
            <xmax>490</xmax>
            <ymax>216</ymax>
        </bndbox>
    </object>
</annotation>