<?xml version='1.0' encoding='utf-8'?>
<annotation>
    <folder>BrickRay</folder>
    <filename>0a598efa-e79e-11eb-8999-b0c090bd3910.jpg</filename>
    <size>
        <width>300</width>
        <height>300</height>
        <depth>3</depth>
    </size>
    <object>
        <name>lego</name>
        <difficult>0</difficult>
        <bndbox>
            <xmin>40</xmin>
            <ymin>0</ymin>
            <xmax>78</xmax>
            <ymax>53</ymax>
        </bndbox>
    </object>
    <object>
        <name>lego</name>
        <difficult>0</difficult>
        <bndbox>
            <xmin>134</xmin>
            <ymin>201</ymin>
            <xmax>247</xmax>
            <ymax>300</ymax>
        </bndbox>
    </object>
</annotation>