<?xml version='1.0' encoding='utf-8'?>
<annotation>
    <folder>BrickRay</folder>
    <filename>0a5a8e58-e674-11eb-80f5-b0c090bd3910.jpg</filename>
    <size>
        <width>300</width>
        <height>300</height>
        <depth>3</depth>
    </size>
    <object>
        <name>lego</name>
        <difficult>0</difficult>
        <bndbox>
            <xmin>0</xmin>
            <ymin>63</ymin>
            <xmax>299</xmax>
            <ymax>271</ymax>
        </bndbox>
    </object>
    <object>
        <name>lego</name>
        <difficult>0</difficult>
        <bndbox>
            <xmin>99</xmin>
            <ymin>24</ymin>
            <xmax>216</xmax>
            <ymax>171</ymax>
        </bndbox>
    </object>
</annotation>