<?xml version='1.0' encoding='utf-8'?>
<annotation>
    <folder>BrickRay</folder>
    <filename>0a5ab58a-e4c3-11eb-a8e8-b0c090bd3910.jpg</filename>
    <size>
        <width>600</width>
        <height>600</height>
        <depth>3</depth>
    </size>
    <object>
        <name>lego</name>
        <difficult>0</difficult>
        <bndbox>
            <xmin>0</xmin>
            <ymin>303</ymin>
            <xmax>109</xmax>
            <ymax>366</ymax>
        </bndbox>
    </object>
    <object>
        <name>lego</name>
        <difficult>0</difficult>
        <bndbox>
            <xmin>391</xmin>
            <ymin>182</ymin>
            <xmax>600</xmax>
            <ymax>265</ymax>
        </bndbox>
    </object>
    <object>
        <name>lego</name>
        <difficult>0</difficult>
        <bndbox>
            <xmin>169</xmin>
            <ymin>366</ymin>
            <xmax>263</xmax>
            <ymax>395</ymax>
        </bndbox>
    </object>
    <object>
        <name>lego</name>
        <difficult>0</difficult>
        <bndbox>
            <xmin>325</xmin>
            <ymin>280</ymin>
            <xmax>385</xmax>
            <ymax>337</ymax>
        </bndbox>
    </object>
</annotation>