<?xml version='1.0' encoding='utf-8'?>
<annotation>
    <folder>BrickRay</folder>
    <filename>0a5a1cc2-e3aa-11eb-8e1d-b0c090bd3910.jpg</filename>
    <size>
        <width>600</width>
        <height>600</height>
        <depth>3</depth>
    </size>
    <object>
        <name>lego</name>
        <difficult>0</difficult>
        <bndbox>
            <xmin>21</xmin>
            <ymin>72</ymin>
            <xmax>292</xmax>
            <ymax>178</ymax>
        </bndbox>
    </object>
    <object>
        <name>lego</name>
        <difficult>0</difficult>
        <bndbox>
            <xmin>0</xmin>
            <ymin>157</ymin>
            <xmax>377</xmax>
            <ymax>320</ymax>
        </bndbox>
    </object>
    <object>
        <name>lego</name>
        <difficult>0</difficult>
        <bndbox>
            <xmin>393</xmin>
            <ymin>359</ymin>
            <xmax>600</xmax>
            <ymax>504</ymax>
        </bndbox>
    </object>
    <object>
        <name>lego</name>
        <difficult>0</difficult>
        <bndbox>
            <xmin>535</xmin>
            <ymin>68</ymin>
            <xmax>581</xmax>
            <ymax>105</ymax>
        </bndbox>
    </object>
</annotation>