<?xml version='1.0' encoding='utf-8'?>
<annotation>
    <folder>BrickRay</folder>
    <filename>0a5b65b4-db87-11eb-a42b-3497f683a169.jpg</filename>
    <size>
        <width>600</width>
        <height>600</height>
        <depth>3</depth>
    </size>
    <object>
        <name>lego</name>
        <difficult>0</difficult>
        <bndbox>
            <xmin>0</xmin>
            <ymin>197</ymin>
            <xmax>30</xmax>
            <ymax>224</ymax>
        </bndbox>
    </object>
    <object>
        <name>lego</name>
        <difficult>0</difficult>
        <bndbox>
            <xmin>323</xmin>
            <ymin>283</ymin>
            <xmax>600</xmax>
            <ymax>381</ymax>
        </bndbox>
    </object>
    <object>
        <name>lego</name>
        <difficult>0</difficult>
        <bndbox>
            <xmin>414</xmin>
            <ymin>239</ymin>
            <xmax>540</xmax>
            <ymax>336</ymax>
        </bndbox>
    </object>
    <object>
        <name>lego</name>
        <difficult>0</difficult>
        <bndbox>
            <xmin>52</xmin>
            <ymin>298</ymin>
            <xmax>148</xmax>
            <ymax>372</ymax>
        </bndbox>
    </object>
</annotation>