<?xml version='1.0' encoding='utf-8'?>
<annotation>
    <folder>BrickRay</folder>
    <filename>0a5b50ac-d9c9-11eb-b842-3497f683a169.jpg</filename>
    <size>
        <width>600</width>
        <height>600</height>
        <depth>3</depth>
    </size>
    <object>
        <name>lego</name>
        <difficult>0</difficult>
        <bndbox>
            <xmin>438</xmin>
            <ymin>283</ymin>
            <xmax>521</xmax>
            <ymax>363</ymax>
        </bndbox>
    </object>
    <object>
        <name>lego</name>
        <difficult>0</difficult>
        <bndbox>
            <xmin>350</xmin>
            <ymin>0</ymin>
            <xmax>424</xmax>
            <ymax>49</ymax>
        </bndbox>
    </object>
    <object>
        <name>lego</name>
        <difficult>0</difficult>
        <bndbox>
            <xmin>85</xmin>
            <ymin>479</ymin>
            <xmax>193</xmax>
            <ymax>600</ymax>
        </bndbox>
    </object>
    <object>
        <name>lego</name>
        <difficult>0</difficult>
        <bndbox>
            <xmin>117</xmin>
            <ymin>511</ymin>
            <xmax>155</xmax>
            <ymax>552</ymax>
        </bndbox>
    </object>
</annotation>