<?xml version='1.0' encoding='utf-8'?>
<annotation>
    <folder>BrickRay</folder>
    <filename>0a5cd8a4-e3d5-11eb-82ed-b0c090bd3910.jpg</filename>
    <size>
        <width>600</width>
        <height>600</height>
        <depth>3</depth>
    </size>
    <object>
        <name>lego</name>
        <difficult>0</difficult>
        <bndbox>
            <xmin>293</xmin>
            <ymin>328</ymin>
            <xmax>385</xmax>
            <ymax>423</ymax>
        </bndbox>
    </object>
    <object>
        <name>lego</name>
        <difficult>0</difficult>
        <bndbox>
            <xmin>432</xmin>
            <ymin>267</ymin>
            <xmax>599</xmax>
            <ymax>430</ymax>
        </bndbox>
    </object>
    <object>
        <name>lego</name>
        <difficult>0</difficult>
        <bndbox>
            <xmin>345</xmin>
            <ymin>140</ymin>
            <xmax>452</xmax>
            <ymax>252</ymax>
        </bndbox>
    </object>
    <object>
        <name>lego</name>
        <difficult>0</difficult>
        <bndbox>
            <xmin>0</xmin>
            <ymin>197</ymin>
            <xmax>85</xmax>
            <ymax>272</ymax>
        </bndbox>
    </object>
</annotation>