<?xml version='1.0' encoding='utf-8'?>
<annotation>
    <folder>BrickRay</folder>
    <filename>0a5de622-e7a1-11eb-860d-b0c090bd3910.jpg</filename>
    <size>
        <width>300</width>
        <height>300</height>
        <depth>3</depth>
    </size>
    <object>
        <name>lego</name>
        <difficult>0</difficult>
        <bndbox>
            <xmin>192</xmin>
            <ymin>46</ymin>
            <xmax>299</xmax>
            <ymax>185</ymax>
        </bndbox>
    </object>
    <object>
        <name>lego</name>
        <difficult>0</difficult>
        <bndbox>
            <xmin>0</xmin>
            <ymin>96</ymin>
            <xmax>109</xmax>
            <ymax>236</ymax>
        </bndbox>
    </object>
</annotation>