<?xml version='1.0' encoding='utf-8'?>
<annotation>
    <folder>BrickRay</folder>
    <filename>0a5d9be6-e7ad-11eb-a24c-b0c090bd3910.jpg</filename>
    <size>
        <width>300</width>
        <height>300</height>
        <depth>3</depth>
    </size>
    <object>
        <name>lego</name>
        <difficult>0</difficult>
        <bndbox>
            <xmin>0</xmin>
            <ymin>106</ymin>
            <xmax>95</xmax>
            <ymax>204</ymax>
        </bndbox>
    </object>
    <object>
        <name>lego</name>
        <difficult>0</difficult>
        <bndbox>
            <xmin>244</xmin>
            <ymin>128</ymin>
            <xmax>300</xmax>
            <ymax>187</ymax>
        </bndbox>
    </object>
</annotation>