<?xml version='1.0' encoding='utf-8'?>
<annotation>
    <folder>BrickRay</folder>
    <filename>0a5ded6e-e2d9-11eb-99ce-b0c090bd3910.jpg</filename>
    <size>
        <width>600</width>
        <height>600</height>
        <depth>3</depth>
    </size>
    <object>
        <name>lego</name>
        <difficult>0</difficult>
        <bndbox>
            <xmin>0</xmin>
            <ymin>345</ymin>
            <xmax>141</xmax>
            <ymax>478</ymax>
        </bndbox>
    </object>
    <object>
        <name>lego</name>
        <difficult>0</difficult>
        <bndbox>
            <xmin>497</xmin>
            <ymin>99</ymin>
            <xmax>600</xmax>
            <ymax>178</ymax>
        </bndbox>
    </object>
    <object>
        <name>lego</name>
        <difficult>0</difficult>
        <bndbox>
            <xmin>322</xmin>
            <ymin>278</ymin>
            <xmax>375</xmax>
            <ymax>371</ymax>
        </bndbox>
    </object>
    <object>
        <name>lego</name>
        <difficult>0</difficult>
        <bndbox>
            <xmin>181</xmin>
            <ymin>114</ymin>
            <xmax>229</xmax>
            <ymax>313</ymax>
        </bndbox>
    </object>
</annotation>