<?xml version='1.0' encoding='utf-8'?>
<annotation>
    <folder>BrickRay</folder>
    <filename>0a5f771c-da42-11eb-8171-3497f683a169.jpg</filename>
    <size>
        <width>600</width>
        <height>600</height>
        <depth>3</depth>
    </size>
    <object>
        <name>lego</name>
        <difficult>0</difficult>
        <bndbox>
            <xmin>314</xmin>
            <ymin>303</ymin>
            <xmax>488</xmax>
            <ymax>455</ymax>
        </bndbox>
    </object>
    <object>
        <name>lego</name>
        <difficult>0</difficult>
        <bndbox>
            <xmin>547</xmin>
            <ymin>179</ymin>
            <xmax>599</xmax>
            <ymax>228</ymax>
        </bndbox>
    </object>
    <object>
        <name>lego</name>
        <difficult>0</difficult>
        <bndbox>
            <xmin>10</xmin>
            <ymin>106</ymin>
            <xmax>156</xmax>
            <ymax>214</ymax>
        </bndbox>
    </object>
    <object>
        <name>lego</name>
        <difficult>0</difficult>
        <bndbox>
            <xmin>0</xmin>
            <ymin>339</ymin>
            <xmax>82</xmax>
            <ymax>461</ymax>
        </bndbox>
    </object>
</annotation>