<?xml version='1.0' encoding='utf-8'?>
<annotation>
    <folder>BrickRay</folder>
    <filename>0a5fe53e-d94c-11eb-82b7-b0c090bd3910.jpg</filename>
    <size>
        <width>600</width>
        <height>600</height>
        <depth>3</depth>
    </size>
    <object>
        <name>lego</name>
        <difficult>0</difficult>
        <bndbox>
            <xmin>222</xmin>
            <ymin>0</ymin>
            <xmax>338</xmax>
            <ymax>118</ymax>
        </bndbox>
    </object>
    <object>
        <name>lego</name>
        <difficult>0</difficult>
        <bndbox>
            <xmin>197</xmin>
            <ymin>204</ymin>
            <xmax>357</xmax>
            <ymax>447</ymax>
        </bndbox>
    </object>
    <object>
        <name>lego</name>
        <difficult>0</difficult>
        <bndbox>
            <xmin>380</xmin>
            <ymin>432</ymin>
            <xmax>543</xmax>
            <ymax>597</ymax>
        </bndbox>
    </object>
    <object>
        <name>lego</name>
        <difficult>0</difficult>
        <bndbox>
            <xmin>54</xmin>
            <ymin>296</ymin>
            <xmax>383</xmax>
            <ymax>599</ymax>
        </bndbox>
    </object>
</annotation>