<?xml version='1.0' encoding='utf-8'?>
<annotation>
    <folder>BrickRay</folder>
    <filename>0a5f65c6-e4a0-11eb-9fa7-b0c090bd3910.jpg</filename>
    <size>
        <width>600</width>
        <height>600</height>
        <depth>3</depth>
    </size>
    <object>
        <name>lego</name>
        <difficult>0</difficult>
        <bndbox>
            <xmin>99</xmin>
            <ymin>309</ymin>
            <xmax>357</xmax>
            <ymax>599</ymax>
        </bndbox>
    </object>
    <object>
        <name>lego</name>
        <difficult>0</difficult>
        <bndbox>
            <xmin>244</xmin>
            <ymin>145</ymin>
            <xmax>506</xmax>
            <ymax>280</ymax>
        </bndbox>
    </object>
    <object>
        <name>lego</name>
        <difficult>0</difficult>
        <bndbox>
            <xmin>445</xmin>
            <ymin>13</ymin>
            <xmax>487</xmax>
            <ymax>92</ymax>
        </bndbox>
    </object>
    <object>
        <name>lego</name>
        <difficult>0</difficult>
        <bndbox>
            <xmin>393</xmin>
            <ymin>0</ymin>
            <xmax>421</xmax>
            <ymax>99</ymax>
        </bndbox>
    </object>
</annotation>