<?xml version='1.0' encoding='utf-8'?>
<annotation>
    <folder>BrickRay</folder>
    <filename>0a601af4-e4e6-11eb-a3b7-b0c090bd3910.jpg</filename>
    <size>
        <width>600</width>
        <height>600</height>
        <depth>3</depth>
    </size>
    <object>
        <name>lego</name>
        <difficult>0</difficult>
        <bndbox>
            <xmin>319</xmin>
            <ymin>82</ymin>
            <xmax>388</xmax>
            <ymax>190</ymax>
        </bndbox>
    </object>
    <object>
        <name>lego</name>
        <difficult>0</difficult>
        <bndbox>
            <xmin>9</xmin>
            <ymin>308</ymin>
            <xmax>154</xmax>
            <ymax>493</ymax>
        </bndbox>
    </object>
    <object>
        <name>lego</name>
        <difficult>0</difficult>
        <bndbox>
            <xmin>0</xmin>
            <ymin>294</ymin>
            <xmax>135</xmax>
            <ymax>426</ymax>
        </bndbox>
    </object>
    <object>
        <name>lego</name>
        <difficult>0</difficult>
        <bndbox>
            <xmin>488</xmin>
            <ymin>403</ymin>
            <xmax>600</xmax>
            <ymax>501</ymax>
        </bndbox>
    </object>
</annotation>