<?xml version='1.0' encoding='utf-8'?>
<annotation>
    <folder>BrickRay</folder>
    <filename>0a605980-e68f-11eb-b120-b0c090bd3910.jpg</filename>
    <size>
        <width>300</width>
        <height>300</height>
        <depth>3</depth>
    </size>
    <object>
        <name>lego</name>
        <difficult>0</difficult>
        <bndbox>
            <xmin>29</xmin>
            <ymin>176</ymin>
            <xmax>137</xmax>
            <ymax>252</ymax>
        </bndbox>
    </object>
    <object>
        <name>lego</name>
        <difficult>0</difficult>
        <bndbox>
            <xmin>0</xmin>
            <ymin>31</ymin>
            <xmax>300</xmax>
            <ymax>196</ymax>
        </bndbox>
    </object>
</annotation>