<?xml version='1.0' encoding='utf-8'?>
<annotation>
    <folder>BrickRay</folder>
    <filename>0a61ca68-e5ed-11eb-b407-b0c090bd3910.jpg</filename>
    <size>
        <width>300</width>
        <height>300</height>
        <depth>3</depth>
    </size>
    <object>
        <name>lego</name>
        <difficult>0</difficult>
        <bndbox>
            <xmin>121</xmin>
            <ymin>0</ymin>
            <xmax>178</xmax>
            <ymax>299</ymax>
        </bndbox>
    </object>
    <object>
        <name>lego</name>
        <difficult>0</difficult>
        <bndbox>
            <xmin>183</xmin>
            <ymin>113</ymin>
            <xmax>223</xmax>
            <ymax>175</ymax>
        </bndbox>
    </object>
</annotation>