<?xml version='1.0' encoding='utf-8'?>
<annotation>
    <folder>BrickRay</folder>
    <filename>0a616b98-e668-11eb-a5d7-b0c090bd3910.jpg</filename>
    <size>
        <width>300</width>
        <height>300</height>
        <depth>3</depth>
    </size>
    <object>
        <name>lego</name>
        <difficult>0</difficult>
        <bndbox>
            <xmin>26</xmin>
            <ymin>80</ymin>
            <xmax>232</xmax>
            <ymax>299</ymax>
        </bndbox>
    </object>
    <object>
        <name>lego</name>
        <difficult>0</difficult>
        <bndbox>
            <xmin>28</xmin>
            <ymin>0</ymin>
            <xmax>271</xmax>
            <ymax>289</ymax>
        </bndbox>
    </object>
</annotation>