<?xml version='1.0' encoding='utf-8'?>
<annotation>
    <folder>BrickRay</folder>
    <filename>0a621ae6-e66b-11eb-aa24-b0c090bd3910.jpg</filename>
    <size>
        <width>300</width>
        <height>300</height>
        <depth>3</depth>
    </size>
    <object>
        <name>lego</name>
        <difficult>0</difficult>
        <bndbox>
            <xmin>190</xmin>
            <ymin>113</ymin>
            <xmax>300</xmax>
            <ymax>207</ymax>
        </bndbox>
    </object>
    <object>
        <name>lego</name>
        <difficult>0</difficult>
        <bndbox>
            <xmin>0</xmin>
            <ymin>85</ymin>
            <xmax>117</xmax>
            <ymax>133</ymax>
        </bndbox>
    </object>
</annotation>