<?xml version='1.0' encoding='utf-8'?>
<annotation>
    <folder>BrickRay</folder>
    <filename>0a6201e2-da38-11eb-923a-3497f683a169.jpg</filename>
    <size>
        <width>600</width>
        <height>600</height>
        <depth>3</depth>
    </size>
    <object>
        <name>lego</name>
        <difficult>0</difficult>
        <bndbox>
            <xmin>233</xmin>
            <ymin>21</ymin>
            <xmax>312</xmax>
            <ymax>109</ymax>
        </bndbox>
    </object>
    <object>
        <name>lego</name>
        <difficult>0</difficult>
        <bndbox>
            <xmin>90</xmin>
            <ymin>0</ymin>
            <xmax>123</xmax>
            <ymax>52</ymax>
        </bndbox>
    </object>
    <object>
        <name>lego</name>
        <difficult>0</difficult>
        <bndbox>
            <xmin>152</xmin>
            <ymin>161</ymin>
            <xmax>217</xmax>
            <ymax>210</ymax>
        </bndbox>
    </object>
    <object>
        <name>lego</name>
        <difficult>0</difficult>
        <bndbox>
            <xmin>393</xmin>
            <ymin>502</ymin>
            <xmax>481</xmax>
            <ymax>599</ymax>
        </bndbox>
    </object>
</annotation>