<?xml version='1.0' encoding='utf-8'?>
<annotation>
    <folder>BrickRay</folder>
    <filename>0a6310d4-e495-11eb-b47d-b0c090bd3910.jpg</filename>
    <size>
        <width>600</width>
        <height>600</height>
        <depth>3</depth>
    </size>
    <object>
        <name>lego</name>
        <difficult>0</difficult>
        <bndbox>
            <xmin>230</xmin>
            <ymin>417</ymin>
            <xmax>291</xmax>
            <ymax>600</ymax>
        </bndbox>
    </object>
    <object>
        <name>lego</name>
        <difficult>0</difficult>
        <bndbox>
            <xmin>430</xmin>
            <ymin>14</ymin>
            <xmax>489</xmax>
            <ymax>129</ymax>
        </bndbox>
    </object>
    <object>
        <name>lego</name>
        <difficult>0</difficult>
        <bndbox>
            <xmin>103</xmin>
            <ymin>73</ymin>
            <xmax>179</xmax>
            <ymax>118</ymax>
        </bndbox>
    </object>
    <object>
        <name>lego</name>
        <difficult>0</difficult>
        <bndbox>
            <xmin>306</xmin>
            <ymin>0</ymin>
            <xmax>368</xmax>
            <ymax>63</ymax>
        </bndbox>
    </object>
</annotation>