<?xml version='1.0' encoding='utf-8'?>
<annotation>
    <folder>BrickRay</folder>
    <filename>0a634cde-d945-11eb-a2b2-b0c090bd3910.jpg</filename>
    <size>
        <width>600</width>
        <height>600</height>
        <depth>3</depth>
    </size>
    <object>
        <name>lego</name>
        <difficult>0</difficult>
        <bndbox>
            <xmin>95</xmin>
            <ymin>168</ymin>
            <xmax>127</xmax>
            <ymax>198</ymax>
        </bndbox>
    </object>
    <object>
        <name>lego</name>
        <difficult>0</difficult>
        <bndbox>
            <xmin>249</xmin>
            <ymin>233</ymin>
            <xmax>281</xmax>
            <ymax>378</ymax>
        </bndbox>
    </object>
    <object>
        <name>lego</name>
        <difficult>0</difficult>
        <bndbox>
            <xmin>382</xmin>
            <ymin>479</ymin>
            <xmax>466</xmax>
            <ymax>599</ymax>
        </bndbox>
    </object>
    <object>
        <name>lego</name>
        <difficult>0</difficult>
        <bndbox>
            <xmin>411</xmin>
            <ymin>0</ymin>
            <xmax>474</xmax>
            <ymax>44</ymax>
        </bndbox>
    </object>
</annotation>