<?xml version='1.0' encoding='utf-8'?>
<annotation>
    <folder>BrickRay</folder>
    <filename>0a64ba4c-db68-11eb-b53c-3497f683a169.jpg</filename>
    <size>
        <width>600</width>
        <height>600</height>
        <depth>3</depth>
    </size>
    <object>
        <name>lego</name>
        <difficult>0</difficult>
        <bndbox>
            <xmin>61</xmin>
            <ymin>320</ymin>
            <xmax>255</xmax>
            <ymax>428</ymax>
        </bndbox>
    </object>
    <object>
        <name>lego</name>
        <difficult>0</difficult>
        <bndbox>
            <xmin>483</xmin>
            <ymin>150</ymin>
            <xmax>599</xmax>
            <ymax>328</ymax>
        </bndbox>
    </object>
    <object>
        <name>lego</name>
        <difficult>0</difficult>
        <bndbox>
            <xmin>247</xmin>
            <ymin>310</ymin>
            <xmax>296</xmax>
            <ymax>371</ymax>
        </bndbox>
    </object>
    <object>
        <name>lego</name>
        <difficult>0</difficult>
        <bndbox>
            <xmin>0</xmin>
            <ymin>336</ymin>
            <xmax>162</xmax>
            <ymax>432</ymax>
        </bndbox>
    </object>
</annotation>