<?xml version='1.0' encoding='utf-8'?>
<annotation>
    <folder>BrickRay</folder>
    <filename>0a67dff4-da1a-11eb-9076-3497f683a169.jpg</filename>
    <size>
        <width>600</width>
        <height>600</height>
        <depth>3</depth>
    </size>
    <object>
        <name>lego</name>
        <difficult>0</difficult>
        <bndbox>
            <xmin>162</xmin>
            <ymin>499</ymin>
            <xmax>249</xmax>
            <ymax>588</ymax>
        </bndbox>
    </object>
    <object>
        <name>lego</name>
        <difficult>0</difficult>
        <bndbox>
            <xmin>343</xmin>
            <ymin>8</ymin>
            <xmax>538</xmax>
            <ymax>158</ymax>
        </bndbox>
    </object>
    <object>
        <name>lego</name>
        <difficult>0</difficult>
        <bndbox>
            <xmin>401</xmin>
            <ymin>26</ymin>
            <xmax>600</xmax>
            <ymax>135</ymax>
        </bndbox>
    </object>
    <object>
        <name>lego</name>
        <difficult>0</difficult>
        <bndbox>
            <xmin>0</xmin>
            <ymin>71</ymin>
            <xmax>82</xmax>
            <ymax>136</ymax>
        </bndbox>
    </object>
</annotation>