<?xml version='1.0' encoding='utf-8'?>
<annotation>
    <folder>BrickRay</folder>
    <filename>0a6728d0-e463-11eb-aa6f-b0c090bd3910.jpg</filename>
    <size>
        <width>600</width>
        <height>600</height>
        <depth>3</depth>
    </size>
    <object>
        <name>lego</name>
        <difficult>0</difficult>
        <bndbox>
            <xmin>0</xmin>
            <ymin>322</ymin>
            <xmax>128</xmax>
            <ymax>442</ymax>
        </bndbox>
    </object>
    <object>
        <name>lego</name>
        <difficult>0</difficult>
        <bndbox>
            <xmin>396</xmin>
            <ymin>388</ymin>
            <xmax>554</xmax>
            <ymax>566</ymax>
        </bndbox>
    </object>
    <object>
        <name>lego</name>
        <difficult>0</difficult>
        <bndbox>
            <xmin>280</xmin>
            <ymin>18</ymin>
            <xmax>426</xmax>
            <ymax>136</ymax>
        </bndbox>
    </object>
    <object>
        <name>lego</name>
        <difficult>0</difficult>
        <bndbox>
            <xmin>431</xmin>
            <ymin>296</ymin>
            <xmax>600</xmax>
            <ymax>456</ymax>
        </bndbox>
    </object>
</annotation>