<?xml version='1.0' encoding='utf-8'?>
<annotation>
    <folder>BrickRay</folder>
    <filename>0a67cfc2-d95b-11eb-add9-b0c090bd3910.jpg</filename>
    <size>
        <width>600</width>
        <height>600</height>
        <depth>3</depth>
    </size>
    <object>
        <name>lego</name>
        <difficult>0</difficult>
        <bndbox>
            <xmin>171</xmin>
            <ymin>459</ymin>
            <xmax>279</xmax>
            <ymax>600</ymax>
        </bndbox>
    </object>
    <object>
        <name>lego</name>
        <difficult>0</difficult>
        <bndbox>
            <xmin>221</xmin>
            <ymin>0</ymin>
            <xmax>364</xmax>
            <ymax>146</ymax>
        </bndbox>
    </object>
    <object>
        <name>lego</name>
        <difficult>0</difficult>
        <bndbox>
            <xmin>417</xmin>
            <ymin>92</ymin>
            <xmax>470</xmax>
            <ymax>137</ymax>
        </bndbox>
    </object>
    <object>
        <name>lego</name>
        <difficult>0</difficult>
        <bndbox>
            <xmin>184</xmin>
            <ymin>257</ymin>
            <xmax>261</xmax>
            <ymax>405</ymax>
        </bndbox>
    </object>
</annotation>