<?xml version='1.0' encoding='utf-8'?>
<annotation>
    <folder>BrickRay</folder>
    <filename>0a67d3c8-e5f2-11eb-b0b5-b0c090bd3910.jpg</filename>
    <size>
        <width>300</width>
        <height>300</height>
        <depth>3</depth>
    </size>
    <object>
        <name>lego</name>
        <difficult>0</difficult>
        <bndbox>
            <xmin>7</xmin>
            <ymin>0</ymin>
            <xmax>292</xmax>
            <ymax>150</ymax>
        </bndbox>
    </object>
    <object>
        <name>lego</name>
        <difficult>0</difficult>
        <bndbox>
            <xmin>161</xmin>
            <ymin>191</ymin>
            <xmax>242</xmax>
            <ymax>300</ymax>
        </bndbox>
    </object>
</annotation>