<?xml version='1.0' encoding='utf-8'?>
<annotation>
    <folder>BrickRay</folder>
    <filename>0a680b50-e458-11eb-847e-b0c090bd3910.jpg</filename>
    <size>
        <width>600</width>
        <height>600</height>
        <depth>3</depth>
    </size>
    <object>
        <name>lego</name>
        <difficult>0</difficult>
        <bndbox>
            <xmin>316</xmin>
            <ymin>409</ymin>
            <xmax>403</xmax>
            <ymax>497</ymax>
        </bndbox>
    </object>
    <object>
        <name>lego</name>
        <difficult>0</difficult>
        <bndbox>
            <xmin>396</xmin>
            <ymin>303</ymin>
            <xmax>483</xmax>
            <ymax>406</ymax>
        </bndbox>
    </object>
    <object>
        <name>lego</name>
        <difficult>0</difficult>
        <bndbox>
            <xmin>174</xmin>
            <ymin>71</ymin>
            <xmax>599</xmax>
            <ymax>332</ymax>
        </bndbox>
    </object>
    <object>
        <name>lego</name>
        <difficult>0</difficult>
        <bndbox>
            <xmin>0</xmin>
            <ymin>105</ymin>
            <xmax>58</xmax>
            <ymax>231</ymax>
        </bndbox>
    </object>
</annotation>