<?xml version='1.0' encoding='utf-8'?>
<annotation>
    <folder>BrickRay</folder>
    <filename>0a68e6ae-d959-11eb-a3cd-b0c090bd3910.jpg</filename>
    <size>
        <width>600</width>
        <height>600</height>
        <depth>3</depth>
    </size>
    <object>
        <name>lego</name>
        <difficult>0</difficult>
        <bndbox>
            <xmin>0</xmin>
            <ymin>498</ymin>
            <xmax>31</xmax>
            <ymax>530</ymax>
        </bndbox>
    </object>
    <object>
        <name>lego</name>
        <difficult>0</difficult>
        <bndbox>
            <xmin>276</xmin>
            <ymin>54</ymin>
            <xmax>481</xmax>
            <ymax>194</ymax>
        </bndbox>
    </object>
    <object>
        <name>lego</name>
        <difficult>0</difficult>
        <bndbox>
            <xmin>520</xmin>
            <ymin>412</ymin>
            <xmax>600</xmax>
            <ymax>512</ymax>
        </bndbox>
    </object>
    <object>
        <name>lego</name>
        <difficult>0</difficult>
        <bndbox>
            <xmin>307</xmin>
            <ymin>236</ymin>
            <xmax>344</xmax>
            <ymax>313</ymax>
        </bndbox>
    </object>
</annotation>