<?xml version='1.0' encoding='utf-8'?>
<annotation>
    <folder>BrickRay</folder>
    <filename>0a684682-e46e-11eb-abd2-b0c090bd3910.jpg</filename>
    <size>
        <width>600</width>
        <height>600</height>
        <depth>3</depth>
    </size>
    <object>
        <name>lego</name>
        <difficult>0</difficult>
        <bndbox>
            <xmin>0</xmin>
            <ymin>46</ymin>
            <xmax>165</xmax>
            <ymax>163</ymax>
        </bndbox>
    </object>
    <object>
        <name>lego</name>
        <difficult>0</difficult>
        <bndbox>
            <xmin>159</xmin>
            <ymin>184</ymin>
            <xmax>599</xmax>
            <ymax>527</ymax>
        </bndbox>
    </object>
    <object>
        <name>lego</name>
        <difficult>0</difficult>
        <bndbox>
            <xmin>55</xmin>
            <ymin>120</ymin>
            <xmax>97</xmax>
            <ymax>178</ymax>
        </bndbox>
    </object>
    <object>
        <name>lego</name>
        <difficult>0</difficult>
        <bndbox>
            <xmin>425</xmin>
            <ymin>207</ymin>
            <xmax>521</xmax>
            <ymax>283</ymax>
        </bndbox>
    </object>
</annotation>