<?xml version='1.0' encoding='utf-8'?>
<annotation>
    <folder>BrickRay</folder>
    <filename>0a69a382-e45f-11eb-9ef2-b0c090bd3910.jpg</filename>
    <size>
        <width>600</width>
        <height>600</height>
        <depth>3</depth>
    </size>
    <object>
        <name>lego</name>
        <difficult>0</difficult>
        <bndbox>
            <xmin>141</xmin>
            <ymin>93</ymin>
            <xmax>189</xmax>
            <ymax>179</ymax>
        </bndbox>
    </object>
    <object>
        <name>lego</name>
        <difficult>0</difficult>
        <bndbox>
            <xmin>324</xmin>
            <ymin>0</ymin>
            <xmax>533</xmax>
            <ymax>182</ymax>
        </bndbox>
    </object>
    <object>
        <name>lego</name>
        <difficult>0</difficult>
        <bndbox>
            <xmin>21</xmin>
            <ymin>367</ymin>
            <xmax>189</xmax>
            <ymax>437</ymax>
        </bndbox>
    </object>
    <object>
        <name>lego</name>
        <difficult>0</difficult>
        <bndbox>
            <xmin>451</xmin>
            <ymin>470</ymin>
            <xmax>569</xmax>
            <ymax>600</ymax>
        </bndbox>
    </object>
</annotation>