<?xml version='1.0' encoding='utf-8'?>
<annotation>
    <folder>BrickRay</folder>
    <filename>0a69bcdc-db74-11eb-909e-3497f683a169.jpg</filename>
    <size>
        <width>600</width>
        <height>600</height>
        <depth>3</depth>
    </size>
    <object>
        <name>lego</name>
        <difficult>0</difficult>
        <bndbox>
            <xmin>0</xmin>
            <ymin>153</ymin>
            <xmax>43</xmax>
            <ymax>214</ymax>
        </bndbox>
    </object>
    <object>
        <name>lego</name>
        <difficult>0</difficult>
        <bndbox>
            <xmin>452</xmin>
            <ymin>139</ymin>
            <xmax>550</xmax>
            <ymax>340</ymax>
        </bndbox>
    </object>
    <object>
        <name>lego</name>
        <difficult>0</difficult>
        <bndbox>
            <xmin>182</xmin>
            <ymin>371</ymin>
            <xmax>244</xmax>
            <ymax>465</ymax>
        </bndbox>
    </object>
    <object>
        <name>lego</name>
        <difficult>0</difficult>
        <bndbox>
            <xmin>529</xmin>
            <ymin>95</ymin>
            <xmax>600</xmax>
            <ymax>168</ymax>
        </bndbox>
    </object>
</annotation>