<?xml version='1.0' encoding='utf-8'?>
<annotation>
    <folder>BrickRay</folder>
    <filename>0a698c58-e4cb-11eb-b06e-b0c090bd3910.jpg</filename>
    <size>
        <width>600</width>
        <height>600</height>
        <depth>3</depth>
    </size>
    <object>
        <name>lego</name>
        <difficult>0</difficult>
        <bndbox>
            <xmin>475</xmin>
            <ymin>188</ymin>
            <xmax>573</xmax>
            <ymax>259</ymax>
        </bndbox>
    </object>
    <object>
        <name>lego</name>
        <difficult>0</difficult>
        <bndbox>
            <xmin>491</xmin>
            <ymin>350</ymin>
            <xmax>599</xmax>
            <ymax>451</ymax>
        </bndbox>
    </object>
    <object>
        <name>lego</name>
        <difficult>0</difficult>
        <bndbox>
            <xmin>0</xmin>
            <ymin>141</ymin>
            <xmax>45</xmax>
            <ymax>223</ymax>
        </bndbox>
    </object>
    <object>
        <name>lego</name>
        <difficult>0</difficult>
        <bndbox>
            <xmin>10</xmin>
            <ymin>201</ymin>
            <xmax>139</xmax>
            <ymax>314</ymax>
        </bndbox>
    </object>
</annotation>