<?xml version='1.0' encoding='utf-8'?>
<annotation>
    <folder>BrickRay</folder>
    <filename>0a6ad07a-db29-11eb-87c9-3497f683a169.jpg</filename>
    <size>
        <width>600</width>
        <height>600</height>
        <depth>3</depth>
    </size>
    <object>
        <name>lego</name>
        <difficult>0</difficult>
        <bndbox>
            <xmin>405</xmin>
            <ymin>423</ymin>
            <xmax>485</xmax>
            <ymax>490</ymax>
        </bndbox>
    </object>
    <object>
        <name>lego</name>
        <difficult>0</difficult>
        <bndbox>
            <xmin>0</xmin>
            <ymin>382</ymin>
            <xmax>102</xmax>
            <ymax>443</ymax>
        </bndbox>
    </object>
    <object>
        <name>lego</name>
        <difficult>0</difficult>
        <bndbox>
            <xmin>512</xmin>
            <ymin>212</ymin>
            <xmax>600</xmax>
            <ymax>313</ymax>
        </bndbox>
    </object>
    <object>
        <name>lego</name>
        <difficult>0</difficult>
        <bndbox>
            <xmin>0</xmin>
            <ymin>95</ymin>
            <xmax>426</xmax>
            <ymax>360</ymax>
        </bndbox>
    </object>
</annotation>