<?xml version='1.0' encoding='utf-8'?>
<annotation>
    <folder>BrickRay</folder>
    <filename>0a6a999e-e479-11eb-95a5-b0c090bd3910.jpg</filename>
    <size>
        <width>600</width>
        <height>600</height>
        <depth>3</depth>
    </size>
    <object>
        <name>lego</name>
        <difficult>0</difficult>
        <bndbox>
            <xmin>36</xmin>
            <ymin>350</ymin>
            <xmax>181</xmax>
            <ymax>526</ymax>
        </bndbox>
    </object>
    <object>
        <name>lego</name>
        <difficult>0</difficult>
        <bndbox>
            <xmin>0</xmin>
            <ymin>260</ymin>
            <xmax>226</xmax>
            <ymax>558</ymax>
        </bndbox>
    </object>
    <object>
        <name>lego</name>
        <difficult>0</difficult>
        <bndbox>
            <xmin>500</xmin>
            <ymin>119</ymin>
            <xmax>600</xmax>
            <ymax>293</ymax>
        </bndbox>
    </object>
    <object>
        <name>lego</name>
        <difficult>0</difficult>
        <bndbox>
            <xmin>133</xmin>
            <ymin>26</ymin>
            <xmax>305</xmax>
            <ymax>278</ymax>
        </bndbox>
    </object>
</annotation>