<?xml version='1.0' encoding='utf-8'?>
<annotation>
    <folder>BrickRay</folder>
    <filename>0a6be352-da24-11eb-84b4-3497f683a169.jpg</filename>
    <size>
        <width>600</width>
        <height>600</height>
        <depth>3</depth>
    </size>
    <object>
        <name>lego</name>
        <difficult>0</difficult>
        <bndbox>
            <xmin>52</xmin>
            <ymin>395</ymin>
            <xmax>118</xmax>
            <ymax>517</ymax>
        </bndbox>
    </object>
    <object>
        <name>lego</name>
        <difficult>0</difficult>
        <bndbox>
            <xmin>183</xmin>
            <ymin>34</ymin>
            <xmax>238</xmax>
            <ymax>74</ymax>
        </bndbox>
    </object>
    <object>
        <name>lego</name>
        <difficult>0</difficult>
        <bndbox>
            <xmin>288</xmin>
            <ymin>360</ymin>
            <xmax>548</xmax>
            <ymax>600</ymax>
        </bndbox>
    </object>
    <object>
        <name>lego</name>
        <difficult>0</difficult>
        <bndbox>
            <xmin>293</xmin>
            <ymin>0</ymin>
            <xmax>304</xmax>
            <ymax>62</ymax>
        </bndbox>
    </object>
</annotation>