<?xml version='1.0' encoding='utf-8'?>
<annotation>
    <folder>BrickRay</folder>
    <filename>0a6c3e52-e7a3-11eb-8e83-b0c090bd3910.jpg</filename>
    <size>
        <width>300</width>
        <height>300</height>
        <depth>3</depth>
    </size>
    <object>
        <name>lego</name>
        <difficult>0</difficult>
        <bndbox>
            <xmin>233</xmin>
            <ymin>123</ymin>
            <xmax>300</xmax>
            <ymax>190</ymax>
        </bndbox>
    </object>
    <object>
        <name>lego</name>
        <difficult>0</difficult>
        <bndbox>
            <xmin>0</xmin>
            <ymin>102</ymin>
            <xmax>93</xmax>
            <ymax>169</ymax>
        </bndbox>
    </object>
</annotation>