<?xml version='1.0' encoding='utf-8'?>
<annotation>
    <folder>BrickRay</folder>
    <filename>0a6c59d2-e3ac-11eb-9266-b0c090bd3910.jpg</filename>
    <size>
        <width>600</width>
        <height>600</height>
        <depth>3</depth>
    </size>
    <object>
        <name>lego</name>
        <difficult>0</difficult>
        <bndbox>
            <xmin>369</xmin>
            <ymin>229</ymin>
            <xmax>518</xmax>
            <ymax>405</ymax>
        </bndbox>
    </object>
    <object>
        <name>lego</name>
        <difficult>0</difficult>
        <bndbox>
            <xmin>36</xmin>
            <ymin>472</ymin>
            <xmax>98</xmax>
            <ymax>519</ymax>
        </bndbox>
    </object>
    <object>
        <name>lego</name>
        <difficult>0</difficult>
        <bndbox>
            <xmin>453</xmin>
            <ymin>459</ymin>
            <xmax>567</xmax>
            <ymax>600</ymax>
        </bndbox>
    </object>
    <object>
        <name>lego</name>
        <difficult>0</difficult>
        <bndbox>
            <xmin>362</xmin>
            <ymin>0</ymin>
            <xmax>413</xmax>
            <ymax>48</ymax>
        </bndbox>
    </object>
</annotation>