<?xml version='1.0' encoding='utf-8'?>
<annotation>
    <folder>BrickRay</folder>
    <filename>0a6d4e22-e3bd-11eb-8541-b0c090bd3910.jpg</filename>
    <size>
        <width>600</width>
        <height>600</height>
        <depth>3</depth>
    </size>
    <object>
        <name>lego</name>
        <difficult>0</difficult>
        <bndbox>
            <xmin>403</xmin>
            <ymin>77</ymin>
            <xmax>475</xmax>
            <ymax>152</ymax>
        </bndbox>
    </object>
    <object>
        <name>lego</name>
        <difficult>0</difficult>
        <bndbox>
            <xmin>265</xmin>
            <ymin>182</ymin>
            <xmax>401</xmax>
            <ymax>248</ymax>
        </bndbox>
    </object>
    <object>
        <name>lego</name>
        <difficult>0</difficult>
        <bndbox>
            <xmin>387</xmin>
            <ymin>0</ymin>
            <xmax>433</xmax>
            <ymax>48</ymax>
        </bndbox>
    </object>
    <object>
        <name>lego</name>
        <difficult>0</difficult>
        <bndbox>
            <xmin>216</xmin>
            <ymin>410</ymin>
            <xmax>374</xmax>
            <ymax>600</ymax>
        </bndbox>
    </object>
</annotation>