<?xml version='1.0' encoding='utf-8'?>
<annotation>
    <folder>BrickRay</folder>
    <filename>0a6d314a-e2d0-11eb-843c-b0c090bd3910.jpg</filename>
    <size>
        <width>600</width>
        <height>600</height>
        <depth>3</depth>
    </size>
    <object>
        <name>lego</name>
        <difficult>0</difficult>
        <bndbox>
            <xmin>323</xmin>
            <ymin>77</ymin>
            <xmax>382</xmax>
            <ymax>125</ymax>
        </bndbox>
    </object>
    <object>
        <name>lego</name>
        <difficult>0</difficult>
        <bndbox>
            <xmin>62</xmin>
            <ymin>132</ymin>
            <xmax>215</xmax>
            <ymax>246</ymax>
        </bndbox>
    </object>
    <object>
        <name>lego</name>
        <difficult>0</difficult>
        <bndbox>
            <xmin>0</xmin>
            <ymin>385</ymin>
            <xmax>92</xmax>
            <ymax>490</ymax>
        </bndbox>
    </object>
    <object>
        <name>lego</name>
        <difficult>0</difficult>
        <bndbox>
            <xmin>499</xmin>
            <ymin>360</ymin>
            <xmax>600</xmax>
            <ymax>450</ymax>
        </bndbox>
    </object>
</annotation>