<?xml version='1.0' encoding='utf-8'?>
<annotation>
    <folder>BrickRay</folder>
    <filename>0a6dc500-e3bb-11eb-940d-b0c090bd3910.jpg</filename>
    <size>
        <width>600</width>
        <height>600</height>
        <depth>3</depth>
    </size>
    <object>
        <name>lego</name>
        <difficult>0</difficult>
        <bndbox>
            <xmin>134</xmin>
            <ymin>0</ymin>
            <xmax>241</xmax>
            <ymax>89</ymax>
        </bndbox>
    </object>
    <object>
        <name>lego</name>
        <difficult>0</difficult>
        <bndbox>
            <xmin>463</xmin>
            <ymin>323</ymin>
            <xmax>519</xmax>
            <ymax>385</ymax>
        </bndbox>
    </object>
    <object>
        <name>lego</name>
        <difficult>0</difficult>
        <bndbox>
            <xmin>234</xmin>
            <ymin>156</ymin>
            <xmax>311</xmax>
            <ymax>259</ymax>
        </bndbox>
    </object>
    <object>
        <name>lego</name>
        <difficult>0</difficult>
        <bndbox>
            <xmin>82</xmin>
            <ymin>335</ymin>
            <xmax>361</xmax>
            <ymax>599</ymax>
        </bndbox>
    </object>
</annotation>