<?xml version='1.0' encoding='utf-8'?>
<annotation>
    <folder>BrickRay</folder>
    <filename>0a6e8c5a-e792-11eb-8e8d-b0c090bd3910.jpg</filename>
    <size>
        <width>300</width>
        <height>300</height>
        <depth>3</depth>
    </size>
    <object>
        <name>lego</name>
        <difficult>0</difficult>
        <bndbox>
            <xmin>71</xmin>
            <ymin>86</ymin>
            <xmax>226</xmax>
            <ymax>300</ymax>
        </bndbox>
    </object>
    <object>
        <name>lego</name>
        <difficult>0</difficult>
        <bndbox>
            <xmin>46</xmin>
            <ymin>0</ymin>
            <xmax>184</xmax>
            <ymax>152</ymax>
        </bndbox>
    </object>
</annotation>