<?xml version='1.0' encoding='utf-8'?>
<annotation>
    <folder>BrickRay</folder>
    <filename>0a6e9e00-e4e0-11eb-80cf-b0c090bd3910.jpg</filename>
    <size>
        <width>600</width>
        <height>600</height>
        <depth>3</depth>
    </size>
    <object>
        <name>lego</name>
        <difficult>0</difficult>
        <bndbox>
            <xmin>92</xmin>
            <ymin>212</ymin>
            <xmax>146</xmax>
            <ymax>273</ymax>
        </bndbox>
    </object>
    <object>
        <name>lego</name>
        <difficult>0</difficult>
        <bndbox>
            <xmin>180</xmin>
            <ymin>187</ymin>
            <xmax>599</xmax>
            <ymax>397</ymax>
        </bndbox>
    </object>
    <object>
        <name>lego</name>
        <difficult>0</difficult>
        <bndbox>
            <xmin>0</xmin>
            <ymin>171</ymin>
            <xmax>44</xmax>
            <ymax>209</ymax>
        </bndbox>
    </object>
    <object>
        <name>lego</name>
        <difficult>0</difficult>
        <bndbox>
            <xmin>287</xmin>
            <ymin>226</ymin>
            <xmax>348</xmax>
            <ymax>284</ymax>
        </bndbox>
    </object>
</annotation>