<?xml version='1.0' encoding='utf-8'?>
<annotation>
    <folder>BrickRay</folder>
    <filename>0a6f1464-e3a7-11eb-8a37-b0c090bd3910.jpg</filename>
    <size>
        <width>600</width>
        <height>600</height>
        <depth>3</depth>
    </size>
    <object>
        <name>lego</name>
        <difficult>0</difficult>
        <bndbox>
            <xmin>355</xmin>
            <ymin>133</ymin>
            <xmax>452</xmax>
            <ymax>213</ymax>
        </bndbox>
    </object>
    <object>
        <name>lego</name>
        <difficult>0</difficult>
        <bndbox>
            <xmin>55</xmin>
            <ymin>494</ymin>
            <xmax>447</xmax>
            <ymax>600</ymax>
        </bndbox>
    </object>
    <object>
        <name>lego</name>
        <difficult>0</difficult>
        <bndbox>
            <xmin>23</xmin>
            <ymin>70</ymin>
            <xmax>112</xmax>
            <ymax>148</ymax>
        </bndbox>
    </object>
    <object>
        <name>lego</name>
        <difficult>0</difficult>
        <bndbox>
            <xmin>502</xmin>
            <ymin>0</ymin>
            <xmax>576</xmax>
            <ymax>108</ymax>
        </bndbox>
    </object>
</annotation>