<?xml version='1.0' encoding='utf-8'?>
<annotation>
    <folder>BrickRay</folder>
    <filename>0a6fa38c-dafa-11eb-9d75-3497f683a169.jpg</filename>
    <size>
        <width>600</width>
        <height>600</height>
        <depth>3</depth>
    </size>
    <object>
        <name>lego</name>
        <difficult>0</difficult>
        <bndbox>
            <xmin>385</xmin>
            <ymin>123</ymin>
            <xmax>471</xmax>
            <ymax>301</ymax>
        </bndbox>
    </object>
    <object>
        <name>lego</name>
        <difficult>0</difficult>
        <bndbox>
            <xmin>0</xmin>
            <ymin>182</ymin>
            <xmax>194</xmax>
            <ymax>276</ymax>
        </bndbox>
    </object>
    <object>
        <name>lego</name>
        <difficult>0</difficult>
        <bndbox>
            <xmin>184</xmin>
            <ymin>322</ymin>
            <xmax>228</xmax>
            <ymax>455</ymax>
        </bndbox>
    </object>
    <object>
        <name>lego</name>
        <difficult>0</difficult>
        <bndbox>
            <xmin>422</xmin>
            <ymin>126</ymin>
            <xmax>600</xmax>
            <ymax>247</ymax>
        </bndbox>
    </object>
</annotation>