<?xml version='1.0' encoding='utf-8'?>
<annotation>
    <folder>BrickRay</folder>
    <filename>0a708e12-db14-11eb-8185-3497f683a169.jpg</filename>
    <size>
        <width>600</width>
        <height>600</height>
        <depth>3</depth>
    </size>
    <object>
        <name>lego</name>
        <difficult>0</difficult>
        <bndbox>
            <xmin>133</xmin>
            <ymin>239</ymin>
            <xmax>321</xmax>
            <ymax>324</ymax>
        </bndbox>
    </object>
    <object>
        <name>lego</name>
        <difficult>0</difficult>
        <bndbox>
            <xmin>550</xmin>
            <ymin>156</ymin>
            <xmax>600</xmax>
            <ymax>263</ymax>
        </bndbox>
    </object>
    <object>
        <name>lego</name>
        <difficult>0</difficult>
        <bndbox>
            <xmin>461</xmin>
            <ymin>262</ymin>
            <xmax>534</xmax>
            <ymax>398</ymax>
        </bndbox>
    </object>
    <object>
        <name>lego</name>
        <difficult>0</difficult>
        <bndbox>
            <xmin>0</xmin>
            <ymin>301</ymin>
            <xmax>35</xmax>
            <ymax>333</ymax>
        </bndbox>
    </object>
</annotation>