<?xml version='1.0' encoding='utf-8'?>
<annotation>
    <folder>BrickRay</folder>
    <filename>0a71e1f6-da6d-11eb-86e4-3497f683a169.jpg</filename>
    <size>
        <width>600</width>
        <height>600</height>
        <depth>3</depth>
    </size>
    <object>
        <name>lego</name>
        <difficult>0</difficult>
        <bndbox>
            <xmin>283</xmin>
            <ymin>361</ymin>
            <xmax>386</xmax>
            <ymax>475</ymax>
        </bndbox>
    </object>
    <object>
        <name>lego</name>
        <difficult>0</difficult>
        <bndbox>
            <xmin>0</xmin>
            <ymin>292</ymin>
            <xmax>51</xmax>
            <ymax>436</ymax>
        </bndbox>
    </object>
    <object>
        <name>lego</name>
        <difficult>0</difficult>
        <bndbox>
            <xmin>298</xmin>
            <ymin>98</ymin>
            <xmax>329</xmax>
            <ymax>132</ymax>
        </bndbox>
    </object>
    <object>
        <name>lego</name>
        <difficult>0</difficult>
        <bndbox>
            <xmin>520</xmin>
            <ymin>81</ymin>
            <xmax>600</xmax>
            <ymax>170</ymax>
        </bndbox>
    </object>
</annotation>