<?xml version='1.0' encoding='utf-8'?>
<annotation>
    <folder>BrickRay</folder>
    <filename>0a71fbc2-e67b-11eb-b40a-b0c090bd3910.jpg</filename>
    <size>
        <width>300</width>
        <height>300</height>
        <depth>3</depth>
    </size>
    <object>
        <name>lego</name>
        <difficult>0</difficult>
        <bndbox>
            <xmin>203</xmin>
            <ymin>61</ymin>
            <xmax>299</xmax>
            <ymax>180</ymax>
        </bndbox>
    </object>
    <object>
        <name>lego</name>
        <difficult>0</difficult>
        <bndbox>
            <xmin>0</xmin>
            <ymin>82</ymin>
            <xmax>182</xmax>
            <ymax>230</ymax>
        </bndbox>
    </object>
</annotation>