<?xml version='1.0' encoding='utf-8'?>
<annotation>
    <folder>BrickRay</folder>
    <filename>0a7274ee-d96d-11eb-adad-b0c090bd3910.jpg</filename>
    <size>
        <width>600</width>
        <height>600</height>
        <depth>3</depth>
    </size>
    <object>
        <name>lego</name>
        <difficult>0</difficult>
        <bndbox>
            <xmin>298</xmin>
            <ymin>168</ymin>
            <xmax>334</xmax>
            <ymax>190</ymax>
        </bndbox>
    </object>
    <object>
        <name>lego</name>
        <difficult>0</difficult>
        <bndbox>
            <xmin>163</xmin>
            <ymin>186</ymin>
            <xmax>185</xmax>
            <ymax>216</ymax>
        </bndbox>
    </object>
    <object>
        <name>lego</name>
        <difficult>0</difficult>
        <bndbox>
            <xmin>436</xmin>
            <ymin>270</ymin>
            <xmax>599</xmax>
            <ymax>372</ymax>
        </bndbox>
    </object>
    <object>
        <name>lego</name>
        <difficult>0</difficult>
        <bndbox>
            <xmin>0</xmin>
            <ymin>327</ymin>
            <xmax>114</xmax>
            <ymax>397</ymax>
        </bndbox>
    </object>
</annotation>