<?xml version='1.0' encoding='utf-8'?>
<annotation>
    <folder>BrickRay</folder>
    <filename>0a72208c-e795-11eb-bb08-b0c090bd3910.jpg</filename>
    <size>
        <width>300</width>
        <height>300</height>
        <depth>3</depth>
    </size>
    <object>
        <name>lego</name>
        <difficult>0</difficult>
        <bndbox>
            <xmin>204</xmin>
            <ymin>208</ymin>
            <xmax>300</xmax>
            <ymax>296</ymax>
        </bndbox>
    </object>
    <object>
        <name>lego</name>
        <difficult>0</difficult>
        <bndbox>
            <xmin>0</xmin>
            <ymin>1</ymin>
            <xmax>290</xmax>
            <ymax>197</ymax>
        </bndbox>
    </object>
</annotation>