<?xml version='1.0' encoding='utf-8'?>
<annotation>
    <folder>BrickRay</folder>
    <filename>0a74ed42-da2c-11eb-aed7-3497f683a169.jpg</filename>
    <size>
        <width>600</width>
        <height>600</height>
        <depth>3</depth>
    </size>
    <object>
        <name>lego</name>
        <difficult>0</difficult>
        <bndbox>
            <xmin>0</xmin>
            <ymin>144</ymin>
            <xmax>112</xmax>
            <ymax>239</ymax>
        </bndbox>
    </object>
    <object>
        <name>lego</name>
        <difficult>0</difficult>
        <bndbox>
            <xmin>462</xmin>
            <ymin>421</ymin>
            <xmax>600</xmax>
            <ymax>537</ymax>
        </bndbox>
    </object>
    <object>
        <name>lego</name>
        <difficult>0</difficult>
        <bndbox>
            <xmin>270</xmin>
            <ymin>232</ymin>
            <xmax>508</xmax>
            <ymax>494</ymax>
        </bndbox>
    </object>
    <object>
        <name>lego</name>
        <difficult>0</difficult>
        <bndbox>
            <xmin>314</xmin>
            <ymin>43</ymin>
            <xmax>389</xmax>
            <ymax>149</ymax>
        </bndbox>
    </object>
</annotation>