<?xml version='1.0' encoding='utf-8'?>
<annotation>
    <folder>BrickRay</folder>
    <filename>0a7464a4-e688-11eb-bbfe-b0c090bd3910.jpg</filename>
    <size>
        <width>300</width>
        <height>300</height>
        <depth>3</depth>
    </size>
    <object>
        <name>lego</name>
        <difficult>0</difficult>
        <bndbox>
            <xmin>0</xmin>
            <ymin>232</ymin>
            <xmax>61</xmax>
            <ymax>284</ymax>
        </bndbox>
    </object>
    <object>
        <name>lego</name>
        <difficult>0</difficult>
        <bndbox>
            <xmin>32</xmin>
            <ymin>12</ymin>
            <xmax>299</xmax>
            <ymax>201</ymax>
        </bndbox>
    </object>
</annotation>