<?xml version='1.0' encoding='utf-8'?>
<annotation>
    <folder>BrickRay</folder>
    <filename>0a748fb6-e486-11eb-b78d-b0c090bd3910.jpg</filename>
    <size>
        <width>600</width>
        <height>600</height>
        <depth>3</depth>
    </size>
    <object>
        <name>lego</name>
        <difficult>0</difficult>
        <bndbox>
            <xmin>0</xmin>
            <ymin>3</ymin>
            <xmax>56</xmax>
            <ymax>82</ymax>
        </bndbox>
    </object>
    <object>
        <name>lego</name>
        <difficult>0</difficult>
        <bndbox>
            <xmin>178</xmin>
            <ymin>257</ymin>
            <xmax>530</xmax>
            <ymax>595</ymax>
        </bndbox>
    </object>
    <object>
        <name>lego</name>
        <difficult>0</difficult>
        <bndbox>
            <xmin>527</xmin>
            <ymin>145</ymin>
            <xmax>600</xmax>
            <ymax>245</ymax>
        </bndbox>
    </object>
    <object>
        <name>lego</name>
        <difficult>0</difficult>
        <bndbox>
            <xmin>396</xmin>
            <ymin>243</ymin>
            <xmax>532</xmax>
            <ymax>381</ymax>
        </bndbox>
    </object>
</annotation>