<?xml version='1.0' encoding='utf-8'?>
<annotation>
    <folder>BrickRay</folder>
    <filename>0a760d02-e303-11eb-9e09-b0c090bd3910.jpg</filename>
    <size>
        <width>600</width>
        <height>600</height>
        <depth>3</depth>
    </size>
    <object>
        <name>lego</name>
        <difficult>0</difficult>
        <bndbox>
            <xmin>221</xmin>
            <ymin>0</ymin>
            <xmax>276</xmax>
            <ymax>88</ymax>
        </bndbox>
    </object>
    <object>
        <name>lego</name>
        <difficult>0</difficult>
        <bndbox>
            <xmin>373</xmin>
            <ymin>253</ymin>
            <xmax>503</xmax>
            <ymax>347</ymax>
        </bndbox>
    </object>
    <object>
        <name>lego</name>
        <difficult>0</difficult>
        <bndbox>
            <xmin>416</xmin>
            <ymin>564</ymin>
            <xmax>450</xmax>
            <ymax>600</ymax>
        </bndbox>
    </object>
    <object>
        <name>lego</name>
        <difficult>0</difficult>
        <bndbox>
            <xmin>95</xmin>
            <ymin>302</ymin>
            <xmax>232</xmax>
            <ymax>408</ymax>
        </bndbox>
    </object>
</annotation>