<?xml version='1.0' encoding='utf-8'?>
<annotation>
    <folder>BrickRay</folder>
    <filename>0a776e12-d9c1-11eb-bb08-3497f683a169.jpg</filename>
    <size>
        <width>600</width>
        <height>600</height>
        <depth>3</depth>
    </size>
    <object>
        <name>lego</name>
        <difficult>0</difficult>
        <bndbox>
            <xmin>0</xmin>
            <ymin>244</ymin>
            <xmax>314</xmax>
            <ymax>512</ymax>
        </bndbox>
    </object>
    <object>
        <name>lego</name>
        <difficult>0</difficult>
        <bndbox>
            <xmin>240</xmin>
            <ymin>55</ymin>
            <xmax>298</xmax>
            <ymax>104</ymax>
        </bndbox>
    </object>
    <object>
        <name>lego</name>
        <difficult>0</difficult>
        <bndbox>
            <xmin>338</xmin>
            <ymin>268</ymin>
            <xmax>388</xmax>
            <ymax>319</ymax>
        </bndbox>
    </object>
    <object>
        <name>lego</name>
        <difficult>0</difficult>
        <bndbox>
            <xmin>517</xmin>
            <ymin>247</ymin>
            <xmax>600</xmax>
            <ymax>326</ymax>
        </bndbox>
    </object>
</annotation>