<?xml version='1.0' encoding='utf-8'?>
<annotation>
    <folder>BrickRay</folder>
    <filename>0a77ac5c-dad6-11eb-bd71-3497f683a169.jpg</filename>
    <size>
        <width>600</width>
        <height>600</height>
        <depth>3</depth>
    </size>
    <object>
        <name>lego</name>
        <difficult>0</difficult>
        <bndbox>
            <xmin>215</xmin>
            <ymin>0</ymin>
            <xmax>310</xmax>
            <ymax>77</ymax>
        </bndbox>
    </object>
    <object>
        <name>lego</name>
        <difficult>0</difficult>
        <bndbox>
            <xmin>316</xmin>
            <ymin>120</ymin>
            <xmax>372</xmax>
            <ymax>175</ymax>
        </bndbox>
    </object>
    <object>
        <name>lego</name>
        <difficult>0</difficult>
        <bndbox>
            <xmin>61</xmin>
            <ymin>146</ymin>
            <xmax>150</xmax>
            <ymax>233</ymax>
        </bndbox>
    </object>
    <object>
        <name>lego</name>
        <difficult>0</difficult>
        <bndbox>
            <xmin>308</xmin>
            <ymin>387</ymin>
            <xmax>512</xmax>
            <ymax>600</ymax>
        </bndbox>
    </object>
</annotation>