<?xml version='1.0' encoding='utf-8'?>
<annotation>
    <folder>BrickRay</folder>
    <filename>0a78f752-d93d-11eb-a76a-b0c090bd3910.jpg</filename>
    <size>
        <width>600</width>
        <height>600</height>
        <depth>3</depth>
    </size>
    <object>
        <name>lego</name>
        <difficult>0</difficult>
        <bndbox>
            <xmin>198</xmin>
            <ymin>523</ymin>
            <xmax>250</xmax>
            <ymax>600</ymax>
        </bndbox>
    </object>
    <object>
        <name>lego</name>
        <difficult>0</difficult>
        <bndbox>
            <xmin>249</xmin>
            <ymin>136</ymin>
            <xmax>341</xmax>
            <ymax>303</ymax>
        </bndbox>
    </object>
    <object>
        <name>lego</name>
        <difficult>0</difficult>
        <bndbox>
            <xmin>341</xmin>
            <ymin>131</ymin>
            <xmax>525</xmax>
            <ymax>231</ymax>
        </bndbox>
    </object>
    <object>
        <name>lego</name>
        <difficult>0</difficult>
        <bndbox>
            <xmin>69</xmin>
            <ymin>0</ymin>
            <xmax>145</xmax>
            <ymax>76</ymax>
        </bndbox>
    </object>
</annotation>