<?xml version='1.0' encoding='utf-8'?>
<annotation>
    <folder>BrickRay</folder>
    <filename>0a781c3a-e686-11eb-b8fe-b0c090bd3910.jpg</filename>
    <size>
        <width>300</width>
        <height>300</height>
        <depth>3</depth>
    </size>
    <object>
        <name>lego</name>
        <difficult>0</difficult>
        <bndbox>
            <xmin>225</xmin>
            <ymin>145</ymin>
            <xmax>300</xmax>
            <ymax>226</ymax>
        </bndbox>
    </object>
    <object>
        <name>lego</name>
        <difficult>0</difficult>
        <bndbox>
            <xmin>0</xmin>
            <ymin>49</ymin>
            <xmax>256</xmax>
            <ymax>239</ymax>
        </bndbox>
    </object>
</annotation>