<?xml version='1.0' encoding='utf-8'?>
<annotation>
    <folder>BrickRay</folder>
    <filename>0a79397e-d946-11eb-8d04-b0c090bd3910.jpg</filename>
    <size>
        <width>600</width>
        <height>600</height>
        <depth>3</depth>
    </size>
    <object>
        <name>lego</name>
        <difficult>0</difficult>
        <bndbox>
            <xmin>401</xmin>
            <ymin>13</ymin>
            <xmax>490</xmax>
            <ymax>61</ymax>
        </bndbox>
    </object>
    <object>
        <name>lego</name>
        <difficult>0</difficult>
        <bndbox>
            <xmin>191</xmin>
            <ymin>0</ymin>
            <xmax>247</xmax>
            <ymax>141</ymax>
        </bndbox>
    </object>
    <object>
        <name>lego</name>
        <difficult>0</difficult>
        <bndbox>
            <xmin>121</xmin>
            <ymin>137</ymin>
            <xmax>185</xmax>
            <ymax>184</ymax>
        </bndbox>
    </object>
    <object>
        <name>lego</name>
        <difficult>0</difficult>
        <bndbox>
            <xmin>202</xmin>
            <ymin>566</ymin>
            <xmax>251</xmax>
            <ymax>600</ymax>
        </bndbox>
    </object>
</annotation>