<?xml version='1.0' encoding='utf-8'?>
<annotation>
    <folder>BrickRay</folder>
    <filename>0a799d5c-e3ca-11eb-b96f-b0c090bd3910.jpg</filename>
    <size>
        <width>600</width>
        <height>600</height>
        <depth>3</depth>
    </size>
    <object>
        <name>lego</name>
        <difficult>0</difficult>
        <bndbox>
            <xmin>418</xmin>
            <ymin>0</ymin>
            <xmax>570</xmax>
            <ymax>288</ymax>
        </bndbox>
    </object>
    <object>
        <name>lego</name>
        <difficult>0</difficult>
        <bndbox>
            <xmin>39</xmin>
            <ymin>437</ymin>
            <xmax>271</xmax>
            <ymax>599</ymax>
        </bndbox>
    </object>
    <object>
        <name>lego</name>
        <difficult>0</difficult>
        <bndbox>
            <xmin>16</xmin>
            <ymin>192</ymin>
            <xmax>433</xmax>
            <ymax>340</ymax>
        </bndbox>
    </object>
    <object>
        <name>lego</name>
        <difficult>0</difficult>
        <bndbox>
            <xmin>183</xmin>
            <ymin>275</ymin>
            <xmax>405</xmax>
            <ymax>493</ymax>
        </bndbox>
    </object>
</annotation>