<?xml version='1.0' encoding='utf-8'?>
<annotation>
    <folder>BrickRay</folder>
    <filename>0a79b962-e3a9-11eb-a9fc-b0c090bd3910.jpg</filename>
    <size>
        <width>600</width>
        <height>600</height>
        <depth>3</depth>
    </size>
    <object>
        <name>lego</name>
        <difficult>0</difficult>
        <bndbox>
            <xmin>499</xmin>
            <ymin>351</ymin>
            <xmax>599</xmax>
            <ymax>458</ymax>
        </bndbox>
    </object>
    <object>
        <name>lego</name>
        <difficult>0</difficult>
        <bndbox>
            <xmin>0</xmin>
            <ymin>133</ymin>
            <xmax>106</xmax>
            <ymax>205</ymax>
        </bndbox>
    </object>
    <object>
        <name>lego</name>
        <difficult>0</difficult>
        <bndbox>
            <xmin>129</xmin>
            <ymin>199</ymin>
            <xmax>180</xmax>
            <ymax>247</ymax>
        </bndbox>
    </object>
    <object>
        <name>lego</name>
        <difficult>0</difficult>
        <bndbox>
            <xmin>328</xmin>
            <ymin>310</ymin>
            <xmax>401</xmax>
            <ymax>424</ymax>
        </bndbox>
    </object>
</annotation>