<?xml version='1.0' encoding='utf-8'?>
<annotation>
    <folder>BrickRay</folder>
    <filename>0a7a6ac2-e665-11eb-8d87-b0c090bd3910.jpg</filename>
    <size>
        <width>300</width>
        <height>300</height>
        <depth>3</depth>
    </size>
    <object>
        <name>lego</name>
        <difficult>0</difficult>
        <bndbox>
            <xmin>0</xmin>
            <ymin>83</ymin>
            <xmax>147</xmax>
            <ymax>186</ymax>
        </bndbox>
    </object>
    <object>
        <name>lego</name>
        <difficult>0</difficult>
        <bndbox>
            <xmin>194</xmin>
            <ymin>108</ymin>
            <xmax>300</xmax>
            <ymax>209</ymax>
        </bndbox>
    </object>
</annotation>