<?xml version='1.0' encoding='utf-8'?>
<annotation>
    <folder>BrickRay</folder>
    <filename>0a7a5b38-db4d-11eb-8416-3497f683a169.jpg</filename>
    <size>
        <width>600</width>
        <height>600</height>
        <depth>3</depth>
    </size>
    <object>
        <name>lego</name>
        <difficult>0</difficult>
        <bndbox>
            <xmin>501</xmin>
            <ymin>231</ymin>
            <xmax>600</xmax>
            <ymax>317</ymax>
        </bndbox>
    </object>
    <object>
        <name>lego</name>
        <difficult>0</difficult>
        <bndbox>
            <xmin>0</xmin>
            <ymin>320</ymin>
            <xmax>148</xmax>
            <ymax>461</ymax>
        </bndbox>
    </object>
    <object>
        <name>lego</name>
        <difficult>0</difficult>
        <bndbox>
            <xmin>24</xmin>
            <ymin>209</ymin>
            <xmax>67</xmax>
            <ymax>270</ymax>
        </bndbox>
    </object>
    <object>
        <name>lego</name>
        <difficult>0</difficult>
        <bndbox>
            <xmin>110</xmin>
            <ymin>113</ymin>
            <xmax>235</xmax>
            <ymax>199</ymax>
        </bndbox>
    </object>
</annotation>