<?xml version='1.0' encoding='utf-8'?>
<annotation>
    <folder>BrickRay</folder>
    <filename>0a7ae5f0-e5d1-11eb-b8f8-b0c090bd3910.jpg</filename>
    <size>
        <width>300</width>
        <height>300</height>
        <depth>3</depth>
    </size>
    <object>
        <name>lego</name>
        <difficult>0</difficult>
        <bndbox>
            <xmin>236</xmin>
            <ymin>70</ymin>
            <xmax>300</xmax>
            <ymax>231</ymax>
        </bndbox>
    </object>
    <object>
        <name>lego</name>
        <difficult>0</difficult>
        <bndbox>
            <xmin>0</xmin>
            <ymin>58</ymin>
            <xmax>58</xmax>
            <ymax>113</ymax>
        </bndbox>
    </object>
</annotation>