<?xml version='1.0' encoding='utf-8'?>
<annotation>
    <folder>BrickRay</folder>
    <filename>0a7b0b90-da7b-11eb-9638-3497f683a169.jpg</filename>
    <size>
        <width>600</width>
        <height>600</height>
        <depth>3</depth>
    </size>
    <object>
        <name>lego</name>
        <difficult>0</difficult>
        <bndbox>
            <xmin>0</xmin>
            <ymin>247</ymin>
            <xmax>38</xmax>
            <ymax>321</ymax>
        </bndbox>
    </object>
    <object>
        <name>lego</name>
        <difficult>0</difficult>
        <bndbox>
            <xmin>174</xmin>
            <ymin>427</ymin>
            <xmax>215</xmax>
            <ymax>490</ymax>
        </bndbox>
    </object>
    <object>
        <name>lego</name>
        <difficult>0</difficult>
        <bndbox>
            <xmin>355</xmin>
            <ymin>341</ymin>
            <xmax>600</xmax>
            <ymax>483</ymax>
        </bndbox>
    </object>
    <object>
        <name>lego</name>
        <difficult>0</difficult>
        <bndbox>
            <xmin>205</xmin>
            <ymin>83</ymin>
            <xmax>247</xmax>
            <ymax>149</ymax>
        </bndbox>
    </object>
</annotation>