<?xml version='1.0' encoding='utf-8'?>
<annotation>
    <folder>BrickRay</folder>
    <filename>0a7b9906-e5c4-11eb-acd4-b0c090bd3910.jpg</filename>
    <size>
        <width>300</width>
        <height>300</height>
        <depth>3</depth>
    </size>
    <object>
        <name>lego</name>
        <difficult>0</difficult>
        <bndbox>
            <xmin>0</xmin>
            <ymin>16</ymin>
            <xmax>299</xmax>
            <ymax>271</ymax>
        </bndbox>
    </object>
    <object>
        <name>lego</name>
        <difficult>0</difficult>
        <bndbox>
            <xmin>97</xmin>
            <ymin>29</ymin>
            <xmax>151</xmax>
            <ymax>110</ymax>
        </bndbox>
    </object>
</annotation>