<?xml version='1.0' encoding='utf-8'?>
<annotation>
    <folder>BrickRay</folder>
    <filename>0a7b7f92-d9c2-11eb-a753-3497f683a169.jpg</filename>
    <size>
        <width>600</width>
        <height>600</height>
        <depth>3</depth>
    </size>
    <object>
        <name>lego</name>
        <difficult>0</difficult>
        <bndbox>
            <xmin>175</xmin>
            <ymin>130</ymin>
            <xmax>418</xmax>
            <ymax>256</ymax>
        </bndbox>
    </object>
    <object>
        <name>lego</name>
        <difficult>0</difficult>
        <bndbox>
            <xmin>232</xmin>
            <ymin>0</ymin>
            <xmax>350</xmax>
            <ymax>58</ymax>
        </bndbox>
    </object>
    <object>
        <name>lego</name>
        <difficult>0</difficult>
        <bndbox>
            <xmin>314</xmin>
            <ymin>552</ymin>
            <xmax>345</xmax>
            <ymax>599</ymax>
        </bndbox>
    </object>
    <object>
        <name>lego</name>
        <difficult>0</difficult>
        <bndbox>
            <xmin>217</xmin>
            <ymin>400</ymin>
            <xmax>312</xmax>
            <ymax>536</ymax>
        </bndbox>
    </object>
</annotation>