<?xml version='1.0' encoding='utf-8'?>
<annotation>
    <folder>BrickRay</folder>
    <filename>0a7c4254-e2fc-11eb-a2d9-b0c090bd3910.jpg</filename>
    <size>
        <width>600</width>
        <height>600</height>
        <depth>3</depth>
    </size>
    <object>
        <name>lego</name>
        <difficult>0</difficult>
        <bndbox>
            <xmin>152</xmin>
            <ymin>101</ymin>
            <xmax>332</xmax>
            <ymax>242</ymax>
        </bndbox>
    </object>
    <object>
        <name>lego</name>
        <difficult>0</difficult>
        <bndbox>
            <xmin>465</xmin>
            <ymin>397</ymin>
            <xmax>600</xmax>
            <ymax>526</ymax>
        </bndbox>
    </object>
    <object>
        <name>lego</name>
        <difficult>0</difficult>
        <bndbox>
            <xmin>413</xmin>
            <ymin>62</ymin>
            <xmax>511</xmax>
            <ymax>153</ymax>
        </bndbox>
    </object>
    <object>
        <name>lego</name>
        <difficult>0</difficult>
        <bndbox>
            <xmin>0</xmin>
            <ymin>360</ymin>
            <xmax>116</xmax>
            <ymax>453</ymax>
        </bndbox>
    </object>
</annotation>