<?xml version='1.0' encoding='utf-8'?>
<annotation>
    <folder>BrickRay</folder>
    <filename>0a7cc528-d94d-11eb-a5fb-b0c090bd3910.jpg</filename>
    <size>
        <width>600</width>
        <height>600</height>
        <depth>3</depth>
    </size>
    <object>
        <name>lego</name>
        <difficult>0</difficult>
        <bndbox>
            <xmin>342</xmin>
            <ymin>406</ymin>
            <xmax>416</xmax>
            <ymax>484</ymax>
        </bndbox>
    </object>
    <object>
        <name>lego</name>
        <difficult>0</difficult>
        <bndbox>
            <xmin>350</xmin>
            <ymin>488</ymin>
            <xmax>500</xmax>
            <ymax>600</ymax>
        </bndbox>
    </object>
    <object>
        <name>lego</name>
        <difficult>0</difficult>
        <bndbox>
            <xmin>216</xmin>
            <ymin>0</ymin>
            <xmax>282</xmax>
            <ymax>55</ymax>
        </bndbox>
    </object>
    <object>
        <name>lego</name>
        <difficult>0</difficult>
        <bndbox>
            <xmin>90</xmin>
            <ymin>391</ymin>
            <xmax>181</xmax>
            <ymax>474</ymax>
        </bndbox>
    </object>
</annotation>