<?xml version='1.0' encoding='utf-8'?>
<annotation>
    <folder>BrickRay</folder>
    <filename>0a7c5dd2-db34-11eb-8207-3497f683a169.jpg</filename>
    <size>
        <width>600</width>
        <height>600</height>
        <depth>3</depth>
    </size>
    <object>
        <name>lego</name>
        <difficult>0</difficult>
        <bndbox>
            <xmin>558</xmin>
            <ymin>523</ymin>
            <xmax>600</xmax>
            <ymax>580</ymax>
        </bndbox>
    </object>
    <object>
        <name>lego</name>
        <difficult>0</difficult>
        <bndbox>
            <xmin>0</xmin>
            <ymin>151</ymin>
            <xmax>406</xmax>
            <ymax>580</ymax>
        </bndbox>
    </object>
    <object>
        <name>lego</name>
        <difficult>0</difficult>
        <bndbox>
            <xmin>329</xmin>
            <ymin>11</ymin>
            <xmax>377</xmax>
            <ymax>68</ymax>
        </bndbox>
    </object>
    <object>
        <name>lego</name>
        <difficult>0</difficult>
        <bndbox>
            <xmin>464</xmin>
            <ymin>72</ymin>
            <xmax>516</xmax>
            <ymax>158</ymax>
        </bndbox>
    </object>
</annotation>