<?xml version='1.0' encoding='utf-8'?>
<annotation>
    <folder>BrickRay</folder>
    <filename>0a7c80da-e48e-11eb-9315-b0c090bd3910.jpg</filename>
    <size>
        <width>600</width>
        <height>600</height>
        <depth>3</depth>
    </size>
    <object>
        <name>lego</name>
        <difficult>0</difficult>
        <bndbox>
            <xmin>87</xmin>
            <ymin>184</ymin>
            <xmax>190</xmax>
            <ymax>303</ymax>
        </bndbox>
    </object>
    <object>
        <name>lego</name>
        <difficult>0</difficult>
        <bndbox>
            <xmin>168</xmin>
            <ymin>157</ymin>
            <xmax>402</xmax>
            <ymax>350</ymax>
        </bndbox>
    </object>
    <object>
        <name>lego</name>
        <difficult>0</difficult>
        <bndbox>
            <xmin>420</xmin>
            <ymin>527</ymin>
            <xmax>490</xmax>
            <ymax>600</ymax>
        </bndbox>
    </object>
    <object>
        <name>lego</name>
        <difficult>0</difficult>
        <bndbox>
            <xmin>432</xmin>
            <ymin>0</ymin>
            <xmax>471</xmax>
            <ymax>119</ymax>
        </bndbox>
    </object>
</annotation>