<?xml version='1.0' encoding='utf-8'?>
<annotation>
    <folder>BrickRay</folder>
    <filename>0a7d6558-e4ca-11eb-8e4e-b0c090bd3910.jpg</filename>
    <size>
        <width>600</width>
        <height>600</height>
        <depth>3</depth>
    </size>
    <object>
        <name>lego</name>
        <difficult>0</difficult>
        <bndbox>
            <xmin>2</xmin>
            <ymin>443</ymin>
            <xmax>136</xmax>
            <ymax>599</ymax>
        </bndbox>
    </object>
    <object>
        <name>lego</name>
        <difficult>0</difficult>
        <bndbox>
            <xmin>1</xmin>
            <ymin>62</ymin>
            <xmax>210</xmax>
            <ymax>192</ymax>
        </bndbox>
    </object>
    <object>
        <name>lego</name>
        <difficult>0</difficult>
        <bndbox>
            <xmin>307</xmin>
            <ymin>0</ymin>
            <xmax>598</xmax>
            <ymax>293</ymax>
        </bndbox>
    </object>
    <object>
        <name>lego</name>
        <difficult>0</difficult>
        <bndbox>
            <xmin>280</xmin>
            <ymin>121</ymin>
            <xmax>489</xmax>
            <ymax>291</ymax>
        </bndbox>
    </object>
</annotation>