<?xml version='1.0' encoding='utf-8'?>
<annotation>
    <folder>BrickRay</folder>
    <filename>0a7db5a4-e2d3-11eb-8e3b-b0c090bd3910.jpg</filename>
    <size>
        <width>600</width>
        <height>600</height>
        <depth>3</depth>
    </size>
    <object>
        <name>lego</name>
        <difficult>0</difficult>
        <bndbox>
            <xmin>59</xmin>
            <ymin>122</ymin>
            <xmax>513</xmax>
            <ymax>594</ymax>
        </bndbox>
    </object>
    <object>
        <name>lego</name>
        <difficult>0</difficult>
        <bndbox>
            <xmin>0</xmin>
            <ymin>53</ymin>
            <xmax>75</xmax>
            <ymax>131</ymax>
        </bndbox>
    </object>
    <object>
        <name>lego</name>
        <difficult>0</difficult>
        <bndbox>
            <xmin>489</xmin>
            <ymin>4</ymin>
            <xmax>599</xmax>
            <ymax>147</ymax>
        </bndbox>
    </object>
    <object>
        <name>lego</name>
        <difficult>0</difficult>
        <bndbox>
            <xmin>500</xmin>
            <ymin>50</ymin>
            <xmax>551</xmax>
            <ymax>99</ymax>
        </bndbox>
    </object>
</annotation>