<?xml version='1.0' encoding='utf-8'?>
<annotation>
    <folder>BrickRay</folder>
    <filename>0a7e0262-d969-11eb-b694-b0c090bd3910.jpg</filename>
    <size>
        <width>600</width>
        <height>600</height>
        <depth>3</depth>
    </size>
    <object>
        <name>lego</name>
        <difficult>0</difficult>
        <bndbox>
            <xmin>0</xmin>
            <ymin>84</ymin>
            <xmax>186</xmax>
            <ymax>200</ymax>
        </bndbox>
    </object>
    <object>
        <name>lego</name>
        <difficult>0</difficult>
        <bndbox>
            <xmin>42</xmin>
            <ymin>219</ymin>
            <xmax>491</xmax>
            <ymax>552</ymax>
        </bndbox>
    </object>
    <object>
        <name>lego</name>
        <difficult>0</difficult>
        <bndbox>
            <xmin>133</xmin>
            <ymin>70</ymin>
            <xmax>326</xmax>
            <ymax>210</ymax>
        </bndbox>
    </object>
    <object>
        <name>lego</name>
        <difficult>0</difficult>
        <bndbox>
            <xmin>510</xmin>
            <ymin>33</ymin>
            <xmax>599</xmax>
            <ymax>155</ymax>
        </bndbox>
    </object>
</annotation>