<?xml version='1.0' encoding='utf-8'?>
<annotation>
    <folder>BrickRay</folder>
    <filename>0a7e973e-e5d8-11eb-8a40-b0c090bd3910.jpg</filename>
    <size>
        <width>300</width>
        <height>300</height>
        <depth>3</depth>
    </size>
    <object>
        <name>lego</name>
        <difficult>0</difficult>
        <bndbox>
            <xmin>168</xmin>
            <ymin>83</ymin>
            <xmax>300</xmax>
            <ymax>212</ymax>
        </bndbox>
    </object>
    <object>
        <name>lego</name>
        <difficult>0</difficult>
        <bndbox>
            <xmin>0</xmin>
            <ymin>93</ymin>
            <xmax>182</xmax>
            <ymax>198</ymax>
        </bndbox>
    </object>
</annotation>