<?xml version='1.0' encoding='utf-8'?>
<annotation>
    <folder>BrickRay</folder>
    <filename>0a7e26d4-e45d-11eb-ae4e-b0c090bd3910.jpg</filename>
    <size>
        <width>600</width>
        <height>600</height>
        <depth>3</depth>
    </size>
    <object>
        <name>lego</name>
        <difficult>0</difficult>
        <bndbox>
            <xmin>59</xmin>
            <ymin>415</ymin>
            <xmax>123</xmax>
            <ymax>600</ymax>
        </bndbox>
    </object>
    <object>
        <name>lego</name>
        <difficult>0</difficult>
        <bndbox>
            <xmin>397</xmin>
            <ymin>0</ymin>
            <xmax>550</xmax>
            <ymax>393</ymax>
        </bndbox>
    </object>
    <object>
        <name>lego</name>
        <difficult>0</difficult>
        <bndbox>
            <xmin>383</xmin>
            <ymin>138</ymin>
            <xmax>520</xmax>
            <ymax>190</ymax>
        </bndbox>
    </object>
    <object>
        <name>lego</name>
        <difficult>0</difficult>
        <bndbox>
            <xmin>432</xmin>
            <ymin>434</ymin>
            <xmax>503</xmax>
            <ymax>572</ymax>
        </bndbox>
    </object>
</annotation>