<?xml version='1.0' encoding='utf-8'?>
<annotation>
    <folder>BrickRay</folder>
    <filename>0a7f2d2c-d968-11eb-aa95-b0c090bd3910.jpg</filename>
    <size>
        <width>600</width>
        <height>600</height>
        <depth>3</depth>
    </size>
    <object>
        <name>lego</name>
        <difficult>0</difficult>
        <bndbox>
            <xmin>526</xmin>
            <ymin>201</ymin>
            <xmax>600</xmax>
            <ymax>291</ymax>
        </bndbox>
    </object>
    <object>
        <name>lego</name>
        <difficult>0</difficult>
        <bndbox>
            <xmin>136</xmin>
            <ymin>94</ymin>
            <xmax>184</xmax>
            <ymax>142</ymax>
        </bndbox>
    </object>
    <object>
        <name>lego</name>
        <difficult>0</difficult>
        <bndbox>
            <xmin>456</xmin>
            <ymin>361</ymin>
            <xmax>537</xmax>
            <ymax>468</ymax>
        </bndbox>
    </object>
    <object>
        <name>lego</name>
        <difficult>0</difficult>
        <bndbox>
            <xmin>0</xmin>
            <ymin>169</ymin>
            <xmax>66</xmax>
            <ymax>267</ymax>
        </bndbox>
    </object>
</annotation>