<?xml version='1.0' encoding='utf-8'?>
<annotation>
    <folder>BrickRay</folder>
    <filename>0a7f8d9c-e5e2-11eb-8d51-b0c090bd3910.jpg</filename>
    <size>
        <width>300</width>
        <height>300</height>
        <depth>3</depth>
    </size>
    <object>
        <name>lego</name>
        <difficult>0</difficult>
        <bndbox>
            <xmin>63</xmin>
            <ymin>0</ymin>
            <xmax>236</xmax>
            <ymax>158</ymax>
        </bndbox>
    </object>
    <object>
        <name>lego</name>
        <difficult>0</difficult>
        <bndbox>
            <xmin>90</xmin>
            <ymin>169</ymin>
            <xmax>219</xmax>
            <ymax>300</ymax>
        </bndbox>
    </object>
</annotation>