<?xml version='1.0' encoding='utf-8'?>
<annotation>
    <folder>BrickRay</folder>
    <filename>0a805fe8-e3a6-11eb-b4e1-b0c090bd3910.jpg</filename>
    <size>
        <width>600</width>
        <height>600</height>
        <depth>3</depth>
    </size>
    <object>
        <name>lego</name>
        <difficult>0</difficult>
        <bndbox>
            <xmin>299</xmin>
            <ymin>70</ymin>
            <xmax>339</xmax>
            <ymax>141</ymax>
        </bndbox>
    </object>
    <object>
        <name>lego</name>
        <difficult>0</difficult>
        <bndbox>
            <xmin>368</xmin>
            <ymin>259</ymin>
            <xmax>600</xmax>
            <ymax>393</ymax>
        </bndbox>
    </object>
    <object>
        <name>lego</name>
        <difficult>0</difficult>
        <bndbox>
            <xmin>41</xmin>
            <ymin>358</ymin>
            <xmax>142</xmax>
            <ymax>496</ymax>
        </bndbox>
    </object>
    <object>
        <name>lego</name>
        <difficult>0</difficult>
        <bndbox>
            <xmin>0</xmin>
            <ymin>336</ymin>
            <xmax>120</xmax>
            <ymax>443</ymax>
        </bndbox>
    </object>
</annotation>