<?xml version='1.0' encoding='utf-8'?>
<annotation>
    <folder>BrickRay</folder>
    <filename>0a812b80-db6b-11eb-95e8-3497f683a169.jpg</filename>
    <size>
        <width>600</width>
        <height>600</height>
        <depth>3</depth>
    </size>
    <object>
        <name>lego</name>
        <difficult>0</difficult>
        <bndbox>
            <xmin>325</xmin>
            <ymin>102</ymin>
            <xmax>600</xmax>
            <ymax>313</ymax>
        </bndbox>
    </object>
    <object>
        <name>lego</name>
        <difficult>0</difficult>
        <bndbox>
            <xmin>59</xmin>
            <ymin>412</ymin>
            <xmax>182</xmax>
            <ymax>482</ymax>
        </bndbox>
    </object>
    <object>
        <name>lego</name>
        <difficult>0</difficult>
        <bndbox>
            <xmin>0</xmin>
            <ymin>136</ymin>
            <xmax>72</xmax>
            <ymax>218</ymax>
        </bndbox>
    </object>
    <object>
        <name>lego</name>
        <difficult>0</difficult>
        <bndbox>
            <xmin>191</xmin>
            <ymin>232</ymin>
            <xmax>293</xmax>
            <ymax>329</ymax>
        </bndbox>
    </object>
</annotation>