<?xml version='1.0' encoding='utf-8'?>
<annotation>
    <folder>BrickRay</folder>
    <filename>0a815554-e5ce-11eb-9e51-b0c090bd3910.jpg</filename>
    <size>
        <width>300</width>
        <height>300</height>
        <depth>3</depth>
    </size>
    <object>
        <name>lego</name>
        <difficult>0</difficult>
        <bndbox>
            <xmin>43</xmin>
            <ymin>97</ymin>
            <xmax>256</xmax>
            <ymax>300</ymax>
        </bndbox>
    </object>
    <object>
        <name>lego</name>
        <difficult>0</difficult>
        <bndbox>
            <xmin>45</xmin>
            <ymin>0</ymin>
            <xmax>124</xmax>
            <ymax>99</ymax>
        </bndbox>
    </object>
</annotation>