<?xml version='1.0' encoding='utf-8'?>
<annotation>
    <folder>BrickRay</folder>
    <filename>0a818f28-e7ab-11eb-8ba0-b0c090bd3910.jpg</filename>
    <size>
        <width>300</width>
        <height>300</height>
        <depth>3</depth>
    </size>
    <object>
        <name>lego</name>
        <difficult>0</difficult>
        <bndbox>
            <xmin>140</xmin>
            <ymin>0</ymin>
            <xmax>253</xmax>
            <ymax>84</ymax>
        </bndbox>
    </object>
    <object>
        <name>lego</name>
        <difficult>0</difficult>
        <bndbox>
            <xmin>53</xmin>
            <ymin>194</ymin>
            <xmax>187</xmax>
            <ymax>300</ymax>
        </bndbox>
    </object>
</annotation>