<?xml version='1.0' encoding='utf-8'?>
<annotation>
    <folder>BrickRay</folder>
    <filename>0a81dcee-e2d8-11eb-9daa-b0c090bd3910.jpg</filename>
    <size>
        <width>600</width>
        <height>600</height>
        <depth>3</depth>
    </size>
    <object>
        <name>lego</name>
        <difficult>0</difficult>
        <bndbox>
            <xmin>431</xmin>
            <ymin>414</ymin>
            <xmax>600</xmax>
            <ymax>528</ymax>
        </bndbox>
    </object>
    <object>
        <name>lego</name>
        <difficult>0</difficult>
        <bndbox>
            <xmin>193</xmin>
            <ymin>123</ymin>
            <xmax>307</xmax>
            <ymax>239</ymax>
        </bndbox>
    </object>
    <object>
        <name>lego</name>
        <difficult>0</difficult>
        <bndbox>
            <xmin>6</xmin>
            <ymin>128</ymin>
            <xmax>134</xmax>
            <ymax>296</ymax>
        </bndbox>
    </object>
    <object>
        <name>lego</name>
        <difficult>0</difficult>
        <bndbox>
            <xmin>0</xmin>
            <ymin>42</ymin>
            <xmax>198</xmax>
            <ymax>175</ymax>
        </bndbox>
    </object>
</annotation>