<?xml version='1.0' encoding='utf-8'?>
<annotation>
    <folder>BrickRay</folder>
    <filename>0a82ab28-e2d6-11eb-a28f-b0c090bd3910.jpg</filename>
    <size>
        <width>600</width>
        <height>600</height>
        <depth>3</depth>
    </size>
    <object>
        <name>lego</name>
        <difficult>0</difficult>
        <bndbox>
            <xmin>482</xmin>
            <ymin>135</ymin>
            <xmax>600</xmax>
            <ymax>250</ymax>
        </bndbox>
    </object>
    <object>
        <name>lego</name>
        <difficult>0</difficult>
        <bndbox>
            <xmin>406</xmin>
            <ymin>410</ymin>
            <xmax>564</xmax>
            <ymax>588</ymax>
        </bndbox>
    </object>
    <object>
        <name>lego</name>
        <difficult>0</difficult>
        <bndbox>
            <xmin>333</xmin>
            <ymin>6</ymin>
            <xmax>383</xmax>
            <ymax>43</ymax>
        </bndbox>
    </object>
    <object>
        <name>lego</name>
        <difficult>0</difficult>
        <bndbox>
            <xmin>0</xmin>
            <ymin>67</ymin>
            <xmax>111</xmax>
            <ymax>176</ymax>
        </bndbox>
    </object>
</annotation>