<?xml version='1.0' encoding='utf-8'?>
<annotation>
    <folder>BrickRay</folder>
    <filename>0a82869a-e3c3-11eb-9d75-b0c090bd3910.jpg</filename>
    <size>
        <width>600</width>
        <height>600</height>
        <depth>3</depth>
    </size>
    <object>
        <name>lego</name>
        <difficult>0</difficult>
        <bndbox>
            <xmin>387</xmin>
            <ymin>0</ymin>
            <xmax>536</xmax>
            <ymax>119</ymax>
        </bndbox>
    </object>
    <object>
        <name>lego</name>
        <difficult>0</difficult>
        <bndbox>
            <xmin>378</xmin>
            <ymin>509</ymin>
            <xmax>463</xmax>
            <ymax>600</ymax>
        </bndbox>
    </object>
    <object>
        <name>lego</name>
        <difficult>0</difficult>
        <bndbox>
            <xmin>94</xmin>
            <ymin>193</ymin>
            <xmax>288</xmax>
            <ymax>368</ymax>
        </bndbox>
    </object>
    <object>
        <name>lego</name>
        <difficult>0</difficult>
        <bndbox>
            <xmin>74</xmin>
            <ymin>301</ymin>
            <xmax>237</xmax>
            <ymax>486</ymax>
        </bndbox>
    </object>
</annotation>