<?xml version='1.0' encoding='utf-8'?>
<annotation>
    <folder>BrickRay</folder>
    <filename>0a82ef94-da01-11eb-89d2-3497f683a169.jpg</filename>
    <size>
        <width>600</width>
        <height>600</height>
        <depth>3</depth>
    </size>
    <object>
        <name>lego</name>
        <difficult>0</difficult>
        <bndbox>
            <xmin>516</xmin>
            <ymin>382</ymin>
            <xmax>561</xmax>
            <ymax>495</ymax>
        </bndbox>
    </object>
    <object>
        <name>lego</name>
        <difficult>0</difficult>
        <bndbox>
            <xmin>0</xmin>
            <ymin>350</ymin>
            <xmax>49</xmax>
            <ymax>410</ymax>
        </bndbox>
    </object>
    <object>
        <name>lego</name>
        <difficult>0</difficult>
        <bndbox>
            <xmin>290</xmin>
            <ymin>68</ymin>
            <xmax>600</xmax>
            <ymax>415</ymax>
        </bndbox>
    </object>
    <object>
        <name>lego</name>
        <difficult>0</difficult>
        <bndbox>
            <xmin>490</xmin>
            <ymin>351</ymin>
            <xmax>538</xmax>
            <ymax>396</ymax>
        </bndbox>
    </object>
</annotation>