<?xml version='1.0' encoding='utf-8'?>
<annotation>
    <folder>BrickRay</folder>
    <filename>0a830f26-e2da-11eb-8d8f-b0c090bd3910.jpg</filename>
    <size>
        <width>600</width>
        <height>600</height>
        <depth>3</depth>
    </size>
    <object>
        <name>lego</name>
        <difficult>0</difficult>
        <bndbox>
            <xmin>411</xmin>
            <ymin>195</ymin>
            <xmax>534</xmax>
            <ymax>343</ymax>
        </bndbox>
    </object>
    <object>
        <name>lego</name>
        <difficult>0</difficult>
        <bndbox>
            <xmin>428</xmin>
            <ymin>181</ymin>
            <xmax>484</xmax>
            <ymax>600</ymax>
        </bndbox>
    </object>
    <object>
        <name>lego</name>
        <difficult>0</difficult>
        <bndbox>
            <xmin>46</xmin>
            <ymin>0</ymin>
            <xmax>187</xmax>
            <ymax>45</ymax>
        </bndbox>
    </object>
    <object>
        <name>lego</name>
        <difficult>0</difficult>
        <bndbox>
            <xmin>378</xmin>
            <ymin>40</ymin>
            <xmax>418</xmax>
            <ymax>90</ymax>
        </bndbox>
    </object>
</annotation>