<?xml version='1.0' encoding='utf-8'?>
<annotation>
    <folder>BrickRay</folder>
    <filename>0a839142-e7cb-11eb-91d0-b0c090bd3910.jpg</filename>
    <size>
        <width>300</width>
        <height>300</height>
        <depth>3</depth>
    </size>
    <object>
        <name>lego</name>
        <difficult>0</difficult>
        <bndbox>
            <xmin>244</xmin>
            <ymin>0</ymin>
            <xmax>282</xmax>
            <ymax>42</ymax>
        </bndbox>
    </object>
    <object>
        <name>lego</name>
        <difficult>0</difficult>
        <bndbox>
            <xmin>21</xmin>
            <ymin>47</ymin>
            <xmax>272</xmax>
            <ymax>300</ymax>
        </bndbox>
    </object>
</annotation>