<?xml version='1.0' encoding='utf-8'?>
<annotation>
    <folder>BrickRay</folder>
    <filename>0a843858-e5e6-11eb-a28d-b0c090bd3910.jpg</filename>
    <size>
        <width>300</width>
        <height>300</height>
        <depth>3</depth>
    </size>
    <object>
        <name>lego</name>
        <difficult>0</difficult>
        <bndbox>
            <xmin>12</xmin>
            <ymin>0</ymin>
            <xmax>103</xmax>
            <ymax>156</ymax>
        </bndbox>
    </object>
    <object>
        <name>lego</name>
        <difficult>0</difficult>
        <bndbox>
            <xmin>74</xmin>
            <ymin>83</ymin>
            <xmax>286</xmax>
            <ymax>300</ymax>
        </bndbox>
    </object>
</annotation>