<?xml version='1.0' encoding='utf-8'?>
<annotation>
    <folder>BrickRay</folder>
    <filename>0a84ea18-d94a-11eb-a8a6-b0c090bd3910.jpg</filename>
    <size>
        <width>600</width>
        <height>600</height>
        <depth>3</depth>
    </size>
    <object>
        <name>lego</name>
        <difficult>0</difficult>
        <bndbox>
            <xmin>0</xmin>
            <ymin>533</ymin>
            <xmax>53</xmax>
            <ymax>578</ymax>
        </bndbox>
    </object>
    <object>
        <name>lego</name>
        <difficult>0</difficult>
        <bndbox>
            <xmin>84</xmin>
            <ymin>19</ymin>
            <xmax>201</xmax>
            <ymax>226</ymax>
        </bndbox>
    </object>
    <object>
        <name>lego</name>
        <difficult>0</difficult>
        <bndbox>
            <xmin>497</xmin>
            <ymin>360</ymin>
            <xmax>600</xmax>
            <ymax>446</ymax>
        </bndbox>
    </object>
    <object>
        <name>lego</name>
        <difficult>0</difficult>
        <bndbox>
            <xmin>182</xmin>
            <ymin>358</ymin>
            <xmax>221</xmax>
            <ymax>396</ymax>
        </bndbox>
    </object>
</annotation>