<?xml version='1.0' encoding='utf-8'?>
<annotation>
    <folder>BrickRay</folder>
    <filename>0a85daa8-db80-11eb-9776-3497f683a169.jpg</filename>
    <size>
        <width>600</width>
        <height>600</height>
        <depth>3</depth>
    </size>
    <object>
        <name>lego</name>
        <difficult>0</difficult>
        <bndbox>
            <xmin>418</xmin>
            <ymin>411</ymin>
            <xmax>507</xmax>
            <ymax>470</ymax>
        </bndbox>
    </object>
    <object>
        <name>lego</name>
        <difficult>0</difficult>
        <bndbox>
            <xmin>0</xmin>
            <ymin>360</ymin>
            <xmax>87</xmax>
            <ymax>453</ymax>
        </bndbox>
    </object>
    <object>
        <name>lego</name>
        <difficult>0</difficult>
        <bndbox>
            <xmin>30</xmin>
            <ymin>306</ymin>
            <xmax>187</xmax>
            <ymax>457</ymax>
        </bndbox>
    </object>
    <object>
        <name>lego</name>
        <difficult>0</difficult>
        <bndbox>
            <xmin>498</xmin>
            <ymin>106</ymin>
            <xmax>600</xmax>
            <ymax>230</ymax>
        </bndbox>
    </object>
</annotation>