<?xml version='1.0' encoding='utf-8'?>
<annotation>
    <folder>BrickRay</folder>
    <filename>0a854b8a-e7a4-11eb-86d3-b0c090bd3910.jpg</filename>
    <size>
        <width>300</width>
        <height>300</height>
        <depth>3</depth>
    </size>
    <object>
        <name>lego</name>
        <difficult>0</difficult>
        <bndbox>
            <xmin>172</xmin>
            <ymin>77</ymin>
            <xmax>230</xmax>
            <ymax>203</ymax>
        </bndbox>
    </object>
    <object>
        <name>lego</name>
        <difficult>0</difficult>
        <bndbox>
            <xmin>0</xmin>
            <ymin>23</ymin>
            <xmax>299</xmax>
            <ymax>265</ymax>
        </bndbox>
    </object>
</annotation>