<?xml version='1.0' encoding='utf-8'?>
<annotation>
    <folder>BrickRay</folder>
    <filename>0a86dce2-e471-11eb-bbb0-b0c090bd3910.jpg</filename>
    <size>
        <width>600</width>
        <height>600</height>
        <depth>3</depth>
    </size>
    <object>
        <name>lego</name>
        <difficult>0</difficult>
        <bndbox>
            <xmin>67</xmin>
            <ymin>304</ymin>
            <xmax>271</xmax>
            <ymax>599</ymax>
        </bndbox>
    </object>
    <object>
        <name>lego</name>
        <difficult>0</difficult>
        <bndbox>
            <xmin>216</xmin>
            <ymin>49</ymin>
            <xmax>253</xmax>
            <ymax>78</ymax>
        </bndbox>
    </object>
    <object>
        <name>lego</name>
        <difficult>0</difficult>
        <bndbox>
            <xmin>356</xmin>
            <ymin>0</ymin>
            <xmax>562</xmax>
            <ymax>84</ymax>
        </bndbox>
    </object>
    <object>
        <name>lego</name>
        <difficult>0</difficult>
        <bndbox>
            <xmin>208</xmin>
            <ymin>109</ymin>
            <xmax>244</xmax>
            <ymax>142</ymax>
        </bndbox>
    </object>
</annotation>