<?xml version='1.0' encoding='utf-8'?>
<annotation>
    <folder>BrickRay</folder>
    <filename>0a87a89c-e5f7-11eb-8c30-b0c090bd3910.jpg</filename>
    <size>
        <width>300</width>
        <height>300</height>
        <depth>3</depth>
    </size>
    <object>
        <name>lego</name>
        <difficult>0</difficult>
        <bndbox>
            <xmin>0</xmin>
            <ymin>2</ymin>
            <xmax>193</xmax>
            <ymax>296</ymax>
        </bndbox>
    </object>
    <object>
        <name>lego</name>
        <difficult>0</difficult>
        <bndbox>
            <xmin>178</xmin>
            <ymin>137</ymin>
            <xmax>300</xmax>
            <ymax>225</ymax>
        </bndbox>
    </object>
</annotation>