<?xml version='1.0' encoding='utf-8'?>
<annotation>
    <folder>BrickRay</folder>
    <filename>0a87934a-e5e1-11eb-a2b1-b0c090bd3910.jpg</filename>
    <size>
        <width>300</width>
        <height>300</height>
        <depth>3</depth>
    </size>
    <object>
        <name>lego</name>
        <difficult>0</difficult>
        <bndbox>
            <xmin>109</xmin>
            <ymin>52</ymin>
            <xmax>300</xmax>
            <ymax>215</ymax>
        </bndbox>
    </object>
    <object>
        <name>lego</name>
        <difficult>0</difficult>
        <bndbox>
            <xmin>0</xmin>
            <ymin>78</ymin>
            <xmax>146</xmax>
            <ymax>234</ymax>
        </bndbox>
    </object>
</annotation>