<?xml version='1.0' encoding='utf-8'?>
<annotation>
    <folder>BrickRay</folder>
    <filename>0a87516e-e2e1-11eb-89d9-b0c090bd3910.jpg</filename>
    <size>
        <width>600</width>
        <height>600</height>
        <depth>3</depth>
    </size>
    <object>
        <name>lego</name>
        <difficult>0</difficult>
        <bndbox>
            <xmin>550</xmin>
            <ymin>188</ymin>
            <xmax>600</xmax>
            <ymax>241</ymax>
        </bndbox>
    </object>
    <object>
        <name>lego</name>
        <difficult>0</difficult>
        <bndbox>
            <xmin>0</xmin>
            <ymin>205</ymin>
            <xmax>248</xmax>
            <ymax>489</ymax>
        </bndbox>
    </object>
    <object>
        <name>lego</name>
        <difficult>0</difficult>
        <bndbox>
            <xmin>414</xmin>
            <ymin>88</ymin>
            <xmax>513</xmax>
            <ymax>176</ymax>
        </bndbox>
    </object>
    <object>
        <name>lego</name>
        <difficult>0</difficult>
        <bndbox>
            <xmin>296</xmin>
            <ymin>208</ymin>
            <xmax>370</xmax>
            <ymax>267</ymax>
        </bndbox>
    </object>
</annotation>