<?xml version='1.0' encoding='utf-8'?>
<annotation>
    <folder>BrickRay</folder>
    <filename>0a88fdd0-d9c6-11eb-a6c5-3497f683a169.jpg</filename>
    <size>
        <width>600</width>
        <height>600</height>
        <depth>3</depth>
    </size>
    <object>
        <name>lego</name>
        <difficult>0</difficult>
        <bndbox>
            <xmin>522</xmin>
            <ymin>114</ymin>
            <xmax>600</xmax>
            <ymax>185</ymax>
        </bndbox>
    </object>
    <object>
        <name>lego</name>
        <difficult>0</difficult>
        <bndbox>
            <xmin>462</xmin>
            <ymin>197</ymin>
            <xmax>522</xmax>
            <ymax>255</ymax>
        </bndbox>
    </object>
    <object>
        <name>lego</name>
        <difficult>0</difficult>
        <bndbox>
            <xmin>335</xmin>
            <ymin>417</ymin>
            <xmax>385</xmax>
            <ymax>470</ymax>
        </bndbox>
    </object>
    <object>
        <name>lego</name>
        <difficult>0</difficult>
        <bndbox>
            <xmin>0</xmin>
            <ymin>118</ymin>
            <xmax>75</xmax>
            <ymax>181</ymax>
        </bndbox>
    </object>
</annotation>