<?xml version='1.0' encoding='utf-8'?>
<annotation>
    <folder>BrickRay</folder>
    <filename>0a897058-e460-11eb-8bee-b0c090bd3910.jpg</filename>
    <size>
        <width>600</width>
        <height>600</height>
        <depth>3</depth>
    </size>
    <object>
        <name>lego</name>
        <difficult>0</difficult>
        <bndbox>
            <xmin>383</xmin>
            <ymin>531</ymin>
            <xmax>453</xmax>
            <ymax>600</ymax>
        </bndbox>
    </object>
    <object>
        <name>lego</name>
        <difficult>0</difficult>
        <bndbox>
            <xmin>10</xmin>
            <ymin>0</ymin>
            <xmax>49</xmax>
            <ymax>91</ymax>
        </bndbox>
    </object>
    <object>
        <name>lego</name>
        <difficult>0</difficult>
        <bndbox>
            <xmin>276</xmin>
            <ymin>420</ymin>
            <xmax>331</xmax>
            <ymax>474</ymax>
        </bndbox>
    </object>
    <object>
        <name>lego</name>
        <difficult>0</difficult>
        <bndbox>
            <xmin>484</xmin>
            <ymin>315</ymin>
            <xmax>588</xmax>
            <ymax>374</ymax>
        </bndbox>
    </object>
</annotation>