<?xml version='1.0' encoding='utf-8'?>
<annotation>
    <folder>BrickRay</folder>
    <filename>0a8b12dc-da1f-11eb-b92f-3497f683a169.jpg</filename>
    <size>
        <width>600</width>
        <height>600</height>
        <depth>3</depth>
    </size>
    <object>
        <name>lego</name>
        <difficult>0</difficult>
        <bndbox>
            <xmin>7</xmin>
            <ymin>358</ymin>
            <xmax>78</xmax>
            <ymax>396</ymax>
        </bndbox>
    </object>
    <object>
        <name>lego</name>
        <difficult>0</difficult>
        <bndbox>
            <xmin>0</xmin>
            <ymin>354</ymin>
            <xmax>78</xmax>
            <ymax>437</ymax>
        </bndbox>
    </object>
    <object>
        <name>lego</name>
        <difficult>0</difficult>
        <bndbox>
            <xmin>278</xmin>
            <ymin>142</ymin>
            <xmax>332</xmax>
            <ymax>189</ymax>
        </bndbox>
    </object>
    <object>
        <name>lego</name>
        <difficult>0</difficult>
        <bndbox>
            <xmin>525</xmin>
            <ymin>258</ymin>
            <xmax>600</xmax>
            <ymax>349</ymax>
        </bndbox>
    </object>
</annotation>