<?xml version='1.0' encoding='utf-8'?>
<annotation>
    <folder>BrickRay</folder>
    <filename>0a8b1dc8-e5e0-11eb-9709-b0c090bd3910.jpg</filename>
    <size>
        <width>300</width>
        <height>300</height>
        <depth>3</depth>
    </size>
    <object>
        <name>lego</name>
        <difficult>0</difficult>
        <bndbox>
            <xmin>0</xmin>
            <ymin>161</ymin>
            <xmax>52</xmax>
            <ymax>211</ymax>
        </bndbox>
    </object>
    <object>
        <name>lego</name>
        <difficult>0</difficult>
        <bndbox>
            <xmin>134</xmin>
            <ymin>83</ymin>
            <xmax>299</xmax>
            <ymax>163</ymax>
        </bndbox>
    </object>
</annotation>