<?xml version='1.0' encoding='utf-8'?>
<annotation>
    <folder>BrickRay</folder>
    <filename>0a8b4794-d94f-11eb-8b0a-b0c090bd3910.jpg</filename>
    <size>
        <width>600</width>
        <height>600</height>
        <depth>3</depth>
    </size>
    <object>
        <name>lego</name>
        <difficult>0</difficult>
        <bndbox>
            <xmin>376</xmin>
            <ymin>452</ymin>
            <xmax>416</xmax>
            <ymax>476</ymax>
        </bndbox>
    </object>
    <object>
        <name>lego</name>
        <difficult>0</difficult>
        <bndbox>
            <xmin>274</xmin>
            <ymin>0</ymin>
            <xmax>287</xmax>
            <ymax>191</ymax>
        </bndbox>
    </object>
    <object>
        <name>lego</name>
        <difficult>0</difficult>
        <bndbox>
            <xmin>454</xmin>
            <ymin>536</ymin>
            <xmax>526</xmax>
            <ymax>600</ymax>
        </bndbox>
    </object>
    <object>
        <name>lego</name>
        <difficult>0</difficult>
        <bndbox>
            <xmin>58</xmin>
            <ymin>99</ymin>
            <xmax>110</xmax>
            <ymax>133</ymax>
        </bndbox>
    </object>
</annotation>