<?xml version='1.0' encoding='utf-8'?>
<annotation>
    <folder>BrickRay</folder>
    <filename>0a8bc1b6-e2ec-11eb-bdc7-b0c090bd3910.jpg</filename>
    <size>
        <width>600</width>
        <height>600</height>
        <depth>3</depth>
    </size>
    <object>
        <name>lego</name>
        <difficult>0</difficult>
        <bndbox>
            <xmin>404</xmin>
            <ymin>299</ymin>
            <xmax>487</xmax>
            <ymax>378</ymax>
        </bndbox>
    </object>
    <object>
        <name>lego</name>
        <difficult>0</difficult>
        <bndbox>
            <xmin>0</xmin>
            <ymin>316</ymin>
            <xmax>124</xmax>
            <ymax>410</ymax>
        </bndbox>
    </object>
    <object>
        <name>lego</name>
        <difficult>0</difficult>
        <bndbox>
            <xmin>295</xmin>
            <ymin>346</ymin>
            <xmax>399</xmax>
            <ymax>439</ymax>
        </bndbox>
    </object>
    <object>
        <name>lego</name>
        <difficult>0</difficult>
        <bndbox>
            <xmin>469</xmin>
            <ymin>138</ymin>
            <xmax>600</xmax>
            <ymax>245</ymax>
        </bndbox>
    </object>
</annotation>