<?xml version='1.0' encoding='utf-8'?>
<annotation>
    <folder>BrickRay</folder>
    <filename>0a8c0a0c-da1b-11eb-8221-3497f683a169.jpg</filename>
    <size>
        <width>600</width>
        <height>600</height>
        <depth>3</depth>
    </size>
    <object>
        <name>lego</name>
        <difficult>0</difficult>
        <bndbox>
            <xmin>469</xmin>
            <ymin>291</ymin>
            <xmax>553</xmax>
            <ymax>424</ymax>
        </bndbox>
    </object>
    <object>
        <name>lego</name>
        <difficult>0</difficult>
        <bndbox>
            <xmin>435</xmin>
            <ymin>0</ymin>
            <xmax>521</xmax>
            <ymax>34</ymax>
        </bndbox>
    </object>
    <object>
        <name>lego</name>
        <difficult>0</difficult>
        <bndbox>
            <xmin>356</xmin>
            <ymin>395</ymin>
            <xmax>496</xmax>
            <ymax>599</ymax>
        </bndbox>
    </object>
    <object>
        <name>lego</name>
        <difficult>0</difficult>
        <bndbox>
            <xmin>39</xmin>
            <ymin>233</ymin>
            <xmax>117</xmax>
            <ymax>299</ymax>
        </bndbox>
    </object>
</annotation>