<?xml version='1.0' encoding='utf-8'?>
<annotation>
    <folder>BrickRay</folder>
    <filename>0a8c8a7e-e7b7-11eb-8aa5-b0c090bd3910.jpg</filename>
    <size>
        <width>300</width>
        <height>300</height>
        <depth>3</depth>
    </size>
    <object>
        <name>lego</name>
        <difficult>0</difficult>
        <bndbox>
            <xmin>248</xmin>
            <ymin>151</ymin>
            <xmax>300</xmax>
            <ymax>224</ymax>
        </bndbox>
    </object>
    <object>
        <name>lego</name>
        <difficult>0</difficult>
        <bndbox>
            <xmin>0</xmin>
            <ymin>64</ymin>
            <xmax>36</xmax>
            <ymax>156</ymax>
        </bndbox>
    </object>
</annotation>