<?xml version='1.0' encoding='utf-8'?>
<annotation>
    <folder>BrickRay</folder>
    <filename>0a8d1902-d9bf-11eb-95c3-3497f683a169.jpg</filename>
    <size>
        <width>600</width>
        <height>600</height>
        <depth>3</depth>
    </size>
    <object>
        <name>lego</name>
        <difficult>0</difficult>
        <bndbox>
            <xmin>404</xmin>
            <ymin>52</ymin>
            <xmax>503</xmax>
            <ymax>159</ymax>
        </bndbox>
    </object>
    <object>
        <name>lego</name>
        <difficult>0</difficult>
        <bndbox>
            <xmin>189</xmin>
            <ymin>365</ymin>
            <xmax>415</xmax>
            <ymax>537</ymax>
        </bndbox>
    </object>
    <object>
        <name>lego</name>
        <difficult>0</difficult>
        <bndbox>
            <xmin>504</xmin>
            <ymin>356</ymin>
            <xmax>600</xmax>
            <ymax>443</ymax>
        </bndbox>
    </object>
    <object>
        <name>lego</name>
        <difficult>0</difficult>
        <bndbox>
            <xmin>0</xmin>
            <ymin>154</ymin>
            <xmax>110</xmax>
            <ymax>253</ymax>
        </bndbox>
    </object>
</annotation>