<?xml version='1.0' encoding='utf-8'?>
<annotation>
    <folder>BrickRay</folder>
    <filename>0a8d6e12-e2f7-11eb-9459-b0c090bd3910.jpg</filename>
    <size>
        <width>600</width>
        <height>600</height>
        <depth>3</depth>
    </size>
    <object>
        <name>lego</name>
        <difficult>0</difficult>
        <bndbox>
            <xmin>500</xmin>
            <ymin>342</ymin>
            <xmax>600</xmax>
            <ymax>458</ymax>
        </bndbox>
    </object>
    <object>
        <name>lego</name>
        <difficult>0</difficult>
        <bndbox>
            <xmin>191</xmin>
            <ymin>217</ymin>
            <xmax>274</xmax>
            <ymax>291</ymax>
        </bndbox>
    </object>
    <object>
        <name>lego</name>
        <difficult>0</difficult>
        <bndbox>
            <xmin>0</xmin>
            <ymin>250</ymin>
            <xmax>143</xmax>
            <ymax>332</ymax>
        </bndbox>
    </object>
    <object>
        <name>lego</name>
        <difficult>0</difficult>
        <bndbox>
            <xmin>140</xmin>
            <ymin>97</ymin>
            <xmax>300</xmax>
            <ymax>251</ymax>
        </bndbox>
    </object>
</annotation>