<?xml version='1.0' encoding='utf-8'?>
<annotation>
    <folder>BrickRay</folder>
    <filename>0a8d1b1c-e694-11eb-ab3d-b0c090bd3910.jpg</filename>
    <size>
        <width>300</width>
        <height>300</height>
        <depth>3</depth>
    </size>
    <object>
        <name>lego</name>
        <difficult>0</difficult>
        <bndbox>
            <xmin>36</xmin>
            <ymin>0</ymin>
            <xmax>135</xmax>
            <ymax>240</ymax>
        </bndbox>
    </object>
    <object>
        <name>lego</name>
        <difficult>0</difficult>
        <bndbox>
            <xmin>211</xmin>
            <ymin>237</ymin>
            <xmax>276</xmax>
            <ymax>300</ymax>
        </bndbox>
    </object>
</annotation>