<?xml version='1.0' encoding='utf-8'?>
<annotation>
    <folder>BrickRay</folder>
    <filename>0a8de642-db42-11eb-9b64-3497f683a169.jpg</filename>
    <size>
        <width>600</width>
        <height>600</height>
        <depth>3</depth>
    </size>
    <object>
        <name>lego</name>
        <difficult>0</difficult>
        <bndbox>
            <xmin>412</xmin>
            <ymin>445</ymin>
            <xmax>560</xmax>
            <ymax>519</ymax>
        </bndbox>
    </object>
    <object>
        <name>lego</name>
        <difficult>0</difficult>
        <bndbox>
            <xmin>12</xmin>
            <ymin>379</ymin>
            <xmax>86</xmax>
            <ymax>417</ymax>
        </bndbox>
    </object>
    <object>
        <name>lego</name>
        <difficult>0</difficult>
        <bndbox>
            <xmin>396</xmin>
            <ymin>289</ymin>
            <xmax>599</xmax>
            <ymax>389</ymax>
        </bndbox>
    </object>
    <object>
        <name>lego</name>
        <difficult>0</difficult>
        <bndbox>
            <xmin>0</xmin>
            <ymin>68</ymin>
            <xmax>164</xmax>
            <ymax>171</ymax>
        </bndbox>
    </object>
</annotation>