<?xml version='1.0' encoding='utf-8'?>
<annotation>
    <folder>BrickRay</folder>
    <filename>0a8d5b10-e4bd-11eb-bd57-b0c090bd3910.jpg</filename>
    <size>
        <width>600</width>
        <height>600</height>
        <depth>3</depth>
    </size>
    <object>
        <name>lego</name>
        <difficult>0</difficult>
        <bndbox>
            <xmin>534</xmin>
            <ymin>24</ymin>
            <xmax>600</xmax>
            <ymax>123</ymax>
        </bndbox>
    </object>
    <object>
        <name>lego</name>
        <difficult>0</difficult>
        <bndbox>
            <xmin>444</xmin>
            <ymin>198</ymin>
            <xmax>566</xmax>
            <ymax>326</ymax>
        </bndbox>
    </object>
    <object>
        <name>lego</name>
        <difficult>0</difficult>
        <bndbox>
            <xmin>243</xmin>
            <ymin>389</ymin>
            <xmax>366</xmax>
            <ymax>569</ymax>
        </bndbox>
    </object>
    <object>
        <name>lego</name>
        <difficult>0</difficult>
        <bndbox>
            <xmin>0</xmin>
            <ymin>159</ymin>
            <xmax>65</xmax>
            <ymax>230</ymax>
        </bndbox>
    </object>
</annotation>