<?xml version='1.0' encoding='utf-8'?>
<annotation>
    <folder>BrickRay</folder>
    <filename>0a8d6314-d9df-11eb-95b1-3497f683a169.jpg</filename>
    <size>
        <width>600</width>
        <height>600</height>
        <depth>3</depth>
    </size>
    <object>
        <name>lego</name>
        <difficult>0</difficult>
        <bndbox>
            <xmin>0</xmin>
            <ymin>378</ymin>
            <xmax>82</xmax>
            <ymax>458</ymax>
        </bndbox>
    </object>
    <object>
        <name>lego</name>
        <difficult>0</difficult>
        <bndbox>
            <xmin>195</xmin>
            <ymin>149</ymin>
            <xmax>253</xmax>
            <ymax>206</ymax>
        </bndbox>
    </object>
    <object>
        <name>lego</name>
        <difficult>0</difficult>
        <bndbox>
            <xmin>466</xmin>
            <ymin>292</ymin>
            <xmax>599</xmax>
            <ymax>416</ymax>
        </bndbox>
    </object>
    <object>
        <name>lego</name>
        <difficult>0</difficult>
        <bndbox>
            <xmin>370</xmin>
            <ymin>103</ymin>
            <xmax>441</xmax>
            <ymax>168</ymax>
        </bndbox>
    </object>
</annotation>