<?xml version='1.0' encoding='utf-8'?>
<annotation>
    <folder>BrickRay</folder>
    <filename>0a8d8b9e-da56-11eb-89d0-3497f683a169.jpg</filename>
    <size>
        <width>600</width>
        <height>600</height>
        <depth>3</depth>
    </size>
    <object>
        <name>lego</name>
        <difficult>0</difficult>
        <bndbox>
            <xmin>210</xmin>
            <ymin>0</ymin>
            <xmax>291</xmax>
            <ymax>52</ymax>
        </bndbox>
    </object>
    <object>
        <name>lego</name>
        <difficult>0</difficult>
        <bndbox>
            <xmin>73</xmin>
            <ymin>301</ymin>
            <xmax>176</xmax>
            <ymax>409</ymax>
        </bndbox>
    </object>
    <object>
        <name>lego</name>
        <difficult>0</difficult>
        <bndbox>
            <xmin>382</xmin>
            <ymin>512</ymin>
            <xmax>519</xmax>
            <ymax>600</ymax>
        </bndbox>
    </object>
    <object>
        <name>lego</name>
        <difficult>0</difficult>
        <bndbox>
            <xmin>271</xmin>
            <ymin>13</ymin>
            <xmax>326</xmax>
            <ymax>54</ymax>
        </bndbox>
    </object>
</annotation>