<?xml version='1.0' encoding='utf-8'?>
<annotation>
    <folder>BrickRay</folder>
    <filename>0a8e733a-e493-11eb-bd0c-b0c090bd3910.jpg</filename>
    <size>
        <width>600</width>
        <height>600</height>
        <depth>3</depth>
    </size>
    <object>
        <name>lego</name>
        <difficult>0</difficult>
        <bndbox>
            <xmin>227</xmin>
            <ymin>244</ymin>
            <xmax>292</xmax>
            <ymax>289</ymax>
        </bndbox>
    </object>
    <object>
        <name>lego</name>
        <difficult>0</difficult>
        <bndbox>
            <xmin>203</xmin>
            <ymin>392</ymin>
            <xmax>278</xmax>
            <ymax>460</ymax>
        </bndbox>
    </object>
    <object>
        <name>lego</name>
        <difficult>0</difficult>
        <bndbox>
            <xmin>504</xmin>
            <ymin>117</ymin>
            <xmax>600</xmax>
            <ymax>154</ymax>
        </bndbox>
    </object>
    <object>
        <name>lego</name>
        <difficult>0</difficult>
        <bndbox>
            <xmin>0</xmin>
            <ymin>307</ymin>
            <xmax>218</xmax>
            <ymax>367</ymax>
        </bndbox>
    </object>
</annotation>