<?xml version='1.0' encoding='utf-8'?>
<annotation>
    <folder>BrickRay</folder>
    <filename>0a8eacf6-e7b1-11eb-a439-b0c090bd3910.jpg</filename>
    <size>
        <width>300</width>
        <height>300</height>
        <depth>3</depth>
    </size>
    <object>
        <name>lego</name>
        <difficult>0</difficult>
        <bndbox>
            <xmin>42</xmin>
            <ymin>65</ymin>
            <xmax>255</xmax>
            <ymax>299</ymax>
        </bndbox>
    </object>
    <object>
        <name>lego</name>
        <difficult>0</difficult>
        <bndbox>
            <xmin>24</xmin>
            <ymin>0</ymin>
            <xmax>145</xmax>
            <ymax>88</ymax>
        </bndbox>
    </object>
</annotation>