<?xml version='1.0' encoding='utf-8'?>
<annotation>
    <folder>BrickRay</folder>
    <filename>0a8e581e-db59-11eb-ba6a-3497f683a169.jpg</filename>
    <size>
        <width>600</width>
        <height>600</height>
        <depth>3</depth>
    </size>
    <object>
        <name>lego</name>
        <difficult>0</difficult>
        <bndbox>
            <xmin>59</xmin>
            <ymin>0</ymin>
            <xmax>139</xmax>
            <ymax>111</ymax>
        </bndbox>
    </object>
    <object>
        <name>lego</name>
        <difficult>0</difficult>
        <bndbox>
            <xmin>1</xmin>
            <ymin>152</ymin>
            <xmax>357</xmax>
            <ymax>599</ymax>
        </bndbox>
    </object>
    <object>
        <name>lego</name>
        <difficult>0</difficult>
        <bndbox>
            <xmin>356</xmin>
            <ymin>116</ymin>
            <xmax>423</xmax>
            <ymax>223</ymax>
        </bndbox>
    </object>
    <object>
        <name>lego</name>
        <difficult>0</difficult>
        <bndbox>
            <xmin>534</xmin>
            <ymin>120</ymin>
            <xmax>598</xmax>
            <ymax>206</ymax>
        </bndbox>
    </object>
</annotation>