<?xml version='1.0' encoding='utf-8'?>
<annotation>
    <folder>BrickRay</folder>
    <filename>0a8f2810-da2b-11eb-93b2-3497f683a169.jpg</filename>
    <size>
        <width>600</width>
        <height>600</height>
        <depth>3</depth>
    </size>
    <object>
        <name>lego</name>
        <difficult>0</difficult>
        <bndbox>
            <xmin>0</xmin>
            <ymin>390</ymin>
            <xmax>118</xmax>
            <ymax>500</ymax>
        </bndbox>
    </object>
    <object>
        <name>lego</name>
        <difficult>0</difficult>
        <bndbox>
            <xmin>363</xmin>
            <ymin>56</ymin>
            <xmax>445</xmax>
            <ymax>543</ymax>
        </bndbox>
    </object>
    <object>
        <name>lego</name>
        <difficult>0</difficult>
        <bndbox>
            <xmin>432</xmin>
            <ymin>482</ymin>
            <xmax>600</xmax>
            <ymax>594</ymax>
        </bndbox>
    </object>
    <object>
        <name>lego</name>
        <difficult>0</difficult>
        <bndbox>
            <xmin>36</xmin>
            <ymin>4</ymin>
            <xmax>150</xmax>
            <ymax>150</ymax>
        </bndbox>
    </object>
</annotation>