<?xml version='1.0' encoding='utf-8'?>
<annotation>
    <folder>BrickRay</folder>
    <filename>0a902076-e5bd-11eb-a1a3-b0c090bd3910.jpg</filename>
    <size>
        <width>300</width>
        <height>300</height>
        <depth>3</depth>
    </size>
    <object>
        <name>lego</name>
        <difficult>0</difficult>
        <bndbox>
            <xmin>0</xmin>
            <ymin>47</ymin>
            <xmax>299</xmax>
            <ymax>284</ymax>
        </bndbox>
    </object>
    <object>
        <name>lego</name>
        <difficult>0</difficult>
        <bndbox>
            <xmin>59</xmin>
            <ymin>9</ymin>
            <xmax>242</xmax>
            <ymax>146</ymax>
        </bndbox>
    </object>
</annotation>