<?xml version='1.0' encoding='utf-8'?>
<annotation>
    <folder>BrickRay</folder>
    <filename>0a901390-d951-11eb-b38e-b0c090bd3910.jpg</filename>
    <size>
        <width>600</width>
        <height>600</height>
        <depth>3</depth>
    </size>
    <object>
        <name>lego</name>
        <difficult>0</difficult>
        <bndbox>
            <xmin>165</xmin>
            <ymin>217</ymin>
            <xmax>222</xmax>
            <ymax>261</ymax>
        </bndbox>
    </object>
    <object>
        <name>lego</name>
        <difficult>0</difficult>
        <bndbox>
            <xmin>0</xmin>
            <ymin>236</ymin>
            <xmax>203</xmax>
            <ymax>364</ymax>
        </bndbox>
    </object>
    <object>
        <name>lego</name>
        <difficult>0</difficult>
        <bndbox>
            <xmin>548</xmin>
            <ymin>200</ymin>
            <xmax>600</xmax>
            <ymax>231</ymax>
        </bndbox>
    </object>
    <object>
        <name>lego</name>
        <difficult>0</difficult>
        <bndbox>
            <xmin>370</xmin>
            <ymin>193</ymin>
            <xmax>472</xmax>
            <ymax>384</ymax>
        </bndbox>
    </object>
</annotation>