<?xml version='1.0' encoding='utf-8'?>
<annotation>
    <folder>BrickRay</folder>
    <filename>0a911db8-e5d6-11eb-9c83-b0c090bd3910.jpg</filename>
    <size>
        <width>300</width>
        <height>300</height>
        <depth>3</depth>
    </size>
    <object>
        <name>lego</name>
        <difficult>0</difficult>
        <bndbox>
            <xmin>45</xmin>
            <ymin>179</ymin>
            <xmax>176</xmax>
            <ymax>270</ymax>
        </bndbox>
    </object>
    <object>
        <name>lego</name>
        <difficult>0</difficult>
        <bndbox>
            <xmin>180</xmin>
            <ymin>0</ymin>
            <xmax>270</xmax>
            <ymax>300</ymax>
        </bndbox>
    </object>
</annotation>