<?xml version='1.0' encoding='utf-8'?>
<annotation>
    <folder>BrickRay</folder>
    <filename>0a91e1ee-e5c8-11eb-b5f6-b0c090bd3910.jpg</filename>
    <size>
        <width>300</width>
        <height>300</height>
        <depth>3</depth>
    </size>
    <object>
        <name>lego</name>
        <difficult>0</difficult>
        <bndbox>
            <xmin>109</xmin>
            <ymin>188</ymin>
            <xmax>244</xmax>
            <ymax>299</ymax>
        </bndbox>
    </object>
    <object>
        <name>lego</name>
        <difficult>0</difficult>
        <bndbox>
            <xmin>72</xmin>
            <ymin>0</ymin>
            <xmax>218</xmax>
            <ymax>211</ymax>
        </bndbox>
    </object>
</annotation>