<?xml version='1.0' encoding='utf-8'?>
<annotation>
    <folder>BrickRay</folder>
    <filename>0a920138-e7a2-11eb-bade-b0c090bd3910.jpg</filename>
    <size>
        <width>300</width>
        <height>300</height>
        <depth>3</depth>
    </size>
    <object>
        <name>lego</name>
        <difficult>0</difficult>
        <bndbox>
            <xmin>32</xmin>
            <ymin>189</ymin>
            <xmax>136</xmax>
            <ymax>299</ymax>
        </bndbox>
    </object>
    <object>
        <name>lego</name>
        <difficult>0</difficult>
        <bndbox>
            <xmin>84</xmin>
            <ymin>0</ymin>
            <xmax>269</xmax>
            <ymax>170</ymax>
        </bndbox>
    </object>
</annotation>