<?xml version='1.0' encoding='utf-8'?>
<annotation>
    <folder>BrickRay</folder>
    <filename>0a928dc6-e5db-11eb-8342-b0c090bd3910.jpg</filename>
    <size>
        <width>300</width>
        <height>300</height>
        <depth>3</depth>
    </size>
    <object>
        <name>lego</name>
        <difficult>0</difficult>
        <bndbox>
            <xmin>111</xmin>
            <ymin>65</ymin>
            <xmax>171</xmax>
            <ymax>153</ymax>
        </bndbox>
    </object>
    <object>
        <name>lego</name>
        <difficult>0</difficult>
        <bndbox>
            <xmin>28</xmin>
            <ymin>0</ymin>
            <xmax>270</xmax>
            <ymax>300</ymax>
        </bndbox>
    </object>
</annotation>