<?xml version='1.0' encoding='utf-8'?>
<annotation>
    <folder>BrickRay</folder>
    <filename>0a92d246-e3c1-11eb-8c68-b0c090bd3910.jpg</filename>
    <size>
        <width>600</width>
        <height>600</height>
        <depth>3</depth>
    </size>
    <object>
        <name>lego</name>
        <difficult>0</difficult>
        <bndbox>
            <xmin>345</xmin>
            <ymin>302</ymin>
            <xmax>599</xmax>
            <ymax>546</ymax>
        </bndbox>
    </object>
    <object>
        <name>lego</name>
        <difficult>0</difficult>
        <bndbox>
            <xmin>181</xmin>
            <ymin>68</ymin>
            <xmax>324</xmax>
            <ymax>194</ymax>
        </bndbox>
    </object>
    <object>
        <name>lego</name>
        <difficult>0</difficult>
        <bndbox>
            <xmin>184</xmin>
            <ymin>78</ymin>
            <xmax>259</xmax>
            <ymax>134</ymax>
        </bndbox>
    </object>
    <object>
        <name>lego</name>
        <difficult>0</difficult>
        <bndbox>
            <xmin>0</xmin>
            <ymin>28</ymin>
            <xmax>103</xmax>
            <ymax>82</ymax>
        </bndbox>
    </object>
</annotation>