<?xml version='1.0' encoding='utf-8'?>
<annotation>
    <folder>BrickRay</folder>
    <filename>0a922a92-da51-11eb-bd0f-3497f683a169.jpg</filename>
    <size>
        <width>600</width>
        <height>600</height>
        <depth>3</depth>
    </size>
    <object>
        <name>lego</name>
        <difficult>0</difficult>
        <bndbox>
            <xmin>491</xmin>
            <ymin>147</ymin>
            <xmax>600</xmax>
            <ymax>236</ymax>
        </bndbox>
    </object>
    <object>
        <name>lego</name>
        <difficult>0</difficult>
        <bndbox>
            <xmin>0</xmin>
            <ymin>278</ymin>
            <xmax>207</xmax>
            <ymax>564</ymax>
        </bndbox>
    </object>
    <object>
        <name>lego</name>
        <difficult>0</difficult>
        <bndbox>
            <xmin>451</xmin>
            <ymin>26</ymin>
            <xmax>495</xmax>
            <ymax>79</ymax>
        </bndbox>
    </object>
    <object>
        <name>lego</name>
        <difficult>0</difficult>
        <bndbox>
            <xmin>503</xmin>
            <ymin>281</ymin>
            <xmax>540</xmax>
            <ymax>338</ymax>
        </bndbox>
    </object>
</annotation>