<?xml version='1.0' encoding='utf-8'?>
<annotation>
    <folder>BrickRay</folder>
    <filename>0a93db7a-e4b3-11eb-ae8d-b0c090bd3910.jpg</filename>
    <size>
        <width>600</width>
        <height>600</height>
        <depth>3</depth>
    </size>
    <object>
        <name>lego</name>
        <difficult>0</difficult>
        <bndbox>
            <xmin>323</xmin>
            <ymin>132</ymin>
            <xmax>382</xmax>
            <ymax>245</ymax>
        </bndbox>
    </object>
    <object>
        <name>lego</name>
        <difficult>0</difficult>
        <bndbox>
            <xmin>476</xmin>
            <ymin>323</ymin>
            <xmax>600</xmax>
            <ymax>437</ymax>
        </bndbox>
    </object>
    <object>
        <name>lego</name>
        <difficult>0</difficult>
        <bndbox>
            <xmin>172</xmin>
            <ymin>185</ymin>
            <xmax>320</xmax>
            <ymax>349</ymax>
        </bndbox>
    </object>
    <object>
        <name>lego</name>
        <difficult>0</difficult>
        <bndbox>
            <xmin>0</xmin>
            <ymin>272</ymin>
            <xmax>148</xmax>
            <ymax>462</ymax>
        </bndbox>
    </object>
</annotation>