<?xml version='1.0' encoding='utf-8'?>
<annotation>
    <folder>BrickRay</folder>
    <filename>0a93c186-e7d3-11eb-9a70-b0c090bd3910.jpg</filename>
    <size>
        <width>300</width>
        <height>300</height>
        <depth>3</depth>
    </size>
    <object>
        <name>lego</name>
        <difficult>0</difficult>
        <bndbox>
            <xmin>0</xmin>
            <ymin>179</ymin>
            <xmax>81</xmax>
            <ymax>249</ymax>
        </bndbox>
    </object>
    <object>
        <name>lego</name>
        <difficult>0</difficult>
        <bndbox>
            <xmin>207</xmin>
            <ymin>32</ymin>
            <xmax>299</xmax>
            <ymax>98</ymax>
        </bndbox>
    </object>
</annotation>