<?xml version='1.0' encoding='utf-8'?>
<annotation>
    <folder>BrickRay</folder>
    <filename>0a935dec-e67e-11eb-a54d-b0c090bd3910.jpg</filename>
    <size>
        <width>300</width>
        <height>300</height>
        <depth>3</depth>
    </size>
    <object>
        <name>lego</name>
        <difficult>0</difficult>
        <bndbox>
            <xmin>0</xmin>
            <ymin>91</ymin>
            <xmax>238</xmax>
            <ymax>182</ymax>
        </bndbox>
    </object>
    <object>
        <name>lego</name>
        <difficult>0</difficult>
        <bndbox>
            <xmin>270</xmin>
            <ymin>171</ymin>
            <xmax>299</xmax>
            <ymax>205</ymax>
        </bndbox>
    </object>
</annotation>