<?xml version='1.0' encoding='utf-8'?>
<annotation>
    <folder>BrickRay</folder>
    <filename>0a940a7e-daf9-11eb-890c-3497f683a169.jpg</filename>
    <size>
        <width>600</width>
        <height>600</height>
        <depth>3</depth>
    </size>
    <object>
        <name>lego</name>
        <difficult>0</difficult>
        <bndbox>
            <xmin>392</xmin>
            <ymin>194</ymin>
            <xmax>441</xmax>
            <ymax>281</ymax>
        </bndbox>
    </object>
    <object>
        <name>lego</name>
        <difficult>0</difficult>
        <bndbox>
            <xmin>0</xmin>
            <ymin>80</ymin>
            <xmax>67</xmax>
            <ymax>147</ymax>
        </bndbox>
    </object>
    <object>
        <name>lego</name>
        <difficult>0</difficult>
        <bndbox>
            <xmin>411</xmin>
            <ymin>70</ymin>
            <xmax>471</xmax>
            <ymax>121</ymax>
        </bndbox>
    </object>
    <object>
        <name>lego</name>
        <difficult>0</difficult>
        <bndbox>
            <xmin>543</xmin>
            <ymin>439</ymin>
            <xmax>599</xmax>
            <ymax>499</ymax>
        </bndbox>
    </object>
</annotation>