<?xml version='1.0' encoding='utf-8'?>
<annotation>
    <folder>BrickRay</folder>
    <filename>0a943cc6-e5bf-11eb-9077-b0c090bd3910.jpg</filename>
    <size>
        <width>300</width>
        <height>300</height>
        <depth>3</depth>
    </size>
    <object>
        <name>lego</name>
        <difficult>0</difficult>
        <bndbox>
            <xmin>187</xmin>
            <ymin>0</ymin>
            <xmax>252</xmax>
            <ymax>117</ymax>
        </bndbox>
    </object>
    <object>
        <name>lego</name>
        <difficult>0</difficult>
        <bndbox>
            <xmin>50</xmin>
            <ymin>191</ymin>
            <xmax>163</xmax>
            <ymax>300</ymax>
        </bndbox>
    </object>
</annotation>