<?xml version='1.0' encoding='utf-8'?>
<annotation>
    <folder>BrickRay</folder>
    <filename>0a95e064-e2ef-11eb-b350-b0c090bd3910.jpg</filename>
    <size>
        <width>600</width>
        <height>600</height>
        <depth>3</depth>
    </size>
    <object>
        <name>lego</name>
        <difficult>0</difficult>
        <bndbox>
            <xmin>76</xmin>
            <ymin>0</ymin>
            <xmax>240</xmax>
            <ymax>111</ymax>
        </bndbox>
    </object>
    <object>
        <name>lego</name>
        <difficult>0</difficult>
        <bndbox>
            <xmin>363</xmin>
            <ymin>79</ymin>
            <xmax>443</xmax>
            <ymax>131</ymax>
        </bndbox>
    </object>
    <object>
        <name>lego</name>
        <difficult>0</difficult>
        <bndbox>
            <xmin>136</xmin>
            <ymin>131</ymin>
            <xmax>192</xmax>
            <ymax>180</ymax>
        </bndbox>
    </object>
    <object>
        <name>lego</name>
        <difficult>0</difficult>
        <bndbox>
            <xmin>382</xmin>
            <ymin>456</ymin>
            <xmax>483</xmax>
            <ymax>600</ymax>
        </bndbox>
    </object>
</annotation>