<?xml version='1.0' encoding='utf-8'?>
<annotation>
    <folder>BrickRay</folder>
    <filename>0a95af78-e46d-11eb-abfc-b0c090bd3910.jpg</filename>
    <size>
        <width>600</width>
        <height>600</height>
        <depth>3</depth>
    </size>
    <object>
        <name>lego</name>
        <difficult>0</difficult>
        <bndbox>
            <xmin>413</xmin>
            <ymin>178</ymin>
            <xmax>493</xmax>
            <ymax>256</ymax>
        </bndbox>
    </object>
    <object>
        <name>lego</name>
        <difficult>0</difficult>
        <bndbox>
            <xmin>15</xmin>
            <ymin>106</ymin>
            <xmax>87</xmax>
            <ymax>187</ymax>
        </bndbox>
    </object>
    <object>
        <name>lego</name>
        <difficult>0</difficult>
        <bndbox>
            <xmin>467</xmin>
            <ymin>318</ymin>
            <xmax>600</xmax>
            <ymax>474</ymax>
        </bndbox>
    </object>
    <object>
        <name>lego</name>
        <difficult>0</difficult>
        <bndbox>
            <xmin>0</xmin>
            <ymin>318</ymin>
            <xmax>92</xmax>
            <ymax>407</ymax>
        </bndbox>
    </object>
</annotation>