<?xml version='1.0' encoding='utf-8'?>
<annotation>
    <folder>BrickRay</folder>
    <filename>0a96b8ca-dad7-11eb-8d0a-3497f683a169.jpg</filename>
    <size>
        <width>600</width>
        <height>600</height>
        <depth>3</depth>
    </size>
    <object>
        <name>lego</name>
        <difficult>0</difficult>
        <bndbox>
            <xmin>0</xmin>
            <ymin>201</ymin>
            <xmax>313</xmax>
            <ymax>448</ymax>
        </bndbox>
    </object>
    <object>
        <name>lego</name>
        <difficult>0</difficult>
        <bndbox>
            <xmin>125</xmin>
            <ymin>262</ymin>
            <xmax>235</xmax>
            <ymax>372</ymax>
        </bndbox>
    </object>
    <object>
        <name>lego</name>
        <difficult>0</difficult>
        <bndbox>
            <xmin>531</xmin>
            <ymin>347</ymin>
            <xmax>600</xmax>
            <ymax>399</ymax>
        </bndbox>
    </object>
    <object>
        <name>lego</name>
        <difficult>0</difficult>
        <bndbox>
            <xmin>261</xmin>
            <ymin>132</ymin>
            <xmax>362</xmax>
            <ymax>271</ymax>
        </bndbox>
    </object>
</annotation>