<?xml version='1.0' encoding='utf-8'?>
<annotation>
    <folder>BrickRay</folder>
    <filename>0a97aa2e-da30-11eb-adf6-3497f683a169.jpg</filename>
    <size>
        <width>600</width>
        <height>600</height>
        <depth>3</depth>
    </size>
    <object>
        <name>lego</name>
        <difficult>0</difficult>
        <bndbox>
            <xmin>136</xmin>
            <ymin>234</ymin>
            <xmax>259</xmax>
            <ymax>314</ymax>
        </bndbox>
    </object>
    <object>
        <name>lego</name>
        <difficult>0</difficult>
        <bndbox>
            <xmin>294</xmin>
            <ymin>100</ymin>
            <xmax>349</xmax>
            <ymax>183</ymax>
        </bndbox>
    </object>
    <object>
        <name>lego</name>
        <difficult>0</difficult>
        <bndbox>
            <xmin>117</xmin>
            <ymin>430</ymin>
            <xmax>281</xmax>
            <ymax>600</ymax>
        </bndbox>
    </object>
    <object>
        <name>lego</name>
        <difficult>0</difficult>
        <bndbox>
            <xmin>443</xmin>
            <ymin>0</ymin>
            <xmax>498</xmax>
            <ymax>47</ymax>
        </bndbox>
    </object>
</annotation>