<?xml version='1.0' encoding='utf-8'?>
<annotation>
    <folder>BrickRay</folder>
    <filename>0a9841d4-daef-11eb-91f0-3497f683a169.jpg</filename>
    <size>
        <width>600</width>
        <height>600</height>
        <depth>3</depth>
    </size>
    <object>
        <name>lego</name>
        <difficult>0</difficult>
        <bndbox>
            <xmin>502</xmin>
            <ymin>184</ymin>
            <xmax>599</xmax>
            <ymax>247</ymax>
        </bndbox>
    </object>
    <object>
        <name>lego</name>
        <difficult>0</difficult>
        <bndbox>
            <xmin>0</xmin>
            <ymin>228</ymin>
            <xmax>349</xmax>
            <ymax>482</ymax>
        </bndbox>
    </object>
    <object>
        <name>lego</name>
        <difficult>0</difficult>
        <bndbox>
            <xmin>260</xmin>
            <ymin>157</ymin>
            <xmax>565</xmax>
            <ymax>409</ymax>
        </bndbox>
    </object>
    <object>
        <name>lego</name>
        <difficult>0</difficult>
        <bndbox>
            <xmin>309</xmin>
            <ymin>91</ymin>
            <xmax>443</xmax>
            <ymax>185</ymax>
        </bndbox>
    </object>
</annotation>