<?xml version='1.0' encoding='utf-8'?>
<annotation>
    <folder>BrickRay</folder>
    <filename>0a98ea42-d93e-11eb-a670-b0c090bd3910.jpg</filename>
    <size>
        <width>600</width>
        <height>600</height>
        <depth>3</depth>
    </size>
    <object>
        <name>lego</name>
        <difficult>0</difficult>
        <bndbox>
            <xmin>231</xmin>
            <ymin>494</ymin>
            <xmax>330</xmax>
            <ymax>546</ymax>
        </bndbox>
    </object>
    <object>
        <name>lego</name>
        <difficult>0</difficult>
        <bndbox>
            <xmin>470</xmin>
            <ymin>37</ymin>
            <xmax>547</xmax>
            <ymax>84</ymax>
        </bndbox>
    </object>
    <object>
        <name>lego</name>
        <difficult>0</difficult>
        <bndbox>
            <xmin>0</xmin>
            <ymin>270</ymin>
            <xmax>136</xmax>
            <ymax>312</ymax>
        </bndbox>
    </object>
    <object>
        <name>lego</name>
        <difficult>0</difficult>
        <bndbox>
            <xmin>357</xmin>
            <ymin>218</ymin>
            <xmax>600</xmax>
            <ymax>266</ymax>
        </bndbox>
    </object>
</annotation>