<?xml version='1.0' encoding='utf-8'?>
<annotation>
    <folder>BrickRay</folder>
    <filename>0a98fdf6-da81-11eb-b188-3497f683a169.jpg</filename>
    <size>
        <width>600</width>
        <height>600</height>
        <depth>3</depth>
    </size>
    <object>
        <name>lego</name>
        <difficult>0</difficult>
        <bndbox>
            <xmin>335</xmin>
            <ymin>523</ymin>
            <xmax>400</xmax>
            <ymax>600</ymax>
        </bndbox>
    </object>
    <object>
        <name>lego</name>
        <difficult>0</difficult>
        <bndbox>
            <xmin>123</xmin>
            <ymin>0</ymin>
            <xmax>203</xmax>
            <ymax>50</ymax>
        </bndbox>
    </object>
    <object>
        <name>lego</name>
        <difficult>0</difficult>
        <bndbox>
            <xmin>287</xmin>
            <ymin>63</ymin>
            <xmax>321</xmax>
            <ymax>97</ymax>
        </bndbox>
    </object>
    <object>
        <name>lego</name>
        <difficult>0</difficult>
        <bndbox>
            <xmin>187</xmin>
            <ymin>393</ymin>
            <xmax>354</xmax>
            <ymax>494</ymax>
        </bndbox>
    </object>
</annotation>