<?xml version='1.0' encoding='utf-8'?>
<annotation>
    <folder>BrickRay</folder>
    <filename>0a9aa2d4-da0d-11eb-af31-3497f683a169.jpg</filename>
    <size>
        <width>600</width>
        <height>600</height>
        <depth>3</depth>
    </size>
    <object>
        <name>lego</name>
        <difficult>0</difficult>
        <bndbox>
            <xmin>81</xmin>
            <ymin>432</ymin>
            <xmax>234</xmax>
            <ymax>600</ymax>
        </bndbox>
    </object>
    <object>
        <name>lego</name>
        <difficult>0</difficult>
        <bndbox>
            <xmin>75</xmin>
            <ymin>431</ymin>
            <xmax>166</xmax>
            <ymax>516</ymax>
        </bndbox>
    </object>
    <object>
        <name>lego</name>
        <difficult>0</difficult>
        <bndbox>
            <xmin>501</xmin>
            <ymin>0</ymin>
            <xmax>542</xmax>
            <ymax>99</ymax>
        </bndbox>
    </object>
    <object>
        <name>lego</name>
        <difficult>0</difficult>
        <bndbox>
            <xmin>136</xmin>
            <ymin>439</ymin>
            <xmax>173</xmax>
            <ymax>566</ymax>
        </bndbox>
    </object>
</annotation>