<?xml version='1.0' encoding='utf-8'?>
<annotation>
    <folder>BrickRay</folder>
    <filename>0a9a5990-e68a-11eb-b234-b0c090bd3910.jpg</filename>
    <size>
        <width>300</width>
        <height>300</height>
        <depth>3</depth>
    </size>
    <object>
        <name>lego</name>
        <difficult>0</difficult>
        <bndbox>
            <xmin>189</xmin>
            <ymin>141</ymin>
            <xmax>256</xmax>
            <ymax>300</ymax>
        </bndbox>
    </object>
    <object>
        <name>lego</name>
        <difficult>0</difficult>
        <bndbox>
            <xmin>27</xmin>
            <ymin>0</ymin>
            <xmax>68</xmax>
            <ymax>44</ymax>
        </bndbox>
    </object>
</annotation>