<?xml version='1.0' encoding='utf-8'?>
<annotation>
    <folder>BrickRay</folder>
    <filename>0a9ae8ca-e66c-11eb-b184-b0c090bd3910.jpg</filename>
    <size>
        <width>300</width>
        <height>300</height>
        <depth>3</depth>
    </size>
    <object>
        <name>lego</name>
        <difficult>0</difficult>
        <bndbox>
            <xmin>138</xmin>
            <ymin>210</ymin>
            <xmax>214</xmax>
            <ymax>299</ymax>
        </bndbox>
    </object>
    <object>
        <name>lego</name>
        <difficult>0</difficult>
        <bndbox>
            <xmin>72</xmin>
            <ymin>0</ymin>
            <xmax>235</xmax>
            <ymax>196</ymax>
        </bndbox>
    </object>
</annotation>