<?xml version='1.0' encoding='utf-8'?>
<annotation>
    <folder>BrickRay</folder>
    <filename>0a9cb2d0-e7d1-11eb-b801-b0c090bd3910.jpg</filename>
    <size>
        <width>300</width>
        <height>300</height>
        <depth>3</depth>
    </size>
    <object>
        <name>lego</name>
        <difficult>0</difficult>
        <bndbox>
            <xmin>0</xmin>
            <ymin>37</ymin>
            <xmax>256</xmax>
            <ymax>245</ymax>
        </bndbox>
    </object>
    <object>
        <name>lego</name>
        <difficult>0</difficult>
        <bndbox>
            <xmin>221</xmin>
            <ymin>51</ymin>
            <xmax>300</xmax>
            <ymax>115</ymax>
        </bndbox>
    </object>
</annotation>