<?xml version='1.0' encoding='utf-8'?>
<annotation>
    <folder>BrickRay</folder>
    <filename>0a9c5700-e2e7-11eb-883e-b0c090bd3910.jpg</filename>
    <size>
        <width>600</width>
        <height>600</height>
        <depth>3</depth>
    </size>
    <object>
        <name>lego</name>
        <difficult>0</difficult>
        <bndbox>
            <xmin>33</xmin>
            <ymin>0</ymin>
            <xmax>94</xmax>
            <ymax>130</ymax>
        </bndbox>
    </object>
    <object>
        <name>lego</name>
        <difficult>0</difficult>
        <bndbox>
            <xmin>434</xmin>
            <ymin>424</ymin>
            <xmax>565</xmax>
            <ymax>600</ymax>
        </bndbox>
    </object>
    <object>
        <name>lego</name>
        <difficult>0</difficult>
        <bndbox>
            <xmin>42</xmin>
            <ymin>535</ymin>
            <xmax>85</xmax>
            <ymax>574</ymax>
        </bndbox>
    </object>
    <object>
        <name>lego</name>
        <difficult>0</difficult>
        <bndbox>
            <xmin>66</xmin>
            <ymin>86</ymin>
            <xmax>160</xmax>
            <ymax>153</ymax>
        </bndbox>
    </object>
</annotation>