<?xml version='1.0' encoding='utf-8'?>
<annotation>
    <folder>BrickRay</folder>
    <filename>0a9cbe50-d949-11eb-9514-b0c090bd3910.jpg</filename>
    <size>
        <width>600</width>
        <height>600</height>
        <depth>3</depth>
    </size>
    <object>
        <name>lego</name>
        <difficult>0</difficult>
        <bndbox>
            <xmin>445</xmin>
            <ymin>527</ymin>
            <xmax>595</xmax>
            <ymax>599</ymax>
        </bndbox>
    </object>
    <object>
        <name>lego</name>
        <difficult>0</difficult>
        <bndbox>
            <xmin>543</xmin>
            <ymin>69</ymin>
            <xmax>584</xmax>
            <ymax>140</ymax>
        </bndbox>
    </object>
    <object>
        <name>lego</name>
        <difficult>0</difficult>
        <bndbox>
            <xmin>482</xmin>
            <ymin>234</ymin>
            <xmax>526</xmax>
            <ymax>278</ymax>
        </bndbox>
    </object>
    <object>
        <name>lego</name>
        <difficult>0</difficult>
        <bndbox>
            <xmin>3</xmin>
            <ymin>0</ymin>
            <xmax>133</xmax>
            <ymax>52</ymax>
        </bndbox>
    </object>
</annotation>