<?xml version='1.0' encoding='utf-8'?>
<annotation>
    <folder>BrickRay</folder>
    <filename>0a9c8562-e494-11eb-afee-b0c090bd3910.jpg</filename>
    <size>
        <width>600</width>
        <height>600</height>
        <depth>3</depth>
    </size>
    <object>
        <name>lego</name>
        <difficult>0</difficult>
        <bndbox>
            <xmin>342</xmin>
            <ymin>132</ymin>
            <xmax>566</xmax>
            <ymax>185</ymax>
        </bndbox>
    </object>
    <object>
        <name>lego</name>
        <difficult>0</difficult>
        <bndbox>
            <xmin>37</xmin>
            <ymin>395</ymin>
            <xmax>242</xmax>
            <ymax>599</ymax>
        </bndbox>
    </object>
    <object>
        <name>lego</name>
        <difficult>0</difficult>
        <bndbox>
            <xmin>412</xmin>
            <ymin>312</ymin>
            <xmax>472</xmax>
            <ymax>413</ymax>
        </bndbox>
    </object>
    <object>
        <name>lego</name>
        <difficult>0</difficult>
        <bndbox>
            <xmin>41</xmin>
            <ymin>0</ymin>
            <xmax>200</xmax>
            <ymax>142</ymax>
        </bndbox>
    </object>
</annotation>