<?xml version='1.0' encoding='utf-8'?>
<annotation>
    <folder>BrickRay</folder>
    <filename>0a9d652c-e2f4-11eb-bfc0-b0c090bd3910.jpg</filename>
    <size>
        <width>600</width>
        <height>600</height>
        <depth>3</depth>
    </size>
    <object>
        <name>lego</name>
        <difficult>0</difficult>
        <bndbox>
            <xmin>308</xmin>
            <ymin>365</ymin>
            <xmax>507</xmax>
            <ymax>556</ymax>
        </bndbox>
    </object>
    <object>
        <name>lego</name>
        <difficult>0</difficult>
        <bndbox>
            <xmin>0</xmin>
            <ymin>35</ymin>
            <xmax>98</xmax>
            <ymax>114</ymax>
        </bndbox>
    </object>
    <object>
        <name>lego</name>
        <difficult>0</difficult>
        <bndbox>
            <xmin>460</xmin>
            <ymin>301</ymin>
            <xmax>508</xmax>
            <ymax>353</ymax>
        </bndbox>
    </object>
    <object>
        <name>lego</name>
        <difficult>0</difficult>
        <bndbox>
            <xmin>293</xmin>
            <ymin>135</ymin>
            <xmax>600</xmax>
            <ymax>416</ymax>
        </bndbox>
    </object>
</annotation>