<?xml version='1.0' encoding='utf-8'?>
<annotation>
    <folder>BrickRay</folder>
    <filename>0a9dbc90-d96e-11eb-b78d-b0c090bd3910.jpg</filename>
    <size>
        <width>600</width>
        <height>600</height>
        <depth>3</depth>
    </size>
    <object>
        <name>lego</name>
        <difficult>0</difficult>
        <bndbox>
            <xmin>436</xmin>
            <ymin>285</ymin>
            <xmax>496</xmax>
            <ymax>423</ymax>
        </bndbox>
    </object>
    <object>
        <name>lego</name>
        <difficult>0</difficult>
        <bndbox>
            <xmin>190</xmin>
            <ymin>305</ymin>
            <xmax>253</xmax>
            <ymax>359</ymax>
        </bndbox>
    </object>
    <object>
        <name>lego</name>
        <difficult>0</difficult>
        <bndbox>
            <xmin>120</xmin>
            <ymin>0</ymin>
            <xmax>145</xmax>
            <ymax>29</ymax>
        </bndbox>
    </object>
    <object>
        <name>lego</name>
        <difficult>0</difficult>
        <bndbox>
            <xmin>112</xmin>
            <ymin>535</ymin>
            <xmax>192</xmax>
            <ymax>600</ymax>
        </bndbox>
    </object>
</annotation>