<?xml version='1.0' encoding='utf-8'?>
<annotation>
    <folder>BrickRay</folder>
    <filename>0a9d9c1e-e7bb-11eb-8ace-b0c090bd3910.jpg</filename>
    <size>
        <width>300</width>
        <height>300</height>
        <depth>3</depth>
    </size>
    <object>
        <name>lego</name>
        <difficult>0</difficult>
        <bndbox>
            <xmin>85</xmin>
            <ymin>239</ymin>
            <xmax>149</xmax>
            <ymax>299</ymax>
        </bndbox>
    </object>
    <object>
        <name>lego</name>
        <difficult>0</difficult>
        <bndbox>
            <xmin>103</xmin>
            <ymin>0</ymin>
            <xmax>223</xmax>
            <ymax>170</ymax>
        </bndbox>
    </object>
</annotation>