<?xml version='1.0' encoding='utf-8'?>
<annotation>
    <folder>BrickRay</folder>
    <filename>0a9e580c-db10-11eb-9858-3497f683a169.jpg</filename>
    <size>
        <width>600</width>
        <height>600</height>
        <depth>3</depth>
    </size>
    <object>
        <name>lego</name>
        <difficult>0</difficult>
        <bndbox>
            <xmin>159</xmin>
            <ymin>63</ymin>
            <xmax>249</xmax>
            <ymax>143</ymax>
        </bndbox>
    </object>
    <object>
        <name>lego</name>
        <difficult>0</difficult>
        <bndbox>
            <xmin>0</xmin>
            <ymin>117</ymin>
            <xmax>205</xmax>
            <ymax>287</ymax>
        </bndbox>
    </object>
    <object>
        <name>lego</name>
        <difficult>0</difficult>
        <bndbox>
            <xmin>291</xmin>
            <ymin>250</ymin>
            <xmax>600</xmax>
            <ymax>522</ymax>
        </bndbox>
    </object>
    <object>
        <name>lego</name>
        <difficult>0</difficult>
        <bndbox>
            <xmin>267</xmin>
            <ymin>143</ymin>
            <xmax>357</xmax>
            <ymax>226</ymax>
        </bndbox>
    </object>
</annotation>