<?xml version='1.0' encoding='utf-8'?>
<annotation>
    <folder>BrickRay</folder>
    <filename>0a9eafec-da54-11eb-adf7-3497f683a169.jpg</filename>
    <size>
        <width>600</width>
        <height>600</height>
        <depth>3</depth>
    </size>
    <object>
        <name>lego</name>
        <difficult>0</difficult>
        <bndbox>
            <xmin>381</xmin>
            <ymin>0</ymin>
            <xmax>521</xmax>
            <ymax>139</ymax>
        </bndbox>
    </object>
    <object>
        <name>lego</name>
        <difficult>0</difficult>
        <bndbox>
            <xmin>141</xmin>
            <ymin>433</ymin>
            <xmax>176</xmax>
            <ymax>468</ymax>
        </bndbox>
    </object>
    <object>
        <name>lego</name>
        <difficult>0</difficult>
        <bndbox>
            <xmin>221</xmin>
            <ymin>558</ymin>
            <xmax>266</xmax>
            <ymax>599</ymax>
        </bndbox>
    </object>
    <object>
        <name>lego</name>
        <difficult>0</difficult>
        <bndbox>
            <xmin>93</xmin>
            <ymin>424</ymin>
            <xmax>215</xmax>
            <ymax>515</ymax>
        </bndbox>
    </object>
</annotation>