<?xml version='1.0' encoding='utf-8'?>
<annotation>
    <folder>BrickRay</folder>
    <filename>0a9e72cc-e2e5-11eb-9d45-b0c090bd3910.jpg</filename>
    <size>
        <width>600</width>
        <height>600</height>
        <depth>3</depth>
    </size>
    <object>
        <name>lego</name>
        <difficult>0</difficult>
        <bndbox>
            <xmin>487</xmin>
            <ymin>317</ymin>
            <xmax>600</xmax>
            <ymax>453</ymax>
        </bndbox>
    </object>
    <object>
        <name>lego</name>
        <difficult>0</difficult>
        <bndbox>
            <xmin>100</xmin>
            <ymin>54</ymin>
            <xmax>148</xmax>
            <ymax>120</ymax>
        </bndbox>
    </object>
    <object>
        <name>lego</name>
        <difficult>0</difficult>
        <bndbox>
            <xmin>0</xmin>
            <ymin>75</ymin>
            <xmax>113</xmax>
            <ymax>162</ymax>
        </bndbox>
    </object>
    <object>
        <name>lego</name>
        <difficult>0</difficult>
        <bndbox>
            <xmin>417</xmin>
            <ymin>434</ymin>
            <xmax>503</xmax>
            <ymax>520</ymax>
        </bndbox>
    </object>
</annotation>