<?xml version='1.0' encoding='utf-8'?>
<annotation>
    <folder>BrickRay</folder>
    <filename>0a9eb59e-e2db-11eb-8043-b0c090bd3910.jpg</filename>
    <size>
        <width>600</width>
        <height>600</height>
        <depth>3</depth>
    </size>
    <object>
        <name>lego</name>
        <difficult>0</difficult>
        <bndbox>
            <xmin>116</xmin>
            <ymin>177</ymin>
            <xmax>189</xmax>
            <ymax>252</ymax>
        </bndbox>
    </object>
    <object>
        <name>lego</name>
        <difficult>0</difficult>
        <bndbox>
            <xmin>454</xmin>
            <ymin>56</ymin>
            <xmax>599</xmax>
            <ymax>236</ymax>
        </bndbox>
    </object>
    <object>
        <name>lego</name>
        <difficult>0</difficult>
        <bndbox>
            <xmin>283</xmin>
            <ymin>436</ymin>
            <xmax>391</xmax>
            <ymax>519</ymax>
        </bndbox>
    </object>
    <object>
        <name>lego</name>
        <difficult>0</difficult>
        <bndbox>
            <xmin>0</xmin>
            <ymin>105</ymin>
            <xmax>190</xmax>
            <ymax>279</ymax>
        </bndbox>
    </object>
</annotation>