<?xml version='1.0' encoding='utf-8'?>
<annotation>
    <folder>BrickRay</folder>
    <filename>0a9f5982-e601-11eb-b1d4-b0c090bd3910.jpg</filename>
    <size>
        <width>300</width>
        <height>300</height>
        <depth>3</depth>
    </size>
    <object>
        <name>lego</name>
        <difficult>0</difficult>
        <bndbox>
            <xmin>11</xmin>
            <ymin>71</ymin>
            <xmax>231</xmax>
            <ymax>300</ymax>
        </bndbox>
    </object>
    <object>
        <name>lego</name>
        <difficult>0</difficult>
        <bndbox>
            <xmin>177</xmin>
            <ymin>0</ymin>
            <xmax>292</xmax>
            <ymax>71</ymax>
        </bndbox>
    </object>
</annotation>