<?xml version='1.0' encoding='utf-8'?>
<annotation>
    <folder>BrickRay</folder>
    <filename>0a9fe9f0-dafe-11eb-8c5a-3497f683a169.jpg</filename>
    <size>
        <width>600</width>
        <height>600</height>
        <depth>3</depth>
    </size>
    <object>
        <name>lego</name>
        <difficult>0</difficult>
        <bndbox>
            <xmin>165</xmin>
            <ymin>342</ymin>
            <xmax>429</xmax>
            <ymax>599</ymax>
        </bndbox>
    </object>
    <object>
        <name>lego</name>
        <difficult>0</difficult>
        <bndbox>
            <xmin>332</xmin>
            <ymin>155</ymin>
            <xmax>411</xmax>
            <ymax>228</ymax>
        </bndbox>
    </object>
    <object>
        <name>lego</name>
        <difficult>0</difficult>
        <bndbox>
            <xmin>163</xmin>
            <ymin>96</ymin>
            <xmax>232</xmax>
            <ymax>175</ymax>
        </bndbox>
    </object>
    <object>
        <name>lego</name>
        <difficult>0</difficult>
        <bndbox>
            <xmin>278</xmin>
            <ymin>0</ymin>
            <xmax>333</xmax>
            <ymax>79</ymax>
        </bndbox>
    </object>
</annotation>