<?xml version='1.0' encoding='utf-8'?>
<annotation>
    <folder>BrickRay</folder>
    <filename>0aa008cc-e45e-11eb-a5ac-b0c090bd3910.jpg</filename>
    <size>
        <width>600</width>
        <height>600</height>
        <depth>3</depth>
    </size>
    <object>
        <name>lego</name>
        <difficult>0</difficult>
        <bndbox>
            <xmin>389</xmin>
            <ymin>47</ymin>
            <xmax>471</xmax>
            <ymax>102</ymax>
        </bndbox>
    </object>
    <object>
        <name>lego</name>
        <difficult>0</difficult>
        <bndbox>
            <xmin>148</xmin>
            <ymin>437</ymin>
            <xmax>274</xmax>
            <ymax>585</ymax>
        </bndbox>
    </object>
    <object>
        <name>lego</name>
        <difficult>0</difficult>
        <bndbox>
            <xmin>370</xmin>
            <ymin>83</ymin>
            <xmax>600</xmax>
            <ymax>248</ymax>
        </bndbox>
    </object>
    <object>
        <name>lego</name>
        <difficult>0</difficult>
        <bndbox>
            <xmin>0</xmin>
            <ymin>8</ymin>
            <xmax>215</xmax>
            <ymax>146</ymax>
        </bndbox>
    </object>
</annotation>