<?xml version='1.0' encoding='utf-8'?>
<annotation>
    <folder>BrickRay</folder>
    <filename>0aa24d00-e66d-11eb-ab05-b0c090bd3910.jpg</filename>
    <size>
        <width>300</width>
        <height>300</height>
        <depth>3</depth>
    </size>
    <object>
        <name>lego</name>
        <difficult>0</difficult>
        <bndbox>
            <xmin>0</xmin>
            <ymin>11</ymin>
            <xmax>226</xmax>
            <ymax>284</ymax>
        </bndbox>
    </object>
    <object>
        <name>lego</name>
        <difficult>0</difficult>
        <bndbox>
            <xmin>110</xmin>
            <ymin>57</ymin>
            <xmax>300</xmax>
            <ymax>173</ymax>
        </bndbox>
    </object>
</annotation>