<?xml version='1.0' encoding='utf-8'?>
<annotation>
    <folder>BrickRay</folder>
    <filename>0aa32234-dad2-11eb-80ac-3497f683a169.jpg</filename>
    <size>
        <width>600</width>
        <height>600</height>
        <depth>3</depth>
    </size>
    <object>
        <name>lego</name>
        <difficult>0</difficult>
        <bndbox>
            <xmin>191</xmin>
            <ymin>135</ymin>
            <xmax>366</xmax>
            <ymax>272</ymax>
        </bndbox>
    </object>
    <object>
        <name>lego</name>
        <difficult>0</difficult>
        <bndbox>
            <xmin>408</xmin>
            <ymin>347</ymin>
            <xmax>447</xmax>
            <ymax>388</ymax>
        </bndbox>
    </object>
    <object>
        <name>lego</name>
        <difficult>0</difficult>
        <bndbox>
            <xmin>0</xmin>
            <ymin>293</ymin>
            <xmax>106</xmax>
            <ymax>427</ymax>
        </bndbox>
    </object>
    <object>
        <name>lego</name>
        <difficult>0</difficult>
        <bndbox>
            <xmin>370</xmin>
            <ymin>177</ymin>
            <xmax>600</xmax>
            <ymax>294</ymax>
        </bndbox>
    </object>
</annotation>