<?xml version='1.0' encoding='utf-8'?>
<annotation>
    <folder>BrickRay</folder>
    <filename>0aa34b98-e4bf-11eb-bbe8-b0c090bd3910.jpg</filename>
    <size>
        <width>600</width>
        <height>600</height>
        <depth>3</depth>
    </size>
    <object>
        <name>lego</name>
        <difficult>0</difficult>
        <bndbox>
            <xmin>490</xmin>
            <ymin>430</ymin>
            <xmax>600</xmax>
            <ymax>520</ymax>
        </bndbox>
    </object>
    <object>
        <name>lego</name>
        <difficult>0</difficult>
        <bndbox>
            <xmin>436</xmin>
            <ymin>379</ymin>
            <xmax>494</xmax>
            <ymax>534</ymax>
        </bndbox>
    </object>
    <object>
        <name>lego</name>
        <difficult>0</difficult>
        <bndbox>
            <xmin>380</xmin>
            <ymin>327</ymin>
            <xmax>476</xmax>
            <ymax>376</ymax>
        </bndbox>
    </object>
    <object>
        <name>lego</name>
        <difficult>0</difficult>
        <bndbox>
            <xmin>0</xmin>
            <ymin>54</ymin>
            <xmax>97</xmax>
            <ymax>117</ymax>
        </bndbox>
    </object>
</annotation>