<?xml version='1.0' encoding='utf-8'?>
<annotation>
    <folder>BrickRay</folder>
    <filename>0aa451ec-e5d0-11eb-b827-b0c090bd3910.jpg</filename>
    <size>
        <width>300</width>
        <height>300</height>
        <depth>3</depth>
    </size>
    <object>
        <name>lego</name>
        <difficult>0</difficult>
        <bndbox>
            <xmin>0</xmin>
            <ymin>26</ymin>
            <xmax>236</xmax>
            <ymax>268</ymax>
        </bndbox>
    </object>
    <object>
        <name>lego</name>
        <difficult>0</difficult>
        <bndbox>
            <xmin>174</xmin>
            <ymin>67</ymin>
            <xmax>299</xmax>
            <ymax>144</ymax>
        </bndbox>
    </object>
</annotation>