<?xml version='1.0' encoding='utf-8'?>
<annotation>
    <folder>BrickRay</folder>
    <filename>0aa471e2-d9d0-11eb-ba37-3497f683a169.jpg</filename>
    <size>
        <width>600</width>
        <height>600</height>
        <depth>3</depth>
    </size>
    <object>
        <name>lego</name>
        <difficult>0</difficult>
        <bndbox>
            <xmin>477</xmin>
            <ymin>0</ymin>
            <xmax>511</xmax>
            <ymax>25</ymax>
        </bndbox>
    </object>
    <object>
        <name>lego</name>
        <difficult>0</difficult>
        <bndbox>
            <xmin>307</xmin>
            <ymin>167</ymin>
            <xmax>449</xmax>
            <ymax>251</ymax>
        </bndbox>
    </object>
    <object>
        <name>lego</name>
        <difficult>0</difficult>
        <bndbox>
            <xmin>140</xmin>
            <ymin>235</ymin>
            <xmax>393</xmax>
            <ymax>600</ymax>
        </bndbox>
    </object>
    <object>
        <name>lego</name>
        <difficult>0</difficult>
        <bndbox>
            <xmin>459</xmin>
            <ymin>69</ymin>
            <xmax>500</xmax>
            <ymax>114</ymax>
        </bndbox>
    </object>
</annotation>