<?xml version='1.0' encoding='utf-8'?>
<annotation>
    <folder>BrickRay</folder>
    <filename>0aa40b7a-e5e9-11eb-a3e4-b0c090bd3910.jpg</filename>
    <size>
        <width>300</width>
        <height>300</height>
        <depth>3</depth>
    </size>
    <object>
        <name>lego</name>
        <difficult>0</difficult>
        <bndbox>
            <xmin>99</xmin>
            <ymin>0</ymin>
            <xmax>186</xmax>
            <ymax>78</ymax>
        </bndbox>
    </object>
    <object>
        <name>lego</name>
        <difficult>0</difficult>
        <bndbox>
            <xmin>20</xmin>
            <ymin>47</ymin>
            <xmax>282</xmax>
            <ymax>300</ymax>
        </bndbox>
    </object>
</annotation>