<?xml version='1.0' encoding='utf-8'?>
<annotation>
    <folder>BrickRay</folder>
    <filename>0aa55ad8-e7aa-11eb-b51d-b0c090bd3910.jpg</filename>
    <size>
        <width>300</width>
        <height>300</height>
        <depth>3</depth>
    </size>
    <object>
        <name>lego</name>
        <difficult>0</difficult>
        <bndbox>
            <xmin>36</xmin>
            <ymin>201</ymin>
            <xmax>221</xmax>
            <ymax>300</ymax>
        </bndbox>
    </object>
    <object>
        <name>lego</name>
        <difficult>0</difficult>
        <bndbox>
            <xmin>173</xmin>
            <ymin>0</ymin>
            <xmax>269</xmax>
            <ymax>121</ymax>
        </bndbox>
    </object>
</annotation>