<?xml version='1.0' encoding='utf-8'?>
<annotation>
    <folder>BrickRay</folder>
    <filename>0aa66cee-da7a-11eb-bd41-3497f683a169.jpg</filename>
    <size>
        <width>600</width>
        <height>600</height>
        <depth>3</depth>
    </size>
    <object>
        <name>lego</name>
        <difficult>0</difficult>
        <bndbox>
            <xmin>136</xmin>
            <ymin>29</ymin>
            <xmax>327</xmax>
            <ymax>211</ymax>
        </bndbox>
    </object>
    <object>
        <name>lego</name>
        <difficult>0</difficult>
        <bndbox>
            <xmin>527</xmin>
            <ymin>477</ymin>
            <xmax>600</xmax>
            <ymax>536</ymax>
        </bndbox>
    </object>
    <object>
        <name>lego</name>
        <difficult>0</difficult>
        <bndbox>
            <xmin>0</xmin>
            <ymin>464</ymin>
            <xmax>171</xmax>
            <ymax>584</ymax>
        </bndbox>
    </object>
    <object>
        <name>lego</name>
        <difficult>0</difficult>
        <bndbox>
            <xmin>239</xmin>
            <ymin>12</ymin>
            <xmax>303</xmax>
            <ymax>78</ymax>
        </bndbox>
    </object>
</annotation>