<?xml version='1.0' encoding='utf-8'?>
<annotation>
    <folder>BrickRay</folder>
    <filename>0aa61ddc-da62-11eb-b40e-3497f683a169.jpg</filename>
    <size>
        <width>600</width>
        <height>600</height>
        <depth>3</depth>
    </size>
    <object>
        <name>lego</name>
        <difficult>0</difficult>
        <bndbox>
            <xmin>259</xmin>
            <ymin>520</ymin>
            <xmax>299</xmax>
            <ymax>562</ymax>
        </bndbox>
    </object>
    <object>
        <name>lego</name>
        <difficult>0</difficult>
        <bndbox>
            <xmin>344</xmin>
            <ymin>537</ymin>
            <xmax>404</xmax>
            <ymax>599</ymax>
        </bndbox>
    </object>
    <object>
        <name>lego</name>
        <difficult>0</difficult>
        <bndbox>
            <xmin>181</xmin>
            <ymin>337</ymin>
            <xmax>257</xmax>
            <ymax>413</ymax>
        </bndbox>
    </object>
    <object>
        <name>lego</name>
        <difficult>0</difficult>
        <bndbox>
            <xmin>339</xmin>
            <ymin>0</ymin>
            <xmax>387</xmax>
            <ymax>61</ymax>
        </bndbox>
    </object>
</annotation>