<?xml version='1.0' encoding='utf-8'?>
<annotation>
    <folder>BrickRay</folder>
    <filename>0aa68dc2-e473-11eb-9677-b0c090bd3910.jpg</filename>
    <size>
        <width>600</width>
        <height>600</height>
        <depth>3</depth>
    </size>
    <object>
        <name>lego</name>
        <difficult>0</difficult>
        <bndbox>
            <xmin>48</xmin>
            <ymin>0</ymin>
            <xmax>400</xmax>
            <ymax>293</ymax>
        </bndbox>
    </object>
    <object>
        <name>lego</name>
        <difficult>0</difficult>
        <bndbox>
            <xmin>300</xmin>
            <ymin>370</ymin>
            <xmax>542</xmax>
            <ymax>600</ymax>
        </bndbox>
    </object>
    <object>
        <name>lego</name>
        <difficult>0</difficult>
        <bndbox>
            <xmin>330</xmin>
            <ymin>98</ymin>
            <xmax>456</xmax>
            <ymax>469</ymax>
        </bndbox>
    </object>
    <object>
        <name>lego</name>
        <difficult>0</difficult>
        <bndbox>
            <xmin>71</xmin>
            <ymin>336</ymin>
            <xmax>179</xmax>
            <ymax>442</ymax>
        </bndbox>
    </object>
</annotation>