<?xml version='1.0' encoding='utf-8'?>
<annotation>
    <folder>BrickRay</folder>
    <filename>0aa6aaca-db26-11eb-bb8e-3497f683a169.jpg</filename>
    <size>
        <width>600</width>
        <height>600</height>
        <depth>3</depth>
    </size>
    <object>
        <name>lego</name>
        <difficult>0</difficult>
        <bndbox>
            <xmin>0</xmin>
            <ymin>87</ymin>
            <xmax>353</xmax>
            <ymax>412</ymax>
        </bndbox>
    </object>
    <object>
        <name>lego</name>
        <difficult>0</difficult>
        <bndbox>
            <xmin>490</xmin>
            <ymin>258</ymin>
            <xmax>600</xmax>
            <ymax>376</ymax>
        </bndbox>
    </object>
    <object>
        <name>lego</name>
        <difficult>0</difficult>
        <bndbox>
            <xmin>357</xmin>
            <ymin>291</ymin>
            <xmax>572</xmax>
            <ymax>492</ymax>
        </bndbox>
    </object>
    <object>
        <name>lego</name>
        <difficult>0</difficult>
        <bndbox>
            <xmin>112</xmin>
            <ymin>114</ymin>
            <xmax>385</xmax>
            <ymax>408</ymax>
        </bndbox>
    </object>
</annotation>