<?xml version='1.0' encoding='utf-8'?>
<annotation>
    <folder>BrickRay</folder>
    <filename>0aa6f59a-e4e4-11eb-b884-b0c090bd3910.jpg</filename>
    <size>
        <width>600</width>
        <height>600</height>
        <depth>3</depth>
    </size>
    <object>
        <name>lego</name>
        <difficult>0</difficult>
        <bndbox>
            <xmin>334</xmin>
            <ymin>101</ymin>
            <xmax>387</xmax>
            <ymax>126</ymax>
        </bndbox>
    </object>
    <object>
        <name>lego</name>
        <difficult>0</difficult>
        <bndbox>
            <xmin>532</xmin>
            <ymin>341</ymin>
            <xmax>600</xmax>
            <ymax>388</ymax>
        </bndbox>
    </object>
    <object>
        <name>lego</name>
        <difficult>0</difficult>
        <bndbox>
            <xmin>0</xmin>
            <ymin>64</ymin>
            <xmax>190</xmax>
            <ymax>523</ymax>
        </bndbox>
    </object>
    <object>
        <name>lego</name>
        <difficult>0</difficult>
        <bndbox>
            <xmin>140</xmin>
            <ymin>280</ymin>
            <xmax>206</xmax>
            <ymax>405</ymax>
        </bndbox>
    </object>
</annotation>