<?xml version='1.0' encoding='utf-8'?>
<annotation>
    <folder>BrickRay</folder>
    <filename>0aa79424-d93f-11eb-bd83-b0c090bd3910.jpg</filename>
    <size>
        <width>600</width>
        <height>600</height>
        <depth>3</depth>
    </size>
    <object>
        <name>lego</name>
        <difficult>0</difficult>
        <bndbox>
            <xmin>99</xmin>
            <ymin>132</ymin>
            <xmax>201</xmax>
            <ymax>215</ymax>
        </bndbox>
    </object>
    <object>
        <name>lego</name>
        <difficult>0</difficult>
        <bndbox>
            <xmin>250</xmin>
            <ymin>52</ymin>
            <xmax>350</xmax>
            <ymax>135</ymax>
        </bndbox>
    </object>
    <object>
        <name>lego</name>
        <difficult>0</difficult>
        <bndbox>
            <xmin>0</xmin>
            <ymin>303</ymin>
            <xmax>120</xmax>
            <ymax>410</ymax>
        </bndbox>
    </object>
    <object>
        <name>lego</name>
        <difficult>0</difficult>
        <bndbox>
            <xmin>364</xmin>
            <ymin>356</ymin>
            <xmax>599</xmax>
            <ymax>527</ymax>
        </bndbox>
    </object>
</annotation>