<?xml version='1.0' encoding='utf-8'?>
<annotation>
    <folder>BrickRay</folder>
    <filename>0aa79214-e6a1-11eb-bcd6-b0c090bd3910.jpg</filename>
    <size>
        <width>300</width>
        <height>300</height>
        <depth>3</depth>
    </size>
    <object>
        <name>lego</name>
        <difficult>0</difficult>
        <bndbox>
            <xmin>144</xmin>
            <ymin>0</ymin>
            <xmax>232</xmax>
            <ymax>76</ymax>
        </bndbox>
    </object>
    <object>
        <name>lego</name>
        <difficult>0</difficult>
        <bndbox>
            <xmin>87</xmin>
            <ymin>200</ymin>
            <xmax>194</xmax>
            <ymax>300</ymax>
        </bndbox>
    </object>
</annotation>