<?xml version='1.0' encoding='utf-8'?>
<annotation>
    <folder>BrickRay</folder>
    <filename>0aa8fa36-e4a6-11eb-befd-b0c090bd3910.jpg</filename>
    <size>
        <width>600</width>
        <height>600</height>
        <depth>3</depth>
    </size>
    <object>
        <name>lego</name>
        <difficult>0</difficult>
        <bndbox>
            <xmin>456</xmin>
            <ymin>395</ymin>
            <xmax>557</xmax>
            <ymax>488</ymax>
        </bndbox>
    </object>
    <object>
        <name>lego</name>
        <difficult>0</difficult>
        <bndbox>
            <xmin>0</xmin>
            <ymin>221</ymin>
            <xmax>67</xmax>
            <ymax>296</ymax>
        </bndbox>
    </object>
    <object>
        <name>lego</name>
        <difficult>0</difficult>
        <bndbox>
            <xmin>439</xmin>
            <ymin>80</ymin>
            <xmax>574</xmax>
            <ymax>244</ymax>
        </bndbox>
    </object>
    <object>
        <name>lego</name>
        <difficult>0</difficult>
        <bndbox>
            <xmin>511</xmin>
            <ymin>367</ymin>
            <xmax>600</xmax>
            <ymax>453</ymax>
        </bndbox>
    </object>
</annotation>