<?xml version='1.0' encoding='utf-8'?>
<annotation>
    <folder>BrickRay</folder>
    <filename>0aa9d2ee-e69f-11eb-aa46-b0c090bd3910.jpg</filename>
    <size>
        <width>300</width>
        <height>300</height>
        <depth>3</depth>
    </size>
    <object>
        <name>lego</name>
        <difficult>0</difficult>
        <bndbox>
            <xmin>20</xmin>
            <ymin>15</ymin>
            <xmax>69</xmax>
            <ymax>93</ymax>
        </bndbox>
    </object>
    <object>
        <name>lego</name>
        <difficult>0</difficult>
        <bndbox>
            <xmin>0</xmin>
            <ymin>15</ymin>
            <xmax>300</xmax>
            <ymax>279</ymax>
        </bndbox>
    </object>
</annotation>