<?xml version='1.0' encoding='utf-8'?>
<annotation>
    <folder>BrickRay</folder>
    <filename>0aa9201c-e4b2-11eb-8df4-b0c090bd3910.jpg</filename>
    <size>
        <width>600</width>
        <height>600</height>
        <depth>3</depth>
    </size>
    <object>
        <name>lego</name>
        <difficult>0</difficult>
        <bndbox>
            <xmin>379</xmin>
            <ymin>22</ymin>
            <xmax>469</xmax>
            <ymax>176</ymax>
        </bndbox>
    </object>
    <object>
        <name>lego</name>
        <difficult>0</difficult>
        <bndbox>
            <xmin>0</xmin>
            <ymin>128</ymin>
            <xmax>213</xmax>
            <ymax>314</ymax>
        </bndbox>
    </object>
    <object>
        <name>lego</name>
        <difficult>0</difficult>
        <bndbox>
            <xmin>306</xmin>
            <ymin>479</ymin>
            <xmax>404</xmax>
            <ymax>572</ymax>
        </bndbox>
    </object>
    <object>
        <name>lego</name>
        <difficult>0</difficult>
        <bndbox>
            <xmin>550</xmin>
            <ymin>458</ymin>
            <xmax>600</xmax>
            <ymax>506</ymax>
        </bndbox>
    </object>
</annotation>