<?xml version='1.0' encoding='utf-8'?>
<annotation>
    <folder>BrickRay</folder>
    <filename>0aa9b4ee-db1e-11eb-aec1-3497f683a169.jpg</filename>
    <size>
        <width>600</width>
        <height>600</height>
        <depth>3</depth>
    </size>
    <object>
        <name>lego</name>
        <difficult>0</difficult>
        <bndbox>
            <xmin>33</xmin>
            <ymin>167</ymin>
            <xmax>450</xmax>
            <ymax>485</ymax>
        </bndbox>
    </object>
    <object>
        <name>lego</name>
        <difficult>0</difficult>
        <bndbox>
            <xmin>459</xmin>
            <ymin>29</ymin>
            <xmax>520</xmax>
            <ymax>74</ymax>
        </bndbox>
    </object>
    <object>
        <name>lego</name>
        <difficult>0</difficult>
        <bndbox>
            <xmin>353</xmin>
            <ymin>0</ymin>
            <xmax>427</xmax>
            <ymax>54</ymax>
        </bndbox>
    </object>
    <object>
        <name>lego</name>
        <difficult>0</difficult>
        <bndbox>
            <xmin>279</xmin>
            <ymin>326</ymin>
            <xmax>568</xmax>
            <ymax>599</ymax>
        </bndbox>
    </object>
</annotation>