<?xml version='1.0' encoding='utf-8'?>
<annotation>
    <folder>BrickRay</folder>
    <filename>0aaa3278-e7c9-11eb-875a-b0c090bd3910.jpg</filename>
    <size>
        <width>300</width>
        <height>300</height>
        <depth>3</depth>
    </size>
    <object>
        <name>lego</name>
        <difficult>0</difficult>
        <bndbox>
            <xmin>116</xmin>
            <ymin>0</ymin>
            <xmax>232</xmax>
            <ymax>105</ymax>
        </bndbox>
    </object>
    <object>
        <name>lego</name>
        <difficult>0</difficult>
        <bndbox>
            <xmin>54</xmin>
            <ymin>135</ymin>
            <xmax>246</xmax>
            <ymax>300</ymax>
        </bndbox>
    </object>
</annotation>