<?xml version='1.0' encoding='utf-8'?>
<annotation>
    <folder>BrickRay</folder>
    <filename>0aaaad30-e459-11eb-a224-b0c090bd3910.jpg</filename>
    <size>
        <width>600</width>
        <height>600</height>
        <depth>3</depth>
    </size>
    <object>
        <name>lego</name>
        <difficult>0</difficult>
        <bndbox>
            <xmin>474</xmin>
            <ymin>242</ymin>
            <xmax>600</xmax>
            <ymax>356</ymax>
        </bndbox>
    </object>
    <object>
        <name>lego</name>
        <difficult>0</difficult>
        <bndbox>
            <xmin>0</xmin>
            <ymin>215</ymin>
            <xmax>237</xmax>
            <ymax>490</ymax>
        </bndbox>
    </object>
    <object>
        <name>lego</name>
        <difficult>0</difficult>
        <bndbox>
            <xmin>190</xmin>
            <ymin>81</ymin>
            <xmax>273</xmax>
            <ymax>163</ymax>
        </bndbox>
    </object>
    <object>
        <name>lego</name>
        <difficult>0</difficult>
        <bndbox>
            <xmin>274</xmin>
            <ymin>207</ymin>
            <xmax>312</xmax>
            <ymax>251</ymax>
        </bndbox>
    </object>
</annotation>