<?xml version='1.0' encoding='utf-8'?>
<annotation>
    <folder>BrickRay</folder>
    <filename>0aaaf4b8-e474-11eb-b18b-b0c090bd3910.jpg</filename>
    <size>
        <width>600</width>
        <height>600</height>
        <depth>3</depth>
    </size>
    <object>
        <name>lego</name>
        <difficult>0</difficult>
        <bndbox>
            <xmin>276</xmin>
            <ymin>458</ymin>
            <xmax>344</xmax>
            <ymax>523</ymax>
        </bndbox>
    </object>
    <object>
        <name>lego</name>
        <difficult>0</difficult>
        <bndbox>
            <xmin>421</xmin>
            <ymin>33</ymin>
            <xmax>504</xmax>
            <ymax>152</ymax>
        </bndbox>
    </object>
    <object>
        <name>lego</name>
        <difficult>0</difficult>
        <bndbox>
            <xmin>23</xmin>
            <ymin>373</ymin>
            <xmax>600</xmax>
            <ymax>560</ymax>
        </bndbox>
    </object>
    <object>
        <name>lego</name>
        <difficult>0</difficult>
        <bndbox>
            <xmin>0</xmin>
            <ymin>365</ymin>
            <xmax>515</xmax>
            <ymax>524</ymax>
        </bndbox>
    </object>
</annotation>