<?xml version='1.0' encoding='utf-8'?>
<annotation>
    <folder>BrickRay</folder>
    <filename>0aabc158-da1d-11eb-a6c3-3497f683a169.jpg</filename>
    <size>
        <width>600</width>
        <height>600</height>
        <depth>3</depth>
    </size>
    <object>
        <name>lego</name>
        <difficult>0</difficult>
        <bndbox>
            <xmin>463</xmin>
            <ymin>187</ymin>
            <xmax>515</xmax>
            <ymax>232</ymax>
        </bndbox>
    </object>
    <object>
        <name>lego</name>
        <difficult>0</difficult>
        <bndbox>
            <xmin>251</xmin>
            <ymin>334</ymin>
            <xmax>310</xmax>
            <ymax>389</ymax>
        </bndbox>
    </object>
    <object>
        <name>lego</name>
        <difficult>0</difficult>
        <bndbox>
            <xmin>537</xmin>
            <ymin>224</ymin>
            <xmax>600</xmax>
            <ymax>274</ymax>
        </bndbox>
    </object>
    <object>
        <name>lego</name>
        <difficult>0</difficult>
        <bndbox>
            <xmin>0</xmin>
            <ymin>227</ymin>
            <xmax>203</xmax>
            <ymax>255</ymax>
        </bndbox>
    </object>
</annotation>