<?xml version='1.0' encoding='utf-8'?>
<annotation>
    <folder>BrickRay</folder>
    <filename>0aab8f66-e3b4-11eb-bb20-b0c090bd3910.jpg</filename>
    <size>
        <width>600</width>
        <height>600</height>
        <depth>3</depth>
    </size>
    <object>
        <name>lego</name>
        <difficult>0</difficult>
        <bndbox>
            <xmin>70</xmin>
            <ymin>351</ymin>
            <xmax>247</xmax>
            <ymax>503</ymax>
        </bndbox>
    </object>
    <object>
        <name>lego</name>
        <difficult>0</difficult>
        <bndbox>
            <xmin>169</xmin>
            <ymin>38</ymin>
            <xmax>219</xmax>
            <ymax>106</ymax>
        </bndbox>
    </object>
    <object>
        <name>lego</name>
        <difficult>0</difficult>
        <bndbox>
            <xmin>0</xmin>
            <ymin>176</ymin>
            <xmax>149</xmax>
            <ymax>362</ymax>
        </bndbox>
    </object>
    <object>
        <name>lego</name>
        <difficult>0</difficult>
        <bndbox>
            <xmin>469</xmin>
            <ymin>440</ymin>
            <xmax>600</xmax>
            <ymax>547</ymax>
        </bndbox>
    </object>
</annotation>