<?xml version='1.0' encoding='utf-8'?>
<annotation>
    <folder>BrickRay</folder>
    <filename>0aab0be8-e3a5-11eb-8e6e-b0c090bd3910.jpg</filename>
    <size>
        <width>600</width>
        <height>600</height>
        <depth>3</depth>
    </size>
    <object>
        <name>lego</name>
        <difficult>0</difficult>
        <bndbox>
            <xmin>136</xmin>
            <ymin>145</ymin>
            <xmax>197</xmax>
            <ymax>281</ymax>
        </bndbox>
    </object>
    <object>
        <name>lego</name>
        <difficult>0</difficult>
        <bndbox>
            <xmin>340</xmin>
            <ymin>552</ymin>
            <xmax>429</xmax>
            <ymax>599</ymax>
        </bndbox>
    </object>
    <object>
        <name>lego</name>
        <difficult>0</difficult>
        <bndbox>
            <xmin>207</xmin>
            <ymin>196</ymin>
            <xmax>283</xmax>
            <ymax>291</ymax>
        </bndbox>
    </object>
    <object>
        <name>lego</name>
        <difficult>0</difficult>
        <bndbox>
            <xmin>139</xmin>
            <ymin>0</ymin>
            <xmax>175</xmax>
            <ymax>61</ymax>
        </bndbox>
    </object>
</annotation>