<?xml version='1.0' encoding='utf-8'?>
<annotation>
    <folder>BrickRay</folder>
    <filename>0aab2742-e2e9-11eb-a0ba-b0c090bd3910.jpg</filename>
    <size>
        <width>600</width>
        <height>600</height>
        <depth>3</depth>
    </size>
    <object>
        <name>lego</name>
        <difficult>0</difficult>
        <bndbox>
            <xmin>294</xmin>
            <ymin>157</ymin>
            <xmax>365</xmax>
            <ymax>241</ymax>
        </bndbox>
    </object>
    <object>
        <name>lego</name>
        <difficult>0</difficult>
        <bndbox>
            <xmin>435</xmin>
            <ymin>212</ymin>
            <xmax>599</xmax>
            <ymax>314</ymax>
        </bndbox>
    </object>
    <object>
        <name>lego</name>
        <difficult>0</difficult>
        <bndbox>
            <xmin>38</xmin>
            <ymin>145</ymin>
            <xmax>426</xmax>
            <ymax>265</ymax>
        </bndbox>
    </object>
    <object>
        <name>lego</name>
        <difficult>0</difficult>
        <bndbox>
            <xmin>0</xmin>
            <ymin>223</ymin>
            <xmax>294</xmax>
            <ymax>417</ymax>
        </bndbox>
    </object>
</annotation>