<?xml version='1.0' encoding='utf-8'?>
<annotation>
    <folder>BrickRay</folder>
    <filename>0aac9dae-daba-11eb-bc0d-3497f683a169.jpg</filename>
    <size>
        <width>600</width>
        <height>600</height>
        <depth>3</depth>
    </size>
    <object>
        <name>lego</name>
        <difficult>0</difficult>
        <bndbox>
            <xmin>262</xmin>
            <ymin>202</ymin>
            <xmax>416</xmax>
            <ymax>281</ymax>
        </bndbox>
    </object>
    <object>
        <name>lego</name>
        <difficult>0</difficult>
        <bndbox>
            <xmin>235</xmin>
            <ymin>466</ymin>
            <xmax>363</xmax>
            <ymax>599</ymax>
        </bndbox>
    </object>
    <object>
        <name>lego</name>
        <difficult>0</difficult>
        <bndbox>
            <xmin>321</xmin>
            <ymin>0</ymin>
            <xmax>489</xmax>
            <ymax>153</ymax>
        </bndbox>
    </object>
    <object>
        <name>lego</name>
        <difficult>0</difficult>
        <bndbox>
            <xmin>121</xmin>
            <ymin>133</ymin>
            <xmax>237</xmax>
            <ymax>226</ymax>
        </bndbox>
    </object>
</annotation>