<?xml version='1.0' encoding='utf-8'?>
<annotation>
    <folder>BrickRay</folder>
    <filename>0aacc654-dad8-11eb-b237-3497f683a169.jpg</filename>
    <size>
        <width>600</width>
        <height>600</height>
        <depth>3</depth>
    </size>
    <object>
        <name>lego</name>
        <difficult>0</difficult>
        <bndbox>
            <xmin>440</xmin>
            <ymin>202</ymin>
            <xmax>548</xmax>
            <ymax>291</ymax>
        </bndbox>
    </object>
    <object>
        <name>lego</name>
        <difficult>0</difficult>
        <bndbox>
            <xmin>31</xmin>
            <ymin>0</ymin>
            <xmax>103</xmax>
            <ymax>47</ymax>
        </bndbox>
    </object>
    <object>
        <name>lego</name>
        <difficult>0</difficult>
        <bndbox>
            <xmin>274</xmin>
            <ymin>450</ymin>
            <xmax>541</xmax>
            <ymax>600</ymax>
        </bndbox>
    </object>
    <object>
        <name>lego</name>
        <difficult>0</difficult>
        <bndbox>
            <xmin>137</xmin>
            <ymin>111</ymin>
            <xmax>226</xmax>
            <ymax>170</ymax>
        </bndbox>
    </object>
</annotation>