<?xml version='1.0' encoding='utf-8'?>
<annotation>
    <folder>BrickRay</folder>
    <filename>0aadf4de-e671-11eb-876e-b0c090bd3910.jpg</filename>
    <size>
        <width>300</width>
        <height>300</height>
        <depth>3</depth>
    </size>
    <object>
        <name>lego</name>
        <difficult>0</difficult>
        <bndbox>
            <xmin>60</xmin>
            <ymin>232</ymin>
            <xmax>140</xmax>
            <ymax>300</ymax>
        </bndbox>
    </object>
    <object>
        <name>lego</name>
        <difficult>0</difficult>
        <bndbox>
            <xmin>201</xmin>
            <ymin>0</ymin>
            <xmax>252</xmax>
            <ymax>96</ymax>
        </bndbox>
    </object>
</annotation>