<?xml version='1.0' encoding='utf-8'?>
<annotation>
    <folder>BrickRay</folder>
    <filename>0aadb1be-da02-11eb-945f-3497f683a169.jpg</filename>
    <size>
        <width>600</width>
        <height>600</height>
        <depth>3</depth>
    </size>
    <object>
        <name>lego</name>
        <difficult>0</difficult>
        <bndbox>
            <xmin>0</xmin>
            <ymin>347</ymin>
            <xmax>221</xmax>
            <ymax>524</ymax>
        </bndbox>
    </object>
    <object>
        <name>lego</name>
        <difficult>0</difficult>
        <bndbox>
            <xmin>509</xmin>
            <ymin>48</ymin>
            <xmax>574</xmax>
            <ymax>119</ymax>
        </bndbox>
    </object>
    <object>
        <name>lego</name>
        <difficult>0</difficult>
        <bndbox>
            <xmin>335</xmin>
            <ymin>446</ymin>
            <xmax>396</xmax>
            <ymax>517</ymax>
        </bndbox>
    </object>
    <object>
        <name>lego</name>
        <difficult>0</difficult>
        <bndbox>
            <xmin>529</xmin>
            <ymin>145</ymin>
            <xmax>600</xmax>
            <ymax>189</ymax>
        </bndbox>
    </object>
</annotation>