<?xml version='1.0' encoding='utf-8'?>
<annotation>
    <folder>BrickRay</folder>
    <filename>0aadf8c0-da79-11eb-8790-3497f683a169.jpg</filename>
    <size>
        <width>600</width>
        <height>600</height>
        <depth>3</depth>
    </size>
    <object>
        <name>lego</name>
        <difficult>0</difficult>
        <bndbox>
            <xmin>116</xmin>
            <ymin>290</ymin>
            <xmax>308</xmax>
            <ymax>599</ymax>
        </bndbox>
    </object>
    <object>
        <name>lego</name>
        <difficult>0</difficult>
        <bndbox>
            <xmin>57</xmin>
            <ymin>86</ymin>
            <xmax>500</xmax>
            <ymax>417</ymax>
        </bndbox>
    </object>
    <object>
        <name>lego</name>
        <difficult>0</difficult>
        <bndbox>
            <xmin>424</xmin>
            <ymin>149</ymin>
            <xmax>538</xmax>
            <ymax>259</ymax>
        </bndbox>
    </object>
    <object>
        <name>lego</name>
        <difficult>0</difficult>
        <bndbox>
            <xmin>214</xmin>
            <ymin>0</ymin>
            <xmax>284</xmax>
            <ymax>73</ymax>
        </bndbox>
    </object>
</annotation>