<?xml version='1.0' encoding='utf-8'?>
<annotation>
    <folder>BrickRay</folder>
    <filename>0aadaa14-d9e8-11eb-bd61-3497f683a169.jpg</filename>
    <size>
        <width>600</width>
        <height>600</height>
        <depth>3</depth>
    </size>
    <object>
        <name>lego</name>
        <difficult>0</difficult>
        <bndbox>
            <xmin>58</xmin>
            <ymin>195</ymin>
            <xmax>108</xmax>
            <ymax>234</ymax>
        </bndbox>
    </object>
    <object>
        <name>lego</name>
        <difficult>0</difficult>
        <bndbox>
            <xmin>0</xmin>
            <ymin>172</ymin>
            <xmax>68</xmax>
            <ymax>193</ymax>
        </bndbox>
    </object>
    <object>
        <name>lego</name>
        <difficult>0</difficult>
        <bndbox>
            <xmin>139</xmin>
            <ymin>87</ymin>
            <xmax>358</xmax>
            <ymax>145</ymax>
        </bndbox>
    </object>
    <object>
        <name>lego</name>
        <difficult>0</difficult>
        <bndbox>
            <xmin>207</xmin>
            <ymin>406</ymin>
            <xmax>599</xmax>
            <ymax>473</ymax>
        </bndbox>
    </object>
</annotation>