<?xml version='1.0' encoding='utf-8'?>
<annotation>
    <folder>BrickRay</folder>
    <filename>0aaec42c-dab2-11eb-982c-3497f683a169.jpg</filename>
    <size>
        <width>600</width>
        <height>600</height>
        <depth>3</depth>
    </size>
    <object>
        <name>lego</name>
        <difficult>0</difficult>
        <bndbox>
            <xmin>487</xmin>
            <ymin>541</ymin>
            <xmax>599</xmax>
            <ymax>600</ymax>
        </bndbox>
    </object>
    <object>
        <name>lego</name>
        <difficult>0</difficult>
        <bndbox>
            <xmin>14</xmin>
            <ymin>0</ymin>
            <xmax>80</xmax>
            <ymax>42</ymax>
        </bndbox>
    </object>
    <object>
        <name>lego</name>
        <difficult>0</difficult>
        <bndbox>
            <xmin>0</xmin>
            <ymin>531</ymin>
            <xmax>96</xmax>
            <ymax>589</ymax>
        </bndbox>
    </object>
    <object>
        <name>lego</name>
        <difficult>0</difficult>
        <bndbox>
            <xmin>28</xmin>
            <ymin>2</ymin>
            <xmax>223</xmax>
            <ymax>72</ymax>
        </bndbox>
    </object>
</annotation>