<?xml version='1.0' encoding='utf-8'?>
<annotation>
    <folder>BrickRay</folder>
    <filename>0aaf57a2-d9d6-11eb-b318-3497f683a169.jpg</filename>
    <size>
        <width>600</width>
        <height>600</height>
        <depth>3</depth>
    </size>
    <object>
        <name>lego</name>
        <difficult>0</difficult>
        <bndbox>
            <xmin>531</xmin>
            <ymin>345</ymin>
            <xmax>599</xmax>
            <ymax>413</ymax>
        </bndbox>
    </object>
    <object>
        <name>lego</name>
        <difficult>0</difficult>
        <bndbox>
            <xmin>365</xmin>
            <ymin>150</ymin>
            <xmax>459</xmax>
            <ymax>238</ymax>
        </bndbox>
    </object>
    <object>
        <name>lego</name>
        <difficult>0</difficult>
        <bndbox>
            <xmin>260</xmin>
            <ymin>243</ymin>
            <xmax>316</xmax>
            <ymax>289</ymax>
        </bndbox>
    </object>
    <object>
        <name>lego</name>
        <difficult>0</difficult>
        <bndbox>
            <xmin>0</xmin>
            <ymin>249</ymin>
            <xmax>166</xmax>
            <ymax>329</ymax>
        </bndbox>
    </object>
</annotation>