<?xml version='1.0' encoding='utf-8'?>
<annotation>
    <folder>BrickRay</folder>
    <filename>0aafa264-db43-11eb-9a61-3497f683a169.jpg</filename>
    <size>
        <width>600</width>
        <height>600</height>
        <depth>3</depth>
    </size>
    <object>
        <name>lego</name>
        <difficult>0</difficult>
        <bndbox>
            <xmin>239</xmin>
            <ymin>176</ymin>
            <xmax>341</xmax>
            <ymax>244</ymax>
        </bndbox>
    </object>
    <object>
        <name>lego</name>
        <difficult>0</difficult>
        <bndbox>
            <xmin>0</xmin>
            <ymin>184</ymin>
            <xmax>248</xmax>
            <ymax>379</ymax>
        </bndbox>
    </object>
    <object>
        <name>lego</name>
        <difficult>0</difficult>
        <bndbox>
            <xmin>1</xmin>
            <ymin>288</ymin>
            <xmax>106</xmax>
            <ymax>402</ymax>
        </bndbox>
    </object>
    <object>
        <name>lego</name>
        <difficult>0</difficult>
        <bndbox>
            <xmin>453</xmin>
            <ymin>218</ymin>
            <xmax>600</xmax>
            <ymax>338</ymax>
        </bndbox>
    </object>
</annotation>