<?xml version='1.0' encoding='utf-8'?>
<annotation>
    <folder>BrickRay</folder>
    <filename>0aafb434-e461-11eb-85a0-b0c090bd3910.jpg</filename>
    <size>
        <width>600</width>
        <height>600</height>
        <depth>3</depth>
    </size>
    <object>
        <name>lego</name>
        <difficult>0</difficult>
        <bndbox>
            <xmin>334</xmin>
            <ymin>183</ymin>
            <xmax>557</xmax>
            <ymax>399</ymax>
        </bndbox>
    </object>
    <object>
        <name>lego</name>
        <difficult>0</difficult>
        <bndbox>
            <xmin>314</xmin>
            <ymin>241</ymin>
            <xmax>438</xmax>
            <ymax>371</ymax>
        </bndbox>
    </object>
    <object>
        <name>lego</name>
        <difficult>0</difficult>
        <bndbox>
            <xmin>44</xmin>
            <ymin>493</ymin>
            <xmax>151</xmax>
            <ymax>599</ymax>
        </bndbox>
    </object>
    <object>
        <name>lego</name>
        <difficult>0</difficult>
        <bndbox>
            <xmin>197</xmin>
            <ymin>0</ymin>
            <xmax>490</xmax>
            <ymax>216</ymax>
        </bndbox>
    </object>
</annotation>