<?xml version='1.0' encoding='utf-8'?>
<annotation>
    <folder>BrickRay</folder>
    <filename>0ab07658-d9be-11eb-bf43-3497f683a169.jpg</filename>
    <size>
        <width>600</width>
        <height>600</height>
        <depth>3</depth>
    </size>
    <object>
        <name>lego</name>
        <difficult>0</difficult>
        <bndbox>
            <xmin>0</xmin>
            <ymin>70</ymin>
            <xmax>69</xmax>
            <ymax>126</ymax>
        </bndbox>
    </object>
    <object>
        <name>lego</name>
        <difficult>0</difficult>
        <bndbox>
            <xmin>35</xmin>
            <ymin>437</ymin>
            <xmax>127</xmax>
            <ymax>577</ymax>
        </bndbox>
    </object>
    <object>
        <name>lego</name>
        <difficult>0</difficult>
        <bndbox>
            <xmin>545</xmin>
            <ymin>17</ymin>
            <xmax>600</xmax>
            <ymax>437</ymax>
        </bndbox>
    </object>
    <object>
        <name>lego</name>
        <difficult>0</difficult>
        <bndbox>
            <xmin>493</xmin>
            <ymin>407</ymin>
            <xmax>542</xmax>
            <ymax>469</ymax>
        </bndbox>
    </object>
</annotation>