<?xml version='1.0' encoding='utf-8'?>
<annotation>
    <folder>BrickRay</folder>
    <filename>0ab07b36-da3f-11eb-8dd2-3497f683a169.jpg</filename>
    <size>
        <width>600</width>
        <height>600</height>
        <depth>3</depth>
    </size>
    <object>
        <name>lego</name>
        <difficult>0</difficult>
        <bndbox>
            <xmin>493</xmin>
            <ymin>183</ymin>
            <xmax>577</xmax>
            <ymax>244</ymax>
        </bndbox>
    </object>
    <object>
        <name>lego</name>
        <difficult>0</difficult>
        <bndbox>
            <xmin>123</xmin>
            <ymin>57</ymin>
            <xmax>216</xmax>
            <ymax>185</ymax>
        </bndbox>
    </object>
    <object>
        <name>lego</name>
        <difficult>0</difficult>
        <bndbox>
            <xmin>0</xmin>
            <ymin>120</ymin>
            <xmax>82</xmax>
            <ymax>198</ymax>
        </bndbox>
    </object>
    <object>
        <name>lego</name>
        <difficult>0</difficult>
        <bndbox>
            <xmin>497</xmin>
            <ymin>463</ymin>
            <xmax>599</xmax>
            <ymax>534</ymax>
        </bndbox>
    </object>
</annotation>