<?xml version='1.0' encoding='utf-8'?>
<annotation>
    <folder>BrickRay</folder>
    <filename>0ab078e2-e4a4-11eb-9680-b0c090bd3910.jpg</filename>
    <size>
        <width>600</width>
        <height>600</height>
        <depth>3</depth>
    </size>
    <object>
        <name>lego</name>
        <difficult>0</difficult>
        <bndbox>
            <xmin>422</xmin>
            <ymin>231</ymin>
            <xmax>463</xmax>
            <ymax>266</ymax>
        </bndbox>
    </object>
    <object>
        <name>lego</name>
        <difficult>0</difficult>
        <bndbox>
            <xmin>0</xmin>
            <ymin>295</ymin>
            <xmax>58</xmax>
            <ymax>342</ymax>
        </bndbox>
    </object>
    <object>
        <name>lego</name>
        <difficult>0</difficult>
        <bndbox>
            <xmin>217</xmin>
            <ymin>313</ymin>
            <xmax>322</xmax>
            <ymax>410</ymax>
        </bndbox>
    </object>
    <object>
        <name>lego</name>
        <difficult>0</difficult>
        <bndbox>
            <xmin>532</xmin>
            <ymin>178</ymin>
            <xmax>599</xmax>
            <ymax>269</ymax>
        </bndbox>
    </object>
</annotation>