<?xml version='1.0' encoding='utf-8'?>
<annotation>
    <folder>BrickRay</folder>
    <filename>0ab07b2e-d9d3-11eb-92d8-3497f683a169.jpg</filename>
    <size>
        <width>600</width>
        <height>600</height>
        <depth>3</depth>
    </size>
    <object>
        <name>lego</name>
        <difficult>0</difficult>
        <bndbox>
            <xmin>140</xmin>
            <ymin>143</ymin>
            <xmax>255</xmax>
            <ymax>252</ymax>
        </bndbox>
    </object>
    <object>
        <name>lego</name>
        <difficult>0</difficult>
        <bndbox>
            <xmin>0</xmin>
            <ymin>289</ymin>
            <xmax>84</xmax>
            <ymax>369</ymax>
        </bndbox>
    </object>
    <object>
        <name>lego</name>
        <difficult>0</difficult>
        <bndbox>
            <xmin>548</xmin>
            <ymin>395</ymin>
            <xmax>600</xmax>
            <ymax>438</ymax>
        </bndbox>
    </object>
    <object>
        <name>lego</name>
        <difficult>0</difficult>
        <bndbox>
            <xmin>321</xmin>
            <ymin>216</ymin>
            <xmax>356</xmax>
            <ymax>252</ymax>
        </bndbox>
    </object>
</annotation>