<?xml version='1.0' encoding='utf-8'?>
<annotation>
    <folder>BrickRay</folder>
    <filename>0ab1ebae-e47e-11eb-b586-b0c090bd3910.jpg</filename>
    <size>
        <width>600</width>
        <height>600</height>
        <depth>3</depth>
    </size>
    <object>
        <name>lego</name>
        <difficult>0</difficult>
        <bndbox>
            <xmin>266</xmin>
            <ymin>3</ymin>
            <xmax>531</xmax>
            <ymax>171</ymax>
        </bndbox>
    </object>
    <object>
        <name>lego</name>
        <difficult>0</difficult>
        <bndbox>
            <xmin>0</xmin>
            <ymin>103</ymin>
            <xmax>173</xmax>
            <ymax>202</ymax>
        </bndbox>
    </object>
    <object>
        <name>lego</name>
        <difficult>0</difficult>
        <bndbox>
            <xmin>270</xmin>
            <ymin>275</ymin>
            <xmax>599</xmax>
            <ymax>594</ymax>
        </bndbox>
    </object>
    <object>
        <name>lego</name>
        <difficult>0</difficult>
        <bndbox>
            <xmin>359</xmin>
            <ymin>208</ymin>
            <xmax>412</xmax>
            <ymax>261</ymax>
        </bndbox>
    </object>
</annotation>