<?xml version='1.0' encoding='utf-8'?>
<annotation>
    <folder>BrickRay</folder>
    <filename>0ab15346-db05-11eb-8fb1-3497f683a169.jpg</filename>
    <size>
        <width>600</width>
        <height>600</height>
        <depth>3</depth>
    </size>
    <object>
        <name>lego</name>
        <difficult>0</difficult>
        <bndbox>
            <xmin>0</xmin>
            <ymin>15</ymin>
            <xmax>136</xmax>
            <ymax>91</ymax>
        </bndbox>
    </object>
    <object>
        <name>lego</name>
        <difficult>0</difficult>
        <bndbox>
            <xmin>376</xmin>
            <ymin>123</ymin>
            <xmax>563</xmax>
            <ymax>381</ymax>
        </bndbox>
    </object>
    <object>
        <name>lego</name>
        <difficult>0</difficult>
        <bndbox>
            <xmin>380</xmin>
            <ymin>261</ymin>
            <xmax>600</xmax>
            <ymax>580</ymax>
        </bndbox>
    </object>
    <object>
        <name>lego</name>
        <difficult>0</difficult>
        <bndbox>
            <xmin>127</xmin>
            <ymin>57</ymin>
            <xmax>178</xmax>
            <ymax>425</ymax>
        </bndbox>
    </object>
</annotation>