<?xml version='1.0' encoding='utf-8'?>
<annotation>
    <folder>BrickRay</folder>
    <filename>0ab17d86-e475-11eb-ab68-b0c090bd3910.jpg</filename>
    <size>
        <width>600</width>
        <height>600</height>
        <depth>3</depth>
    </size>
    <object>
        <name>lego</name>
        <difficult>0</difficult>
        <bndbox>
            <xmin>168</xmin>
            <ymin>214</ymin>
            <xmax>342</xmax>
            <ymax>600</ymax>
        </bndbox>
    </object>
    <object>
        <name>lego</name>
        <difficult>0</difficult>
        <bndbox>
            <xmin>270</xmin>
            <ymin>209</ymin>
            <xmax>474</xmax>
            <ymax>302</ymax>
        </bndbox>
    </object>
    <object>
        <name>lego</name>
        <difficult>0</difficult>
        <bndbox>
            <xmin>170</xmin>
            <ymin>0</ymin>
            <xmax>213</xmax>
            <ymax>61</ymax>
        </bndbox>
    </object>
    <object>
        <name>lego</name>
        <difficult>0</difficult>
        <bndbox>
            <xmin>130</xmin>
            <ymin>25</ymin>
            <xmax>201</xmax>
            <ymax>72</ymax>
        </bndbox>
    </object>
</annotation>