<?xml version='1.0' encoding='utf-8'?>
<annotation>
    <folder>BrickRay</folder>
    <filename>0ab194c2-d954-11eb-8ee9-b0c090bd3910.jpg</filename>
    <size>
        <width>600</width>
        <height>600</height>
        <depth>3</depth>
    </size>
    <object>
        <name>lego</name>
        <difficult>0</difficult>
        <bndbox>
            <xmin>491</xmin>
            <ymin>146</ymin>
            <xmax>532</xmax>
            <ymax>189</ymax>
        </bndbox>
    </object>
    <object>
        <name>lego</name>
        <difficult>0</difficult>
        <bndbox>
            <xmin>523</xmin>
            <ymin>250</ymin>
            <xmax>600</xmax>
            <ymax>306</ymax>
        </bndbox>
    </object>
    <object>
        <name>lego</name>
        <difficult>0</difficult>
        <bndbox>
            <xmin>433</xmin>
            <ymin>297</ymin>
            <xmax>503</xmax>
            <ymax>347</ymax>
        </bndbox>
    </object>
    <object>
        <name>lego</name>
        <difficult>0</difficult>
        <bndbox>
            <xmin>0</xmin>
            <ymin>340</ymin>
            <xmax>55</xmax>
            <ymax>418</ymax>
        </bndbox>
    </object>
</annotation>