<?xml version='1.0' encoding='utf-8'?>
<annotation>
    <folder>BrickRay</folder>
    <filename>0ab2d06e-e793-11eb-8c38-b0c090bd3910.jpg</filename>
    <size>
        <width>300</width>
        <height>300</height>
        <depth>3</depth>
    </size>
    <object>
        <name>lego</name>
        <difficult>0</difficult>
        <bndbox>
            <xmin>128</xmin>
            <ymin>46</ymin>
            <xmax>299</xmax>
            <ymax>174</ymax>
        </bndbox>
    </object>
    <object>
        <name>lego</name>
        <difficult>0</difficult>
        <bndbox>
            <xmin>0</xmin>
            <ymin>123</ymin>
            <xmax>130</xmax>
            <ymax>240</ymax>
        </bndbox>
    </object>
</annotation>