<?xml version='1.0' encoding='utf-8'?>
<annotation>
    <folder>BrickRay</folder>
    <filename>0ab281d0-d947-11eb-97ed-b0c090bd3910.jpg</filename>
    <size>
        <width>600</width>
        <height>600</height>
        <depth>3</depth>
    </size>
    <object>
        <name>lego</name>
        <difficult>0</difficult>
        <bndbox>
            <xmin>0</xmin>
            <ymin>304</ymin>
            <xmax>76</xmax>
            <ymax>438</ymax>
        </bndbox>
    </object>
    <object>
        <name>lego</name>
        <difficult>0</difficult>
        <bndbox>
            <xmin>408</xmin>
            <ymin>210</ymin>
            <xmax>494</xmax>
            <ymax>293</ymax>
        </bndbox>
    </object>
    <object>
        <name>lego</name>
        <difficult>0</difficult>
        <bndbox>
            <xmin>104</xmin>
            <ymin>134</ymin>
            <xmax>133</xmax>
            <ymax>166</ymax>
        </bndbox>
    </object>
    <object>
        <name>lego</name>
        <difficult>0</difficult>
        <bndbox>
            <xmin>308</xmin>
            <ymin>155</ymin>
            <xmax>600</xmax>
            <ymax>224</ymax>
        </bndbox>
    </object>
</annotation>