<?xml version='1.0' encoding='utf-8'?>
<annotation>
    <folder>BrickRay</folder>
    <filename>0ab24ab4-e7d0-11eb-aa01-b0c090bd3910.jpg</filename>
    <size>
        <width>300</width>
        <height>300</height>
        <depth>3</depth>
    </size>
    <object>
        <name>lego</name>
        <difficult>0</difficult>
        <bndbox>
            <xmin>0</xmin>
            <ymin>106</ymin>
            <xmax>186</xmax>
            <ymax>161</ymax>
        </bndbox>
    </object>
    <object>
        <name>lego</name>
        <difficult>0</difficult>
        <bndbox>
            <xmin>169</xmin>
            <ymin>140</ymin>
            <xmax>299</xmax>
            <ymax>186</ymax>
        </bndbox>
    </object>
</annotation>