<?xml version='1.0' encoding='utf-8'?>
<annotation>
    <folder>BrickRay</folder>
    <filename>0ab2afdc-db3f-11eb-aeba-3497f683a169.jpg</filename>
    <size>
        <width>600</width>
        <height>600</height>
        <depth>3</depth>
    </size>
    <object>
        <name>lego</name>
        <difficult>0</difficult>
        <bndbox>
            <xmin>45</xmin>
            <ymin>0</ymin>
            <xmax>182</xmax>
            <ymax>160</ymax>
        </bndbox>
    </object>
    <object>
        <name>lego</name>
        <difficult>0</difficult>
        <bndbox>
            <xmin>222</xmin>
            <ymin>255</ymin>
            <xmax>279</xmax>
            <ymax>315</ymax>
        </bndbox>
    </object>
    <object>
        <name>lego</name>
        <difficult>0</difficult>
        <bndbox>
            <xmin>395</xmin>
            <ymin>373</ymin>
            <xmax>540</xmax>
            <ymax>547</ymax>
        </bndbox>
    </object>
    <object>
        <name>lego</name>
        <difficult>0</difficult>
        <bndbox>
            <xmin>132</xmin>
            <ymin>439</ymin>
            <xmax>275</xmax>
            <ymax>599</ymax>
        </bndbox>
    </object>
</annotation>