<?xml version='1.0' encoding='utf-8'?>
<annotation>
    <folder>BrickRay</folder>
    <filename>0ab2b41e-e46a-11eb-85dc-b0c090bd3910.jpg</filename>
    <size>
        <width>600</width>
        <height>600</height>
        <depth>3</depth>
    </size>
    <object>
        <name>lego</name>
        <difficult>0</difficult>
        <bndbox>
            <xmin>398</xmin>
            <ymin>5</ymin>
            <xmax>510</xmax>
            <ymax>174</ymax>
        </bndbox>
    </object>
    <object>
        <name>lego</name>
        <difficult>0</difficult>
        <bndbox>
            <xmin>0</xmin>
            <ymin>32</ymin>
            <xmax>182</xmax>
            <ymax>354</ymax>
        </bndbox>
    </object>
    <object>
        <name>lego</name>
        <difficult>0</difficult>
        <bndbox>
            <xmin>209</xmin>
            <ymin>161</ymin>
            <xmax>319</xmax>
            <ymax>285</ymax>
        </bndbox>
    </object>
    <object>
        <name>lego</name>
        <difficult>0</difficult>
        <bndbox>
            <xmin>360</xmin>
            <ymin>374</ymin>
            <xmax>600</xmax>
            <ymax>591</ymax>
        </bndbox>
    </object>
</annotation>