<?xml version='1.0' encoding='utf-8'?>
<annotation>
    <folder>BrickRay</folder>
    <filename>0ab3db18-d9fd-11eb-8b04-3497f683a169.jpg</filename>
    <size>
        <width>600</width>
        <height>600</height>
        <depth>3</depth>
    </size>
    <object>
        <name>lego</name>
        <difficult>0</difficult>
        <bndbox>
            <xmin>0</xmin>
            <ymin>379</ymin>
            <xmax>165</xmax>
            <ymax>540</ymax>
        </bndbox>
    </object>
    <object>
        <name>lego</name>
        <difficult>0</difficult>
        <bndbox>
            <xmin>413</xmin>
            <ymin>360</ymin>
            <xmax>518</xmax>
            <ymax>513</ymax>
        </bndbox>
    </object>
    <object>
        <name>lego</name>
        <difficult>0</difficult>
        <bndbox>
            <xmin>216</xmin>
            <ymin>450</ymin>
            <xmax>302</xmax>
            <ymax>538</ymax>
        </bndbox>
    </object>
    <object>
        <name>lego</name>
        <difficult>0</difficult>
        <bndbox>
            <xmin>486</xmin>
            <ymin>53</ymin>
            <xmax>600</xmax>
            <ymax>195</ymax>
        </bndbox>
    </object>
</annotation>