<?xml version='1.0' encoding='utf-8'?>
<annotation>
    <folder>BrickRay</folder>
    <filename>0ab35636-d9d9-11eb-9b34-3497f683a169.jpg</filename>
    <size>
        <width>600</width>
        <height>600</height>
        <depth>3</depth>
    </size>
    <object>
        <name>lego</name>
        <difficult>0</difficult>
        <bndbox>
            <xmin>135</xmin>
            <ymin>375</ymin>
            <xmax>233</xmax>
            <ymax>476</ymax>
        </bndbox>
    </object>
    <object>
        <name>lego</name>
        <difficult>0</difficult>
        <bndbox>
            <xmin>336</xmin>
            <ymin>0</ymin>
            <xmax>365</xmax>
            <ymax>26</ymax>
        </bndbox>
    </object>
    <object>
        <name>lego</name>
        <difficult>0</difficult>
        <bndbox>
            <xmin>331</xmin>
            <ymin>497</ymin>
            <xmax>472</xmax>
            <ymax>600</ymax>
        </bndbox>
    </object>
    <object>
        <name>lego</name>
        <difficult>0</difficult>
        <bndbox>
            <xmin>270</xmin>
            <ymin>505</ymin>
            <xmax>335</xmax>
            <ymax>583</ymax>
        </bndbox>
    </object>
</annotation>