<?xml version='1.0' encoding='utf-8'?>
<annotation>
    <folder>BrickRay</folder>
    <filename>0ab4e18c-db67-11eb-bbb7-3497f683a169.jpg</filename>
    <size>
        <width>600</width>
        <height>600</height>
        <depth>3</depth>
    </size>
    <object>
        <name>lego</name>
        <difficult>0</difficult>
        <bndbox>
            <xmin>488</xmin>
            <ymin>262</ymin>
            <xmax>600</xmax>
            <ymax>371</ymax>
        </bndbox>
    </object>
    <object>
        <name>lego</name>
        <difficult>0</difficult>
        <bndbox>
            <xmin>86</xmin>
            <ymin>10</ymin>
            <xmax>138</xmax>
            <ymax>155</ymax>
        </bndbox>
    </object>
    <object>
        <name>lego</name>
        <difficult>0</difficult>
        <bndbox>
            <xmin>0</xmin>
            <ymin>476</ymin>
            <xmax>158</xmax>
            <ymax>587</ymax>
        </bndbox>
    </object>
    <object>
        <name>lego</name>
        <difficult>0</difficult>
        <bndbox>
            <xmin>402</xmin>
            <ymin>414</ymin>
            <xmax>462</xmax>
            <ymax>506</ymax>
        </bndbox>
    </object>
</annotation>