<?xml version='1.0' encoding='utf-8'?>
<annotation>
    <folder>BrickRay</folder>
    <filename>0ab43b82-db77-11eb-9843-3497f683a169.jpg</filename>
    <size>
        <width>600</width>
        <height>600</height>
        <depth>3</depth>
    </size>
    <object>
        <name>lego</name>
        <difficult>0</difficult>
        <bndbox>
            <xmin>422</xmin>
            <ymin>294</ymin>
            <xmax>599</xmax>
            <ymax>460</ymax>
        </bndbox>
    </object>
    <object>
        <name>lego</name>
        <difficult>0</difficult>
        <bndbox>
            <xmin>282</xmin>
            <ymin>149</ymin>
            <xmax>364</xmax>
            <ymax>222</ymax>
        </bndbox>
    </object>
    <object>
        <name>lego</name>
        <difficult>0</difficult>
        <bndbox>
            <xmin>236</xmin>
            <ymin>113</ymin>
            <xmax>319</xmax>
            <ymax>193</ymax>
        </bndbox>
    </object>
    <object>
        <name>lego</name>
        <difficult>0</difficult>
        <bndbox>
            <xmin>0</xmin>
            <ymin>226</ymin>
            <xmax>150</xmax>
            <ymax>298</ymax>
        </bndbox>
    </object>
</annotation>