<?xml version='1.0' encoding='utf-8'?>
<annotation>
    <folder>BrickRay</folder>
    <filename>0ab5bd28-db36-11eb-8e70-3497f683a169.jpg</filename>
    <size>
        <width>600</width>
        <height>600</height>
        <depth>3</depth>
    </size>
    <object>
        <name>lego</name>
        <difficult>0</difficult>
        <bndbox>
            <xmin>425</xmin>
            <ymin>57</ymin>
            <xmax>551</xmax>
            <ymax>158</ymax>
        </bndbox>
    </object>
    <object>
        <name>lego</name>
        <difficult>0</difficult>
        <bndbox>
            <xmin>92</xmin>
            <ymin>473</ymin>
            <xmax>183</xmax>
            <ymax>599</ymax>
        </bndbox>
    </object>
    <object>
        <name>lego</name>
        <difficult>0</difficult>
        <bndbox>
            <xmin>413</xmin>
            <ymin>67</ymin>
            <xmax>454</xmax>
            <ymax>123</ymax>
        </bndbox>
    </object>
    <object>
        <name>lego</name>
        <difficult>0</difficult>
        <bndbox>
            <xmin>188</xmin>
            <ymin>0</ymin>
            <xmax>315</xmax>
            <ymax>42</ymax>
        </bndbox>
    </object>
</annotation>