<?xml version='1.0' encoding='utf-8'?>
<annotation>
    <folder>BrickRay</folder>
    <filename>0ab5384a-e5fb-11eb-9b57-b0c090bd3910.jpg</filename>
    <size>
        <width>300</width>
        <height>300</height>
        <depth>3</depth>
    </size>
    <object>
        <name>lego</name>
        <difficult>0</difficult>
        <bndbox>
            <xmin>95</xmin>
            <ymin>247</ymin>
            <xmax>207</xmax>
            <ymax>300</ymax>
        </bndbox>
    </object>
    <object>
        <name>lego</name>
        <difficult>0</difficult>
        <bndbox>
            <xmin>139</xmin>
            <ymin>0</ymin>
            <xmax>193</xmax>
            <ymax>59</ymax>
        </bndbox>
    </object>
</annotation>