<?xml version='1.0' encoding='utf-8'?>
<annotation>
    <folder>BrickRay</folder>
    <filename>0ab5a4da-db27-11eb-b8aa-3497f683a169.jpg</filename>
    <size>
        <width>600</width>
        <height>600</height>
        <depth>3</depth>
    </size>
    <object>
        <name>lego</name>
        <difficult>0</difficult>
        <bndbox>
            <xmin>322</xmin>
            <ymin>102</ymin>
            <xmax>427</xmax>
            <ymax>180</ymax>
        </bndbox>
    </object>
    <object>
        <name>lego</name>
        <difficult>0</difficult>
        <bndbox>
            <xmin>0</xmin>
            <ymin>153</ymin>
            <xmax>221</xmax>
            <ymax>272</ymax>
        </bndbox>
    </object>
    <object>
        <name>lego</name>
        <difficult>0</difficult>
        <bndbox>
            <xmin>284</xmin>
            <ymin>142</ymin>
            <xmax>512</xmax>
            <ymax>178</ymax>
        </bndbox>
    </object>
    <object>
        <name>lego</name>
        <difficult>0</difficult>
        <bndbox>
            <xmin>538</xmin>
            <ymin>414</ymin>
            <xmax>600</xmax>
            <ymax>477</ymax>
        </bndbox>
    </object>
</annotation>