<?xml version='1.0' encoding='utf-8'?>
<annotation>
    <folder>BrickRay</folder>
    <filename>0ab56f2c-e452-11eb-8a1f-b0c090bd3910.jpg</filename>
    <size>
        <width>600</width>
        <height>600</height>
        <depth>3</depth>
    </size>
    <object>
        <name>lego</name>
        <difficult>0</difficult>
        <bndbox>
            <xmin>172</xmin>
            <ymin>206</ymin>
            <xmax>360</xmax>
            <ymax>284</ymax>
        </bndbox>
    </object>
    <object>
        <name>lego</name>
        <difficult>0</difficult>
        <bndbox>
            <xmin>0</xmin>
            <ymin>476</ymin>
            <xmax>191</xmax>
            <ymax>591</ymax>
        </bndbox>
    </object>
    <object>
        <name>lego</name>
        <difficult>0</difficult>
        <bndbox>
            <xmin>139</xmin>
            <ymin>5</ymin>
            <xmax>447</xmax>
            <ymax>293</ymax>
        </bndbox>
    </object>
    <object>
        <name>lego</name>
        <difficult>0</difficult>
        <bndbox>
            <xmin>303</xmin>
            <ymin>447</ymin>
            <xmax>600</xmax>
            <ymax>581</ymax>
        </bndbox>
    </object>
</annotation>