<?xml version='1.0' encoding='utf-8'?>
<annotation>
    <folder>BrickRay</folder>
    <filename>0ab68238-e5d4-11eb-b7d1-b0c090bd3910.jpg</filename>
    <size>
        <width>300</width>
        <height>300</height>
        <depth>3</depth>
    </size>
    <object>
        <name>lego</name>
        <difficult>0</difficult>
        <bndbox>
            <xmin>111</xmin>
            <ymin>24</ymin>
            <xmax>261</xmax>
            <ymax>271</ymax>
        </bndbox>
    </object>
    <object>
        <name>lego</name>
        <difficult>0</difficult>
        <bndbox>
            <xmin>0</xmin>
            <ymin>98</ymin>
            <xmax>299</xmax>
            <ymax>211</ymax>
        </bndbox>
    </object>
</annotation>