<?xml version='1.0' encoding='utf-8'?>
<annotation>
    <folder>BrickRay</folder>
    <filename>0ab669c0-e3ad-11eb-b3b0-b0c090bd3910.jpg</filename>
    <size>
        <width>600</width>
        <height>600</height>
        <depth>3</depth>
    </size>
    <object>
        <name>lego</name>
        <difficult>0</difficult>
        <bndbox>
            <xmin>165</xmin>
            <ymin>527</ymin>
            <xmax>235</xmax>
            <ymax>600</ymax>
        </bndbox>
    </object>
    <object>
        <name>lego</name>
        <difficult>0</difficult>
        <bndbox>
            <xmin>41</xmin>
            <ymin>53</ymin>
            <xmax>490</xmax>
            <ymax>165</ymax>
        </bndbox>
    </object>
    <object>
        <name>lego</name>
        <difficult>0</difficult>
        <bndbox>
            <xmin>291</xmin>
            <ymin>0</ymin>
            <xmax>386</xmax>
            <ymax>280</ymax>
        </bndbox>
    </object>
    <object>
        <name>lego</name>
        <difficult>0</difficult>
        <bndbox>
            <xmin>498</xmin>
            <ymin>109</ymin>
            <xmax>557</xmax>
            <ymax>168</ymax>
        </bndbox>
    </object>
</annotation>