<?xml version='1.0' encoding='utf-8'?>
<annotation>
    <folder>BrickRay</folder>
    <filename>0ab75fde-e5c1-11eb-9fd7-b0c090bd3910.jpg</filename>
    <size>
        <width>300</width>
        <height>300</height>
        <depth>3</depth>
    </size>
    <object>
        <name>lego</name>
        <difficult>0</difficult>
        <bndbox>
            <xmin>53</xmin>
            <ymin>0</ymin>
            <xmax>138</xmax>
            <ymax>111</ymax>
        </bndbox>
    </object>
    <object>
        <name>lego</name>
        <difficult>0</difficult>
        <bndbox>
            <xmin>152</xmin>
            <ymin>85</ymin>
            <xmax>244</xmax>
            <ymax>299</ymax>
        </bndbox>
    </object>
</annotation>