<?xml version='1.0' encoding='utf-8'?>
<annotation>
    <folder>BrickRay</folder>
    <filename>0ab78a82-daf4-11eb-bf26-3497f683a169.jpg</filename>
    <size>
        <width>600</width>
        <height>600</height>
        <depth>3</depth>
    </size>
    <object>
        <name>lego</name>
        <difficult>0</difficult>
        <bndbox>
            <xmin>183</xmin>
            <ymin>8</ymin>
            <xmax>579</xmax>
            <ymax>281</ymax>
        </bndbox>
    </object>
    <object>
        <name>lego</name>
        <difficult>0</difficult>
        <bndbox>
            <xmin>0</xmin>
            <ymin>230</ymin>
            <xmax>169</xmax>
            <ymax>586</ymax>
        </bndbox>
    </object>
    <object>
        <name>lego</name>
        <difficult>0</difficult>
        <bndbox>
            <xmin>385</xmin>
            <ymin>394</ymin>
            <xmax>599</xmax>
            <ymax>537</ymax>
        </bndbox>
    </object>
    <object>
        <name>lego</name>
        <difficult>0</difficult>
        <bndbox>
            <xmin>67</xmin>
            <ymin>169</ymin>
            <xmax>292</xmax>
            <ymax>251</ymax>
        </bndbox>
    </object>
</annotation>