<?xml version='1.0' encoding='utf-8'?>
<annotation>
    <folder>BrickRay</folder>
    <filename>0ab7328a-e4c9-11eb-9394-b0c090bd3910.jpg</filename>
    <size>
        <width>600</width>
        <height>600</height>
        <depth>3</depth>
    </size>
    <object>
        <name>lego</name>
        <difficult>0</difficult>
        <bndbox>
            <xmin>295</xmin>
            <ymin>430</ymin>
            <xmax>374</xmax>
            <ymax>530</ymax>
        </bndbox>
    </object>
    <object>
        <name>lego</name>
        <difficult>0</difficult>
        <bndbox>
            <xmin>345</xmin>
            <ymin>56</ymin>
            <xmax>534</xmax>
            <ymax>355</ymax>
        </bndbox>
    </object>
    <object>
        <name>lego</name>
        <difficult>0</difficult>
        <bndbox>
            <xmin>0</xmin>
            <ymin>423</ymin>
            <xmax>95</xmax>
            <ymax>526</ymax>
        </bndbox>
    </object>
    <object>
        <name>lego</name>
        <difficult>0</difficult>
        <bndbox>
            <xmin>477</xmin>
            <ymin>52</ymin>
            <xmax>599</xmax>
            <ymax>312</ymax>
        </bndbox>
    </object>
</annotation>