<?xml version='1.0' encoding='utf-8'?>
<annotation>
    <folder>BrickRay</folder>
    <filename>0ab70950-e4b7-11eb-975a-b0c090bd3910.jpg</filename>
    <size>
        <width>600</width>
        <height>600</height>
        <depth>3</depth>
    </size>
    <object>
        <name>lego</name>
        <difficult>0</difficult>
        <bndbox>
            <xmin>100</xmin>
            <ymin>480</ymin>
            <xmax>212</xmax>
            <ymax>600</ymax>
        </bndbox>
    </object>
    <object>
        <name>lego</name>
        <difficult>0</difficult>
        <bndbox>
            <xmin>464</xmin>
            <ymin>133</ymin>
            <xmax>504</xmax>
            <ymax>211</ymax>
        </bndbox>
    </object>
    <object>
        <name>lego</name>
        <difficult>0</difficult>
        <bndbox>
            <xmin>396</xmin>
            <ymin>88</ymin>
            <xmax>499</xmax>
            <ymax>190</ymax>
        </bndbox>
    </object>
    <object>
        <name>lego</name>
        <difficult>0</difficult>
        <bndbox>
            <xmin>232</xmin>
            <ymin>0</ymin>
            <xmax>336</xmax>
            <ymax>78</ymax>
        </bndbox>
    </object>
</annotation>