<?xml version='1.0' encoding='utf-8'?>
<annotation>
    <folder>BrickRay</folder>
    <filename>0ab836ca-e799-11eb-bb16-b0c090bd3910.jpg</filename>
    <size>
        <width>300</width>
        <height>300</height>
        <depth>3</depth>
    </size>
    <object>
        <name>lego</name>
        <difficult>0</difficult>
        <bndbox>
            <xmin>64</xmin>
            <ymin>194</ymin>
            <xmax>206</xmax>
            <ymax>300</ymax>
        </bndbox>
    </object>
    <object>
        <name>lego</name>
        <difficult>0</difficult>
        <bndbox>
            <xmin>98</xmin>
            <ymin>0</ymin>
            <xmax>253</xmax>
            <ymax>98</ymax>
        </bndbox>
    </object>
</annotation>