<?xml version='1.0' encoding='utf-8'?>
<annotation>
    <folder>BrickRay</folder>
    <filename>0ab89a8c-e65e-11eb-b874-b0c090bd3910.jpg</filename>
    <size>
        <width>300</width>
        <height>300</height>
        <depth>3</depth>
    </size>
    <object>
        <name>lego</name>
        <difficult>0</difficult>
        <bndbox>
            <xmin>84</xmin>
            <ymin>213</ymin>
            <xmax>240</xmax>
            <ymax>299</ymax>
        </bndbox>
    </object>
    <object>
        <name>lego</name>
        <difficult>0</difficult>
        <bndbox>
            <xmin>137</xmin>
            <ymin>0</ymin>
            <xmax>233</xmax>
            <ymax>106</ymax>
        </bndbox>
    </object>
</annotation>