<?xml version='1.0' encoding='utf-8'?>
<annotation>
    <folder>BrickRay</folder>
    <filename>0ab8ae02-e49f-11eb-8f9d-b0c090bd3910.jpg</filename>
    <size>
        <width>600</width>
        <height>600</height>
        <depth>3</depth>
    </size>
    <object>
        <name>lego</name>
        <difficult>0</difficult>
        <bndbox>
            <xmin>196</xmin>
            <ymin>399</ymin>
            <xmax>375</xmax>
            <ymax>544</ymax>
        </bndbox>
    </object>
    <object>
        <name>lego</name>
        <difficult>0</difficult>
        <bndbox>
            <xmin>564</xmin>
            <ymin>175</ymin>
            <xmax>600</xmax>
            <ymax>248</ymax>
        </bndbox>
    </object>
    <object>
        <name>lego</name>
        <difficult>0</difficult>
        <bndbox>
            <xmin>225</xmin>
            <ymin>38</ymin>
            <xmax>549</xmax>
            <ymax>166</ymax>
        </bndbox>
    </object>
    <object>
        <name>lego</name>
        <difficult>0</difficult>
        <bndbox>
            <xmin>0</xmin>
            <ymin>127</ymin>
            <xmax>94</xmax>
            <ymax>187</ymax>
        </bndbox>
    </object>
</annotation>