<?xml version='1.0' encoding='utf-8'?>
<annotation>
    <folder>BrickRay</folder>
    <filename>0ab88b6e-e797-11eb-87d0-b0c090bd3910.jpg</filename>
    <size>
        <width>300</width>
        <height>300</height>
        <depth>3</depth>
    </size>
    <object>
        <name>lego</name>
        <difficult>0</difficult>
        <bndbox>
            <xmin>0</xmin>
            <ymin>46</ymin>
            <xmax>122</xmax>
            <ymax>159</ymax>
        </bndbox>
    </object>
    <object>
        <name>lego</name>
        <difficult>0</difficult>
        <bndbox>
            <xmin>181</xmin>
            <ymin>152</ymin>
            <xmax>300</xmax>
            <ymax>237</ymax>
        </bndbox>
    </object>
</annotation>