<?xml version='1.0' encoding='utf-8'?>
<annotation>
    <folder>BrickRay</folder>
    <filename>0ab8e824-db02-11eb-a33c-3497f683a169.jpg</filename>
    <size>
        <width>600</width>
        <height>600</height>
        <depth>3</depth>
    </size>
    <object>
        <name>lego</name>
        <difficult>0</difficult>
        <bndbox>
            <xmin>493</xmin>
            <ymin>266</ymin>
            <xmax>600</xmax>
            <ymax>349</ymax>
        </bndbox>
    </object>
    <object>
        <name>lego</name>
        <difficult>0</difficult>
        <bndbox>
            <xmin>50</xmin>
            <ymin>422</ymin>
            <xmax>131</xmax>
            <ymax>476</ymax>
        </bndbox>
    </object>
    <object>
        <name>lego</name>
        <difficult>0</difficult>
        <bndbox>
            <xmin>0</xmin>
            <ymin>334</ymin>
            <xmax>46</xmax>
            <ymax>373</ymax>
        </bndbox>
    </object>
    <object>
        <name>lego</name>
        <difficult>0</difficult>
        <bndbox>
            <xmin>188</xmin>
            <ymin>81</ymin>
            <xmax>243</xmax>
            <ymax>126</ymax>
        </bndbox>
    </object>
</annotation>