<?xml version='1.0' encoding='utf-8'?>
<annotation>
    <folder>BrickRay</folder>
    <filename>0ab912b0-da3a-11eb-a0fd-3497f683a169.jpg</filename>
    <size>
        <width>600</width>
        <height>600</height>
        <depth>3</depth>
    </size>
    <object>
        <name>lego</name>
        <difficult>0</difficult>
        <bndbox>
            <xmin>281</xmin>
            <ymin>192</ymin>
            <xmax>351</xmax>
            <ymax>282</ymax>
        </bndbox>
    </object>
    <object>
        <name>lego</name>
        <difficult>0</difficult>
        <bndbox>
            <xmin>0</xmin>
            <ymin>311</ymin>
            <xmax>57</xmax>
            <ymax>361</ymax>
        </bndbox>
    </object>
    <object>
        <name>lego</name>
        <difficult>0</difficult>
        <bndbox>
            <xmin>272</xmin>
            <ymin>178</ymin>
            <xmax>293</xmax>
            <ymax>208</ymax>
        </bndbox>
    </object>
    <object>
        <name>lego</name>
        <difficult>0</difficult>
        <bndbox>
            <xmin>505</xmin>
            <ymin>313</ymin>
            <xmax>600</xmax>
            <ymax>389</ymax>
        </bndbox>
    </object>
</annotation>