<?xml version='1.0' encoding='utf-8'?>
<annotation>
    <folder>BrickRay</folder>
    <filename>0abafd78-db3a-11eb-9f6a-3497f683a169.jpg</filename>
    <size>
        <width>600</width>
        <height>600</height>
        <depth>3</depth>
    </size>
    <object>
        <name>lego</name>
        <difficult>0</difficult>
        <bndbox>
            <xmin>72</xmin>
            <ymin>121</ymin>
            <xmax>278</xmax>
            <ymax>282</ymax>
        </bndbox>
    </object>
    <object>
        <name>lego</name>
        <difficult>0</difficult>
        <bndbox>
            <xmin>172</xmin>
            <ymin>0</ymin>
            <xmax>210</xmax>
            <ymax>48</ymax>
        </bndbox>
    </object>
    <object>
        <name>lego</name>
        <difficult>0</difficult>
        <bndbox>
            <xmin>287</xmin>
            <ymin>342</ymin>
            <xmax>522</xmax>
            <ymax>600</ymax>
        </bndbox>
    </object>
    <object>
        <name>lego</name>
        <difficult>0</difficult>
        <bndbox>
            <xmin>96</xmin>
            <ymin>388</ymin>
            <xmax>174</xmax>
            <ymax>444</ymax>
        </bndbox>
    </object>
</annotation>