<?xml version='1.0' encoding='utf-8'?>
<annotation>
    <folder>BrickRay</folder>
    <filename>0aba8424-da3d-11eb-9209-3497f683a169.jpg</filename>
    <size>
        <width>600</width>
        <height>600</height>
        <depth>3</depth>
    </size>
    <object>
        <name>lego</name>
        <difficult>0</difficult>
        <bndbox>
            <xmin>465</xmin>
            <ymin>168</ymin>
            <xmax>538</xmax>
            <ymax>244</ymax>
        </bndbox>
    </object>
    <object>
        <name>lego</name>
        <difficult>0</difficult>
        <bndbox>
            <xmin>405</xmin>
            <ymin>40</ymin>
            <xmax>465</xmax>
            <ymax>89</ymax>
        </bndbox>
    </object>
    <object>
        <name>lego</name>
        <difficult>0</difficult>
        <bndbox>
            <xmin>556</xmin>
            <ymin>329</ymin>
            <xmax>599</xmax>
            <ymax>364</ymax>
        </bndbox>
    </object>
    <object>
        <name>lego</name>
        <difficult>0</difficult>
        <bndbox>
            <xmin>0</xmin>
            <ymin>438</ymin>
            <xmax>146</xmax>
            <ymax>539</ymax>
        </bndbox>
    </object>
</annotation>