<?xml version='1.0' encoding='utf-8'?>
<annotation>
    <folder>BrickRay</folder>
    <filename>0abb5194-d974-11eb-affc-b0c090bd3910.jpg</filename>
    <size>
        <width>600</width>
        <height>600</height>
        <depth>3</depth>
    </size>
    <object>
        <name>lego</name>
        <difficult>0</difficult>
        <bndbox>
            <xmin>13</xmin>
            <ymin>230</ymin>
            <xmax>103</xmax>
            <ymax>299</ymax>
        </bndbox>
    </object>
    <object>
        <name>lego</name>
        <difficult>0</difficult>
        <bndbox>
            <xmin>232</xmin>
            <ymin>0</ymin>
            <xmax>349</xmax>
            <ymax>57</ymax>
        </bndbox>
    </object>
    <object>
        <name>lego</name>
        <difficult>0</difficult>
        <bndbox>
            <xmin>79</xmin>
            <ymin>498</ymin>
            <xmax>170</xmax>
            <ymax>600</ymax>
        </bndbox>
    </object>
    <object>
        <name>lego</name>
        <difficult>0</difficult>
        <bndbox>
            <xmin>529</xmin>
            <ymin>385</ymin>
            <xmax>584</xmax>
            <ymax>501</ymax>
        </bndbox>
    </object>
</annotation>