<?xml version='1.0' encoding='utf-8'?>
<annotation>
    <folder>BrickRay</folder>
    <filename>0abc66b4-e7d4-11eb-95d6-b0c090bd3910.jpg</filename>
    <size>
        <width>300</width>
        <height>300</height>
        <depth>3</depth>
    </size>
    <object>
        <name>lego</name>
        <difficult>0</difficult>
        <bndbox>
            <xmin>49</xmin>
            <ymin>0</ymin>
            <xmax>291</xmax>
            <ymax>299</ymax>
        </bndbox>
    </object>
    <object>
        <name>lego</name>
        <difficult>0</difficult>
        <bndbox>
            <xmin>10</xmin>
            <ymin>94</ymin>
            <xmax>69</xmax>
            <ymax>140</ymax>
        </bndbox>
    </object>
</annotation>