<?xml version='1.0' encoding='utf-8'?>
<annotation>
    <folder>BrickRay</folder>
    <filename>0abccbc6-e661-11eb-9915-b0c090bd3910.jpg</filename>
    <size>
        <width>300</width>
        <height>300</height>
        <depth>3</depth>
    </size>
    <object>
        <name>lego</name>
        <difficult>0</difficult>
        <bndbox>
            <xmin>173</xmin>
            <ymin>124</ymin>
            <xmax>242</xmax>
            <ymax>194</ymax>
        </bndbox>
    </object>
    <object>
        <name>lego</name>
        <difficult>0</difficult>
        <bndbox>
            <xmin>0</xmin>
            <ymin>3</ymin>
            <xmax>300</xmax>
            <ymax>296</ymax>
        </bndbox>
    </object>
</annotation>