<?xml version='1.0' encoding='utf-8'?>
<annotation>
    <folder>BrickRay</folder>
    <filename>0abd5fec-e5c6-11eb-9ac6-b0c090bd3910.jpg</filename>
    <size>
        <width>300</width>
        <height>300</height>
        <depth>3</depth>
    </size>
    <object>
        <name>lego</name>
        <difficult>0</difficult>
        <bndbox>
            <xmin>32</xmin>
            <ymin>50</ymin>
            <xmax>299</xmax>
            <ymax>266</ymax>
        </bndbox>
    </object>
    <object>
        <name>lego</name>
        <difficult>0</difficult>
        <bndbox>
            <xmin>0</xmin>
            <ymin>22</ymin>
            <xmax>78</xmax>
            <ymax>82</ymax>
        </bndbox>
    </object>
</annotation>