<?xml version='1.0' encoding='utf-8'?>
<annotation>
    <folder>BrickRay</folder>
    <filename>0abdc2ee-d9cc-11eb-8cf3-3497f683a169.jpg</filename>
    <size>
        <width>600</width>
        <height>600</height>
        <depth>3</depth>
    </size>
    <object>
        <name>lego</name>
        <difficult>0</difficult>
        <bndbox>
            <xmin>225</xmin>
            <ymin>437</ymin>
            <xmax>386</xmax>
            <ymax>600</ymax>
        </bndbox>
    </object>
    <object>
        <name>lego</name>
        <difficult>0</difficult>
        <bndbox>
            <xmin>305</xmin>
            <ymin>0</ymin>
            <xmax>369</xmax>
            <ymax>100</ymax>
        </bndbox>
    </object>
    <object>
        <name>lego</name>
        <difficult>0</difficult>
        <bndbox>
            <xmin>353</xmin>
            <ymin>346</ymin>
            <xmax>453</xmax>
            <ymax>445</ymax>
        </bndbox>
    </object>
    <object>
        <name>lego</name>
        <difficult>0</difficult>
        <bndbox>
            <xmin>113</xmin>
            <ymin>28</ymin>
            <xmax>234</xmax>
            <ymax>134</ymax>
        </bndbox>
    </object>
</annotation>