<?xml version='1.0' encoding='utf-8'?>
<annotation>
    <folder>BrickRay</folder>
    <filename>0abd88dc-e306-11eb-b5b0-b0c090bd3910.jpg</filename>
    <size>
        <width>600</width>
        <height>600</height>
        <depth>3</depth>
    </size>
    <object>
        <name>lego</name>
        <difficult>0</difficult>
        <bndbox>
            <xmin>373</xmin>
            <ymin>523</ymin>
            <xmax>438</xmax>
            <ymax>599</ymax>
        </bndbox>
    </object>
    <object>
        <name>lego</name>
        <difficult>0</difficult>
        <bndbox>
            <xmin>78</xmin>
            <ymin>444</ymin>
            <xmax>278</xmax>
            <ymax>563</ymax>
        </bndbox>
    </object>
    <object>
        <name>lego</name>
        <difficult>0</difficult>
        <bndbox>
            <xmin>124</xmin>
            <ymin>0</ymin>
            <xmax>221</xmax>
            <ymax>63</ymax>
        </bndbox>
    </object>
    <object>
        <name>lego</name>
        <difficult>0</difficult>
        <bndbox>
            <xmin>471</xmin>
            <ymin>156</ymin>
            <xmax>535</xmax>
            <ymax>213</ymax>
        </bndbox>
    </object>
</annotation>