<?xml version='1.0' encoding='utf-8'?>
<annotation>
    <folder>BrickRay</folder>
    <filename>0abd3f80-daff-11eb-8755-3497f683a169.jpg</filename>
    <size>
        <width>600</width>
        <height>600</height>
        <depth>3</depth>
    </size>
    <object>
        <name>lego</name>
        <difficult>0</difficult>
        <bndbox>
            <xmin>0</xmin>
            <ymin>77</ymin>
            <xmax>172</xmax>
            <ymax>317</ymax>
        </bndbox>
    </object>
    <object>
        <name>lego</name>
        <difficult>0</difficult>
        <bndbox>
            <xmin>523</xmin>
            <ymin>202</ymin>
            <xmax>582</xmax>
            <ymax>277</ymax>
        </bndbox>
    </object>
    <object>
        <name>lego</name>
        <difficult>0</difficult>
        <bndbox>
            <xmin>410</xmin>
            <ymin>112</ymin>
            <xmax>600</xmax>
            <ymax>544</ymax>
        </bndbox>
    </object>
    <object>
        <name>lego</name>
        <difficult>0</difficult>
        <bndbox>
            <xmin>136</xmin>
            <ymin>39</ymin>
            <xmax>187</xmax>
            <ymax>110</ymax>
        </bndbox>
    </object>
</annotation>